fecha,acceleration_x,acceleration_y,acceleration_z,magnitud_aceleracion,anomaly_score,is_outlier,cluster_id
2025-01-02 01:12:20,3.9241934,11.128099,-1.1571851,11.856347,0.44728979573348776,1,-1
2025-01-02 17:01:45,3.873788,11.105021,-0.9502354,11.799605,0.40113664783935676,1,-1
2025-01-02 04:11:50,3.934187,11.343456,-1.0518419,12.052311,0.3959353033694625,1,-1
2025-01-03 15:05:30,3.9457421,11.192784,-0.83912915,11.897539,0.3954164932653567,1,-1
2025-01-03 14:57:10,3.8215506,11.213552,-0.85728747,11.877834,0.38262894471813863,1,-1
2025-01-03 00:27:35,3.9924033,11.360228,-0.7564639,12.065085,0.382623372848612,1,-1
2025-01-02 09:46:20,1.2959543,14.025286,0.25619942,14.087362,0.3808679732915112,1,-1
2025-01-03 09:00:35,-4.145122,7.51796,0.70242417,8.613661,0.37830074448255113,1,-1
2025-01-02 02:12:10,-4.1363416,10.1934595,-2.0046744,11.18189,0.3748502457713631,1,-1
2025-01-02 00:56:40,3.8486369,11.257694,-1.4804928,11.989143,0.37481773264738477,1,-1
2025-01-03 12:16:10,0.52112657,9.2328205,-3.676348,9.951487,0.3688730095683029,1,-1
2025-01-03 10:30:40,3.6024272,11.383052,-1.2662488,12.006446,0.36376501463997224,1,-1
2025-01-01 21:02:10,3.974508,6.807004,-0.6219268,7.9068837,0.36159749005820896,1,-1
2025-01-01 13:47:25,3.7990398,10.932551,-1.2041309,11.636293,0.3565612575221181,1,-1
2025-01-02 00:38:35,3.8962982,11.825749,-1.1405131,12.503209,0.35299177524629466,1,-1
2025-01-02 16:30:50,-2.6980574,13.882862,-2.0522497,14.290734,0.35045249188823185,1,-1
2025-01-03 09:08:15,3.5784016,11.358533,-1.4704671,11.999312,0.3494201517768543,1,-1
2025-01-02 04:26:55,3.9675405,10.271706,0.5124144,11.023243,0.3480129408743293,1,-1
2025-01-02 14:33:45,-1.0566943,14.019483,0.8291288,14.083677,0.34790532527907136,1,-1
2025-01-01 06:02:35,0.6367431,12.323588,-3.7180605,12.887989,0.3473377746058308,1,-1
2025-01-02 01:14:00,-1.6888056,13.981321,1.1231735,14.1276655,0.34460726046672197,1,-1
2025-01-02 09:21:40,-4.1799226,6.639928,-1.9453639,8.083615,0.3441277527546154,1,-1
2025-01-01 01:23:15,1.0220246,7.188006,2.4801557,7.6722317,0.34211497406401675,1,-1
2025-01-03 05:56:55,0.5276432,12.209466,-3.7619026,12.786766,0.3408089957042639,1,-1
2025-01-01 16:08:20,1.620631,13.929576,0.25038624,14.02577,0.34025008073348134,1,-1
2025-01-01 08:41:45,1.6807365,13.842258,0.035417788,13.943968,0.34003301629675065,1,-1
2025-01-01 17:18:35,3.585228,11.540048,-1.4017141,12.16517,0.34000463809812564,1,-1
2025-01-03 00:50:20,0.2941959,11.34609,2.4752352,11.616673,0.33930856773783,1,-1
2025-01-02 23:20:00,3.61579,11.227599,-1.3120979,11.868215,0.3385936452923139,1,-1
2025-01-01 08:00:55,0.3805343,9.369854,-3.7689817,10.106641,0.3377228142095584,1,-1
2025-01-02 23:30:05,-2.4127448,11.31891,-3.7715685,12.172255,0.3364308733948654,1,-1
2025-01-02 05:16:10,-4.1119947,11.989459,-0.20033717,12.676583,0.3360266819896958,1,-1
2025-01-01 10:36:05,-4.1542745,7.428075,0.87514746,8.555711,0.33488793193893174,1,-1
2025-01-01 22:16:35,0.97092783,12.1682005,-3.7541854,12.771129,0.3337204955686877,1,-1
2025-01-02 17:30:40,-4.0617957,7.437523,0.56984174,8.493506,0.3332714100232064,1,-1
2025-01-03 06:18:05,-1.2171898,13.990915,0.9994765,14.079283,0.33303865921470377,1,-1
2025-01-01 06:29:35,0.1739362,9.138881,-3.7096536,9.86463,0.332418129114419,1,-1
2025-01-01 20:36:30,-2.159922,11.583493,-3.6388667,12.3322315,0.3323117432018771,1,-1
2025-01-02 13:29:35,-2.2722175,10.632699,2.5044334,11.157484,0.3321016017425468,1,-1
2025-01-03 15:39:15,3.9151387,11.263881,-0.6322832,11.941654,0.33174978641886926,1,-1
2025-01-03 17:04:20,3.8880627,11.446227,-0.7823932,12.113847,0.33166894804699115,1,-1
2025-01-02 13:37:45,-1.7240639,13.992665,1.4214563,14.169954,0.3301214701659712,1,-1
2025-01-02 08:03:55,1.4112705,14.052,-2.4893541,14.340407,0.32936397526978595,1,-1
2025-01-02 05:20:10,1.351279,13.8782625,0.4541487,13.951286,0.3291895528357463,1,-1
2025-01-01 03:34:35,-2.2736382,14.046798,1.3257772,14.291244,0.3289513366463739,1,-1
2025-01-03 06:05:05,-1.9344926,13.920849,-0.7393083,14.07405,0.3289495169007697,1,-1
2025-01-01 17:35:45,-2.2371314,14.0207615,-0.4643187,14.205707,0.3281168831336247,1,-1
2025-01-01 09:25:25,0.60127044,12.314266,-3.6756546,12.8651905,0.3280075480534101,1,-1
2025-01-01 23:42:50,-4.1617346,9.854416,0.8657237,10.732149,0.32694029672011266,1,-1
2025-01-02 18:58:40,1.3942239,8.501659,2.4769347,8.964223,0.32637088834404976,1,-1
2025-01-03 04:22:00,3.8921485,10.992899,-0.804766,11.689323,0.32594034983974635,1,-1
2025-01-01 23:03:30,-2.0645378,11.645055,-3.7225497,12.398669,0.32562746134119885,1,-1
2025-01-01 16:19:35,1.2955654,14.049208,-2.7950015,14.383002,0.32548711528238483,1,-1
2025-01-03 18:43:45,0.8858229,14.032899,0.57125163,14.07243,0.3251992838963123,1,-1
2025-01-02 19:26:15,-2.2908218,10.194478,-3.6577525,11.070429,0.32514306419413785,1,-1
2025-01-02 04:46:10,2.1106093,14.000207,-2.046332,14.305521,0.3246246529212346,1,-1
2025-01-03 06:49:50,1.0656039,10.064641,-3.6896389,10.772462,0.3243402837974951,1,-1
2025-01-01 12:47:00,-4.1457686,7.804542,0.8154376,8.874865,0.3235089437801378,1,-1
2025-01-03 13:50:05,3.991351,11.771503,1.3477311,12.502622,0.32252151109289234,1,-1
2025-01-03 19:56:05,-0.2600784,13.9295435,-2.733107,14.197524,0.3223727827012571,1,-1
2025-01-01 12:35:35,1.532419,13.72586,0.1277659,13.8117285,0.3212703224777508,1,-1
2025-01-03 17:53:55,0.6419825,9.030105,-3.7614484,9.803235,0.3209212535793019,1,-1
2025-01-01 10:11:50,3.8497274,10.4326935,-1.1310467,11.1776905,0.32082334173729876,1,-1
2025-01-02 19:04:15,-4.16894,10.060416,0.92631084,10.929323,0.3205366538844044,1,-1
2025-01-01 00:58:55,3.7294207,11.319059,-1.9364563,12.07392,0.3195701253418663,1,-1
2025-01-02 11:30:35,-4.1270156,7.341517,-0.67854846,8.449293,0.31855934591939206,1,-1
2025-01-02 16:03:10,-0.87742704,14.037359,0.6623736,14.080343,0.31834126790833894,1,-1
2025-01-02 12:58:10,3.985925,10.659228,-2.2335582,11.59722,0.31589932851506863,1,-1
2025-01-03 02:13:25,1.7809323,8.721101,2.3427505,9.204227,0.3156869964562035,1,-1
2025-01-01 20:10:25,-1.5437868,9.508589,2.4824815,9.947826,0.31529295048976336,1,-1
2025-01-03 16:35:50,-4.132258,7.4471264,-1.3124553,8.617296,0.31528643592901073,1,-1
2025-01-01 10:19:25,3.9325657,9.231449,-1.5801318,10.157831,0.31462204860539184,1,-1
2025-01-03 05:38:35,-2.4914713,13.889112,-2.1331902,14.271138,0.3140279236053236,1,-1
2025-01-01 07:44:00,-4.111851,7.6005893,0.35142398,8.648686,0.312710861962186,1,-1
2025-01-01 02:06:25,3.9855204,8.777001,-0.8561441,9.677454,0.3120828768325926,1,-1
2025-01-02 16:15:20,0.6576043,11.603501,-3.749776,12.212064,0.3115701323744204,1,-1
2025-01-02 21:10:00,3.5179033,11.272768,-1.2071781,11.870477,0.31086746519376635,1,-1
2025-01-03 12:57:45,3.8203442,11.939664,0.4462562,12.543913,0.31077750645363744,1,-1
2025-01-02 10:00:30,-4.034429,7.163478,-0.50658756,8.23703,0.31044305456930826,1,-1
2025-01-03 14:55:35,-1.942359,11.273444,-3.625311,12.000258,0.31025479974890313,1,-1
2025-01-02 00:20:25,-2.9207795,14.021122,-1.8234265,14.437717,0.3098242545567472,1,-1
2025-01-03 16:46:05,3.932257,7.263571,-0.6834571,8.287896,0.3097548691488571,1,-1
2025-01-01 01:53:25,-0.98115313,7.7662606,-3.7749655,8.690675,0.3096271516987686,1,-1
2025-01-01 08:05:10,-4.1193285,6.4400883,-1.5104352,7.792626,0.30923625488954243,1,-1
2025-01-03 13:37:50,0.99331707,5.223171,-1.531633,5.5330005,0.30855570770073215,1,-1
2025-01-02 14:34:25,-2.2039297,14.027964,-2.1456158,14.361223,0.30829284273163754,1,-1
2025-01-03 18:01:35,3.9865577,8.931494,-0.63752925,9.801564,0.30815943184899586,1,-1
2025-01-01 02:22:05,3.982616,8.311361,-0.6867493,9.241838,0.3077166042984121,1,-1
2025-01-03 17:43:40,-4.1289825,7.2455363,0.19762625,8.341784,0.3071389064445985,1,-1
2025-01-02 19:54:00,0.27870965,11.429267,2.4355922,11.689223,0.3069890031359453,1,-1
2025-01-01 09:52:45,-2.5019178,10.859102,2.469527,11.41395,0.30679731168875124,1,-1
2025-01-02 16:31:30,-2.1970987,13.972306,-1.5206538,14.225504,0.30671254676841586,1,-1
2025-01-03 09:18:35,0.19013965,5.3816533,-1.8386903,5.690266,0.306607077460259,1,-1
2025-01-01 23:22:00,3.9638302,12.11561,0.7080919,12.767198,0.3060313984245534,1,-1
2025-01-02 12:40:40,-0.24161842,5.2142167,1.4569534,5.419331,0.30578559984093256,1,-1
2025-01-01 17:39:30,-1.8118231,10.6993475,2.4789155,11.1312065,0.30557367756308806,1,-1
2025-01-01 09:36:00,2.2805014,8.342692,2.476583,8.996369,0.30527179401579,1,-1
2025-01-03 15:44:45,-1.6870053,12.681494,-3.6076684,13.292161,0.3052548116934515,1,-1
2025-01-03 08:37:50,1.9601582,13.886266,0.081251375,14.024165,0.3052487505495678,1,-1
2025-01-02 12:30:10,1.9794652,8.543105,2.3816628,9.087092,0.30518810516226463,1,-1
2025-01-03 10:04:20,-0.82367826,5.252318,-1.0828217,5.4256606,0.30499194978468613,1,-1
2025-01-02 03:38:40,-2.6872928,14.016686,-2.2167172,14.44309,0.3047451476107159,1,-1
2025-01-02 06:29:10,3.9490092,10.274702,0.8105655,11.037264,0.30460962693302246,1,-1
2025-01-01 16:48:50,-4.103686,9.933281,0.0071426877,10.747574,0.3041052753687611,1,-1
2025-01-02 21:29:05,-1.9524344,5.227863,0.47263232,5.6005297,0.30403347161501065,1,-1
2025-01-03 04:34:55,2.536622,10.798198,2.489567,11.36809,0.3037702620062051,1,-1
2025-01-03 08:37:35,-2.8404248,5.220884,-1.377649,6.101111,0.30355601338175603,1,-1
2025-01-03 16:03:25,1.6691027,11.996491,2.3723068,12.342186,0.3021368192422291,1,-1
2025-01-01 19:32:00,-4.1695595,10.271636,0.15784585,11.086778,0.3016403546102407,1,-1
2025-01-01 04:29:50,3.9882116,12.206936,1.2122222,12.899015,0.3015010330835144,1,-1
2025-01-03 17:06:35,1.2644533,13.997579,-2.6751876,14.3069105,0.3013127575042899,1,-1
2025-01-03 06:46:05,-4.1790266,10.769863,-0.37187955,11.558223,0.3008267663737136,1,-1
2025-01-02 02:33:10,1.0723448,11.090692,-3.4227855,11.656279,0.2999496312598428,1,-1
2025-01-02 00:03:45,-4.0774775,6.7876363,-2.1959617,8.21706,0.29951185953557236,1,-1
2025-01-02 20:51:10,-1.8917404,5.3117037,-0.20929176,5.6424003,0.2985884954512841,1,-1
2025-01-01 19:31:40,3.928786,10.218699,-0.5012739,10.9594,0.29849043092338035,1,-1
2025-01-02 09:53:55,3.827536,9.213524,-1.521257,10.092238,0.29829037423323734,1,-1
2025-01-02 05:24:45,-0.9651805,13.074427,-1.0703036,13.153622,0.29821759594381325,1,-1
2025-01-03 19:20:25,-0.06266239,11.330578,2.4883354,11.600764,0.29787116841160205,1,-1
2025-01-03 19:31:50,1.3719652,10.479888,-3.717798,11.204123,0.29762326988902316,1,-1
2025-01-01 10:08:05,3.8689487,7.070889,-0.37520957,8.068892,0.2973380323531314,1,-1
2025-01-02 14:05:45,3.869655,7.0180225,-0.38084963,8.0232115,0.29688864423415134,1,-1
2025-01-02 03:45:50,-1.9603224,11.255112,2.4930995,11.693415,0.2966699432200065,1,-1
2025-01-02 20:55:40,-4.162173,9.528668,0.45578715,10.408023,0.2965614587456982,1,-1
2025-01-03 01:17:30,0.008733662,13.872778,-2.6565115,14.12484,0.2962230907060284,1,-1
2025-01-03 16:05:25,-4.108215,12.077805,-0.11774364,12.757926,0.2961961137610078,1,-1
2025-01-02 09:20:50,-2.1202962,13.976648,-0.3125665,14.140016,0.29592848108527275,1,-1
2025-01-03 08:47:05,3.962331,12.286011,1.2916425,12.973607,0.2958987563690068,1,-1
2025-01-03 09:33:30,-2.1184115,13.825977,-0.87069786,14.014401,0.2958207362979501,1,-1
2025-01-01 03:35:05,2.6367185,14.022091,1.4105161,14.337395,0.295495984981566,1,-1
2025-01-02 19:39:25,-4.136853,8.128382,0.9064675,9.165469,0.2951968140828962,1,-1
2025-01-03 02:10:40,-4.0994306,7.1871696,0.21684799,8.276941,0.2951125260917536,1,-1
2025-01-03 09:19:25,-1.0449531,13.279924,-2.1407778,13.491896,0.2945383138404569,1,-1
2025-01-03 04:10:35,1.3935448,8.802981,2.4625943,9.246557,0.29393729034655697,1,-1
2025-01-01 03:30:00,3.879291,11.076426,-2.326156,11.96441,0.2933706829879994,1,-1
2025-01-03 17:11:40,-2.3407183,13.876186,-0.2675991,14.074769,0.2933349139056814,1,-1
2025-01-01 07:57:55,-2.0158212,13.465295,-1.3168658,13.678883,0.29319176598918034,1,-1
2025-01-03 16:47:55,-2.2522707,10.565551,2.4950738,11.087335,0.2930905442255712,1,-1
2025-01-02 06:59:05,-0.7765917,6.5908813,2.47131,7.0816793,0.2927918843067891,1,-1
2025-01-02 07:56:00,-1.7105564,12.474544,-3.6349251,13.105454,0.2922801147865588,1,-1
2025-01-03 00:54:15,-2.3576283,11.440625,-3.5270948,12.201915,0.2920020142000681,1,-1
2025-01-01 07:35:30,3.979442,10.580353,-2.27025,11.529695,0.2915380883889468,1,-1
2025-01-01 05:33:35,1.4250566,12.020713,-3.7553372,12.674025,0.29153122621155597,1,-1
2025-01-01 04:05:55,3.9102533,10.817154,-1.4485688,11.593069,0.2913026504899932,1,-1
2025-01-02 19:10:45,3.9085221,12.1639385,0.55001026,12.788294,0.29111651065042365,1,-1
2025-01-03 10:47:00,3.5849204,10.904453,-1.1758771,11.538693,0.2908605744277663,1,-1
2025-01-03 16:10:15,-0.45271704,12.391501,2.4519835,12.639876,0.2904837845985883,1,-1
2025-01-02 07:10:40,0.040900964,12.765428,2.4683673,13.001948,0.2903092057372917,1,-1
2025-01-01 13:01:20,3.6129718,11.477686,-1.6415797,12.144365,0.29012305949929573,1,-1
2025-01-03 06:03:30,0.9005771,11.936628,-3.7317,12.538729,0.2901003384330947,1,-1
2025-01-03 18:50:55,-0.016384946,7.428408,2.3702993,7.797425,0.2900615696768034,1,-1
2025-01-02 10:28:25,-4.0936627,7.0485044,-0.23184505,8.154338,0.2899331951903974,1,-1
2025-01-01 07:31:35,-4.1034846,11.985818,0.025766877,12.668824,0.2897173518949848,1,-1
2025-01-01 05:48:00,-0.50627947,5.5359893,-0.7710701,5.612312,0.28937103559176397,1,-1
2025-01-02 01:41:35,-2.4083881,13.8872,1.404837,14.1643305,0.28918764086227977,1,-1
2025-01-03 07:51:20,-0.93269044,5.409861,-1.0954967,5.5979123,0.288797672947954,1,-1
2025-01-01 18:38:35,2.0612192,11.829728,2.3457248,12.234931,0.28869499628398365,1,-1
2025-01-03 06:15:05,3.6602364,11.195191,-1.9808915,11.943768,0.2886339949347083,1,-1
2025-01-03 00:08:55,-1.2696116,14.032077,1.6327521,14.183687,0.288629006130615,1,-1
2025-01-03 02:22:35,-3.9686832,7.6792674,0.55957514,8.662258,0.288350933829456,1,-1
2025-01-01 22:39:30,3.913724,9.441871,-1.6482718,10.352921,0.28834767215052454,1,-1
2025-01-01 12:26:50,-4.112747,9.011898,0.7365755,9.933355,0.28824001408206745,1,-1
2025-01-03 19:03:25,-2.7479346,13.935073,-0.09656543,14.203758,0.2876746903226051,1,-1
2025-01-03 10:14:15,1.7894875,5.5941906,0.16192937,5.8756666,0.2876624060930356,1,-1
2025-01-03 07:48:35,3.427734,11.475419,-1.4545223,12.06442,0.2875006201290803,1,-1
2025-01-03 05:22:00,0.54063475,14.006034,0.62718797,14.03049,0.28741218623026177,1,-1
2025-01-02 05:37:25,-1.5524235,12.338255,2.489104,12.6821995,0.2873956664839442,1,-1
2025-01-01 06:29:20,-2.0957448,11.312863,-3.592029,12.053038,0.28728467677891445,1,-1
2025-01-01 03:58:50,0.41217425,13.926975,-2.8312123,14.217815,0.28715184193393023,1,-1
2025-01-02 06:18:30,2.0112782,10.236429,-3.7138174,11.073489,0.2870996349017426,1,-1
2025-01-01 02:52:25,-1.9380424,11.633846,-3.7857227,12.386851,0.2869611109221334,1,-1
2025-01-02 20:29:05,-1.0067939,8.8156805,2.4864233,9.214779,0.2867279559578076,1,-1
2025-01-01 06:40:50,-3.8772447,7.549507,0.8537282,8.529768,0.2867126948265427,1,-1
2025-01-01 23:31:55,1.468839,14.04223,-0.1594045,14.119741,0.2866089519036289,1,-1
2025-01-01 08:56:15,0.5149944,11.250423,2.4033191,11.51578,0.28659598895361754,1,-1
2025-01-03 07:30:25,-1.8787998,13.775286,1.1184928,13.947739,0.2865214652011584,1,-1
2025-01-01 14:24:30,-1.4766601,12.868414,2.4621894,13.184801,0.28591739239327907,1,-1
2025-01-01 12:43:10,-1.3433021,13.744543,0.53279006,13.820303,0.28572788106172325,1,-1
2025-01-01 08:18:25,3.2355165,9.242114,-1.5894675,9.920264,0.28505461469249327,1,-1
2025-01-03 11:17:40,-1.230563,5.8132873,-0.28108293,5.9487476,0.28443011423686454,1,-1
2025-01-01 23:23:35,-2.313315,13.555361,-1.3525797,13.817695,0.28435362099338746,1,-1
2025-01-03 02:44:35,3.546508,9.386736,-1.6064794,10.16215,0.2838990933127846,1,-1
2025-01-03 03:36:50,-4.112463,7.3320045,-0.8121203,8.44572,0.2834870095412644,1,-1
2025-01-03 14:21:40,1.6961423,12.660267,-3.7246382,13.305344,0.2834492612686632,1,-1
2025-01-01 23:58:45,-4.155269,10.597131,0.6344262,11.400349,0.2833155784941562,1,-1
2025-01-01 04:08:25,0.80476,10.99013,2.471956,11.293412,0.2832148832499806,1,-1
2025-01-01 02:22:50,0.8263613,13.902737,0.5396448,13.937725,0.2831826546685222,1,-1
2025-01-03 09:09:25,-4.01269,8.845032,0.61212003,9.731956,0.28265774942611593,1,-1
2025-01-02 22:47:10,-2.1465044,13.937256,-1.0823224,14.143055,0.28259634034371534,1,-1
2025-01-02 23:41:25,-2.6638641,5.4095607,0.4436576,6.046185,0.28246976751368924,1,-1
2025-01-02 22:13:40,3.6143577,10.406638,0.5913707,11.0322895,0.282041798671399,1,-1
2025-01-01 15:41:10,3.9402165,6.724088,0.42022786,7.804823,0.28175876165200114,1,-1
2025-01-01 20:01:50,3.841106,11.639942,-0.87184215,12.288305,0.2817473672973228,1,-1
2025-01-01 21:28:45,-3.8494368,10.292279,-1.8919694,11.150279,0.28164228857888557,1,-1
2025-01-01 10:16:15,-4.1696296,10.348811,-1.7757703,11.297657,0.2815171930947888,1,-1
2025-01-03 09:22:55,-1.6560007,12.741036,-3.7471404,13.383475,0.28138934357525597,1,-1
2025-01-01 07:14:30,1.0991225,9.630466,-3.7645721,10.398363,0.28106011247578755,1,-1
2025-01-02 21:11:40,2.1719372,13.939159,0.056503095,14.107469,0.2809495220667695,1,-1
2025-01-01 12:57:55,-1.1881855,14.020278,0.093402684,14.070846,0.28062748697482703,1,-1
2025-01-01 23:34:45,3.768635,10.543693,-1.2470784,11.266201,0.28032864241529787,1,-1
2025-01-02 00:56:55,-2.047745,11.066452,-3.7286642,11.855908,0.27942121786465973,1,-1
2025-01-03 17:15:35,-1.0684134,12.869929,-1.2504698,12.974601,0.27883165701845275,1,-1
2025-01-02 10:31:35,-1.5883936,10.79986,2.405232,11.177885,0.27876140504215835,1,-1
2025-01-02 07:03:25,-0.2706682,14.032141,-1.7318487,14.1412,0.2786256853767383,1,-1
2025-01-03 06:57:35,2.410971,13.969397,-2.1737263,14.341615,0.27858107123079223,1,-1
2025-01-03 16:09:20,-2.4913414,9.35414,-3.7751517,10.390307,0.2785808121264055,1,-1
2025-01-03 09:55:50,1.514028,5.2575216,-1.9687544,5.81462,0.27848680332804576,1,-1
2025-01-03 03:32:35,-2.7983034,14.004369,-0.3071735,14.28451,0.27842324616717223,1,-1
2025-01-02 12:45:10,1.1117809,12.226897,2.4344125,12.516366,0.27801970793644987,1,-1
2025-01-02 23:41:20,-2.0126438,10.386532,-3.6759405,11.200148,0.2779263232894,1,-1
2025-01-02 03:22:30,3.9358015,12.151643,0.10417182,12.77356,0.2778691710422119,1,-1
2025-01-02 09:39:45,0.4393786,13.926004,0.52178836,13.942701,0.2778183814352387,1,-1
2025-01-01 14:51:20,3.8581405,10.209975,-0.50820833,10.926441,0.27780788188024497,1,-1
2025-01-02 17:34:50,3.841131,10.302638,0.33667,11.000545,0.27763654706117713,1,-1
2025-01-01 19:33:10,3.743719,11.464714,-0.8279296,12.088861,0.27748363694638856,1,-1
2025-01-03 14:00:55,-4.111432,9.039378,0.74755937,9.958568,0.27719193119560637,1,-1
2025-01-01 01:18:45,0.482779,5.279474,0.5217759,5.3271165,0.27712515932949594,1,-1
2025-01-03 19:55:30,3.9924223,10.627941,-1.809197,11.496337,0.27696576064954453,1,-1
2025-01-02 09:08:40,-1.1449262,5.299164,-1.7224506,5.6884823,0.27694169473684477,1,-1
2025-01-02 18:08:20,0.07915645,5.454284,-1.8433598,5.757904,0.276588619876669,1,-1
2025-01-02 12:24:10,-4.099576,6.9616203,-0.35222408,8.086701,0.2764130912602745,1,-1
2025-01-03 16:13:05,-1.1261716,12.141667,2.4766717,12.442759,0.27637411927105865,1,-1
2025-01-02 06:59:40,-0.8574248,7.9440393,-3.540115,8.739299,0.27632569503259674,1,-1
2025-01-02 10:59:20,-0.037574764,8.880965,-3.7772012,9.650917,0.2763064689789946,1,-1
2025-01-02 18:08:10,-4.103901,6.6159277,-2.3342009,8.127791,0.27609806704377626,1,-1
2025-01-03 16:32:50,-4.105061,7.989591,-1.2881793,9.074387,0.27590823356822824,1,-1
2025-01-01 02:51:45,-2.4917533,13.77647,-1.6697364,14.099219,0.2755285557059691,1,-1
2025-01-01 12:03:55,-0.07107827,13.923684,-2.5156565,14.149295,0.275459740306475,1,-1
2025-01-03 09:01:20,0.7405919,11.111169,2.3790834,11.387124,0.27545271121410186,1,-1
2025-01-03 00:07:35,-2.2248209,5.2340527,0.19978584,5.6907864,0.2753809191255817,1,-1
2025-01-01 23:25:30,0.50244445,7.426221,2.2337468,7.771154,0.27507873052368637,1,-1
2025-01-02 10:11:45,1.9904126,5.376635,0.23133554,5.7378974,0.2750751168401915,1,-1
2025-01-02 15:52:20,3.8515124,8.062591,-1.9514031,9.1459,0.27498599994148565,1,-1
2025-01-03 04:53:30,0.0067729615,7.1118774,-3.7356658,8.033308,0.2747711349163878,1,-1
2025-01-03 01:40:25,-4.102595,7.526302,-1.1905235,8.654123,0.2746684980263296,1,-1
2025-01-02 18:04:05,-0.11385253,5.7366858,-0.78126806,5.7907605,0.27451933989184985,1,-1
2025-01-02 18:59:05,3.9795387,8.163495,-2.91319,9.537613,0.27451673190705694,1,-1
2025-01-01 20:25:35,3.8625689,10.507392,-1.4408764,11.287199,0.27446278107823124,1,-1
2025-01-03 07:39:30,1.9833707,5.2970653,0.41109926,5.6711254,0.27408211418121653,1,-1
2025-01-02 08:12:20,3.8285081,10.51122,0.31397706,11.191148,0.2740001696199252,1,-1
2025-01-03 12:20:50,0.6477793,7.6935954,2.4246228,8.092578,0.27388366987199625,1,-1
2025-01-01 11:09:30,3.8760378,8.285695,-0.35759705,9.154468,0.2738091141910982,1,-1
2025-01-01 17:49:20,3.8016815,11.345082,-2.3388593,12.191552,0.2737667529373953,1,-1
2025-01-02 23:10:00,-2.7256851,13.574114,-2.0331745,13.99356,0.27345961080964304,1,-1
2025-01-01 22:56:05,-4.178457,6.2813334,-0.35797223,7.552668,0.2734333908658897,1,-1
2025-01-03 03:32:15,-1.0849136,13.822267,0.52114064,13.87457,0.27341638211300495,1,-1
2025-01-01 08:55:05,3.9823701,12.06448,-2.8033876,13.010377,0.2733216079576928,1,-1
2025-01-03 04:54:15,-1.0021628,5.249604,0.8355405,5.4093256,0.27269761718417274,1,-1
2025-01-02 19:27:20,3.9866717,9.735107,-1.4778552,10.623084,0.2723028162146539,1,-1
2025-01-02 10:55:05,-1.6360255,14.023471,0.9347676,14.149491,0.2722473343653054,1,-1
2025-01-03 00:59:30,0.32877216,6.522824,-3.699877,7.5062914,0.2715512269071901,1,-1
2025-01-02 00:45:05,-4.1567936,12.20973,-1.3896534,12.97257,0.2714112915697631,1,-1
2025-01-01 17:17:10,-4.0088935,8.132473,0.96900827,9.118515,0.27133518939093243,1,-1
2025-01-02 01:11:15,0.6493077,6.4713783,-3.6907005,7.478075,0.271229027537172,1,-1
2025-01-03 17:02:00,3.7223656,11.784186,0.9089577,12.3914995,0.2711976916346844,1,-1
2025-01-02 10:17:25,1.4377537,11.944616,2.4151394,12.270856,0.27061341041358655,1,-1
2025-01-01 05:23:25,-3.994452,6.870451,-2.1749294,8.239482,0.2704543007935657,1,-1
2025-01-03 21:04:10,-0.79238564,7.4981117,-3.6008024,8.355557,0.27038918168570686,1,-1
2025-01-03 15:50:00,3.9836273,10.188518,-1.7505804,11.078795,0.2703354105315095,1,-1
2025-01-01 04:27:50,2.5056314,10.330608,2.4384937,10.906233,0.2700453391610615,1,-1
2025-01-03 16:58:30,-4.103812,12.221797,1.1965301,12.94779,0.26990273305997997,1,-1
2025-01-01 12:39:30,1.7656895,5.4873943,-0.10736416,5.7654734,0.2698596805577383,1,-1
2025-01-01 11:44:35,-0.5449382,13.638953,-1.4974171,13.731725,0.2697605332685702,1,-1
2025-01-02 11:53:40,1.6936547,13.726353,-2.1994836,14.004248,0.26971623699592,1,-1
2025-01-02 13:31:05,2.6117215,5.2723155,-0.23852356,5.888573,0.269566967052092,1,-1
2025-01-03 15:31:10,0.31590447,11.707284,2.3763287,11.950198,0.2695654627287148,1,-1
2025-01-03 01:15:50,3.5618737,11.619254,0.35716125,12.15819,0.26951635764850057,1,-1
2025-01-02 22:03:25,3.962205,10.654824,-2.6506119,11.672622,0.2694321877835382,1,-1
2025-01-03 09:57:40,-2.7440116,11.878471,-3.6662378,12.730632,0.26937131667351477,1,-1
2025-01-03 13:09:05,2.6056995,5.2691526,-1.6830244,6.1144266,0.2692269275623188,1,-1
2025-01-03 01:23:45,2.1942897,10.81982,2.4520855,11.309118,0.26911045660684935,1,-1
2025-01-01 22:35:35,-0.7503299,5.326174,-1.073684,5.484881,0.26874517353428806,1,-1
2025-01-03 04:36:15,-0.54628175,5.2370625,-0.4646224,5.285936,0.26866739531127215,1,-1
2025-01-03 19:45:45,-0.41798836,13.973257,-2.4440944,14.191555,0.26853770724263665,1,-1
2025-01-02 06:47:20,-4.1228743,8.1916275,-2.613494,9.535786,0.2684936478665137,1,-1
2025-01-03 11:18:30,1.2333506,11.019545,-3.5799232,11.651925,0.2683873806286421,1,-1
2025-01-02 17:57:10,-2.9483805,5.595191,0.64189804,6.3569756,0.2683281506887331,1,-1
2025-01-03 03:41:10,-4.0417376,10.712146,0.2885925,11.452903,0.268282748983304,1,-1
2025-01-01 10:58:20,-0.79847467,13.008594,-0.7366514,13.053878,0.2682354369324133,1,-1
2025-01-01 04:13:45,3.7056713,11.73132,0.27740368,12.305804,0.2681327718784507,1,-1
2025-01-02 03:53:15,-0.8061416,12.535115,2.4488254,12.79749,0.26809195161981236,1,-1
2025-01-01 19:14:40,1.3228837,5.271885,-2.7590377,6.095497,0.2679686172902661,1,-1
2025-01-01 00:46:20,-1.9277287,5.361705,-0.14870499,5.6996603,0.26793169092149327,1,-1
2025-01-02 13:20:05,-0.98859143,5.3374205,-1.4930148,5.6297836,0.2677059754282259,1,-1
2025-01-01 22:12:40,3.9097843,6.5804477,-2.6767385,8.108862,0.2676855736313852,1,-1
2025-01-01 11:50:20,-1.4464623,13.887678,0.49596095,13.971608,0.2676832869473735,1,-1
2025-01-01 02:54:55,-0.38936913,5.2479486,-2.1148994,5.671452,0.2676487420078943,1,-1
2025-01-02 20:53:35,3.7410243,7.357461,0.33167467,8.260599,0.26761501741307353,1,-1
2025-01-03 11:09:20,-4.0611176,7.5879474,-1.4719511,8.7313385,0.26750205740378197,1,-1
2025-01-02 10:02:50,2.2846482,10.922117,2.482971,11.431422,0.26738610678251123,1,-1
2025-01-01 15:46:55,1.5787711,13.683648,-2.0399544,13.92466,0.2672122487691043,1,-1
2025-01-03 17:41:05,0.19115561,12.926676,2.3767633,13.144752,0.2669278036145574,1,-1
2025-01-01 14:48:25,1.8877066,11.923927,2.1833344,12.268269,0.26676438043882245,1,-1
2025-01-02 07:30:10,0.76217824,12.547901,-3.6288924,13.084327,0.2664632010479228,1,-1
2025-01-03 02:44:20,-1.7307779,9.849324,2.4867706,10.304795,0.26642492917308064,1,-1
2025-01-02 07:09:45,-0.86426216,14.0232,0.86549306,14.076441,0.26639882606736975,1,-1
2025-01-02 02:37:10,-1.2638757,13.62551,0.42175105,13.690499,0.2663373062132484,1,-1
2025-01-01 04:18:05,3.7776885,11.655648,-0.9659217,12.290568,0.26615740848194486,1,-1
2025-01-01 14:20:30,3.9101312,7.745716,-0.5321915,8.693012,0.26603552706547084,1,-1
2025-01-02 22:00:35,3.9228444,12.874925,-1.2091533,13.513491,0.2659455073671314,1,-1
2025-01-01 18:32:10,-2.6451507,9.886173,-3.669695,10.871978,0.2658788112654812,1,-1
2025-01-03 11:43:10,0.4536017,7.505846,2.2188585,7.840077,0.26581089038277683,1,-1
2025-01-01 19:25:25,-2.255655,7.2853317,-3.7445352,8.496209,0.26572951629121333,1,-1
2025-01-01 14:00:35,-1.1017836,6.1077,-0.14109473,6.207885,0.26569176256386545,1,-1
2025-01-02 05:29:30,-2.8374012,13.669023,-1.7742524,14.072703,0.2656078140255728,1,-1
2025-01-02 18:34:00,-3.9531972,11.28601,-1.208092,12.019204,0.26534746098114714,1,-1
2025-01-01 02:55:25,1.0785583,14.026793,-2.8997593,14.363941,0.2653302438170223,1,-1
2025-01-01 11:52:45,0.0740108,7.3610687,2.3848126,7.7380967,0.2653014293874604,1,-1
2025-01-01 04:10:55,0.77608263,9.337468,-3.330399,9.943952,0.2652721843564902,1,-1
2025-01-03 19:24:05,-4.035769,7.10068,-0.17099498,8.16923,0.2652208700400229,1,-1
2025-01-01 11:23:55,0.7753484,9.4704685,-3.407444,10.094633,0.2647418180032535,1,-1
2025-01-01 11:21:55,-0.33537853,5.2761726,-2.103294,5.6898437,0.2646575975161146,1,-1
2025-01-02 08:15:50,3.7548363,10.196887,-1.0043449,10.912561,0.2644194625050537,1,-1
2025-01-03 07:24:30,3.8033428,6.9759483,-0.3511519,7.953149,0.26438014831258877,1,-1
2025-01-01 13:14:35,1.1239535,5.367753,-1.706498,5.7435336,0.26424434370443967,1,-1
2025-01-01 01:41:15,-1.4667997,14.010155,0.41001025,14.092695,0.26418383053268424,1,-1
2025-01-01 15:19:10,3.821757,11.67877,-1.3813468,12.365582,0.264084409016982,1,-1
2025-01-01 19:09:10,2.058244,8.173648,-3.6964128,9.203714,0.26399588394709844,1,-1
2025-01-01 05:29:25,-4.111665,10.650135,0.85843486,11.448497,0.26355923476941673,1,-1
2025-01-02 01:20:50,-4.094534,6.315028,-1.6310548,7.7009826,0.2634045371859478,1,-1
2025-01-02 15:05:25,-1.3700895,13.843688,-2.108354,14.070182,0.26323206924911813,1,-1
2025-01-02 08:42:40,3.7986689,6.9679847,-0.58891726,7.957985,0.2632099370267056,1,-1
2025-01-01 07:20:30,-0.9440843,13.981193,0.5141773,14.022461,0.2629887852390818,1,-1
2025-01-02 21:02:20,-0.15473734,13.933167,-2.0801187,14.088434,0.2629078624825339,1,-1
2025-01-01 08:12:30,-1.7603015,10.728678,2.3789508,11.129357,0.26276166194087286,1,-1
2025-01-03 10:27:25,-1.5761054,13.968198,0.8693981,14.083697,0.2626616106182157,1,-1
2025-01-03 20:04:10,3.8802624,11.01205,-2.5439053,11.949608,0.26260117109455416,1,-1
2025-01-03 12:04:50,-4.137426,6.3778977,-2.1413248,7.8981733,0.26249046200269166,1,-1
2025-01-01 22:34:35,1.0895895,5.3592763,1.0328078,5.565585,0.2624159905861,1,-1
2025-01-02 14:24:20,3.844384,8.384033,-0.30404222,9.228421,0.2622391925979869,1,-1
2025-01-02 04:16:15,-4.0469894,9.593122,0.20877004,10.413918,0.2620355054832287,1,-1
2025-01-02 04:22:05,1.9632887,10.183574,-3.5366025,10.95752,0.26195015925281134,1,-1
2025-01-02 23:52:00,3.8721719,11.595682,-2.4866633,12.475458,0.26193490370539424,1,-1
2025-01-03 16:27:15,1.6063534,11.81981,2.2814865,12.144689,0.26189267566140895,1,-1
2025-01-01 15:31:30,-2.9168048,12.070468,-3.6890135,12.954257,0.26156898607365253,1,-1
2025-01-03 00:07:15,-1.5100638,9.503522,2.348316,9.905141,0.2614664810957626,1,-1
2025-01-03 10:23:35,-2.198452,5.7057743,-1.994973,6.431871,0.26125483174780945,1,-1
2025-01-03 05:44:45,3.51525,11.368677,-0.8586827,11.93068,0.26109126306014213,1,-1
2025-01-02 19:57:15,1.0914372,13.970353,-2.6752338,14.266005,0.26097487821026394,1,-1
2025-01-02 04:21:00,-2.88316,11.70092,-3.7105432,12.609214,0.2607715299806085,1,-1
2025-01-01 11:12:55,-2.2905257,14.037072,-2.5034652,14.441373,0.26066932807799276,1,-1
2025-01-02 17:18:35,-1.2745636,6.24857,0.114384614,6.378262,0.26066858109972224,1,-1
2025-01-02 22:09:50,-2.0063226,13.752501,-1.7969865,14.01377,0.2605014220342814,1,-1
2025-01-01 18:07:10,-1.5108377,5.654361,-0.41967526,5.8677554,0.2604888874504989,1,-1
2025-01-03 15:43:30,-1.1045395,5.9057884,-0.2866992,6.0150266,0.26046592244608896,1,-1
2025-01-03 08:27:00,-3.8050814,10.7837105,-0.39234,11.442071,0.2604647671553121,1,-1
2025-01-01 09:20:05,-1.9268277,11.289093,2.39365,11.699822,0.2603986788242335,1,-1
2025-01-03 00:15:20,-2.8934505,5.251074,0.68662006,6.034673,0.2603758521554249,1,-1
2025-01-02 23:19:55,2.145287,13.800246,-0.19039135,13.967294,0.2601111463461772,1,-1
2025-01-02 21:12:15,3.6182873,11.722805,-1.4254723,12.351038,0.2600752432374849,1,-1
2025-01-02 07:40:05,-1.353,5.7505875,-0.2879156,5.914623,0.26002335769889945,1,-1
2025-01-02 22:21:20,-2.4162555,6.477017,2.401082,7.3181443,0.2596801239478662,1,-1
2025-01-03 18:41:55,-1.6259447,13.821853,1.374994,13.984918,0.2596633787327623,1,-1
2025-01-02 19:34:50,-2.1190329,9.965728,-3.5183735,10.7789135,0.2594993772244401,1,-1
2025-01-02 06:33:20,3.8934345,12.304034,1.6271838,13.007528,0.259335816408021,1,-1
2025-01-02 03:26:25,-1.0455838,9.620495,-3.3307998,10.234324,0.2593018850724036,1,-1
2025-01-02 04:28:00,-0.0508748,13.773683,-1.9022856,13.904517,0.25917261081554543,1,-1
2025-01-01 20:48:25,-0.26144215,10.738998,1.656738,10.869186,0.259092717466486,1,-1
2025-01-01 17:50:30,-0.03703871,13.7528515,-0.92596215,13.784039,0.2590916740004285,1,-1
2025-01-03 18:05:35,-0.09783984,13.985153,-1.7205298,14.090929,0.25900707365264264,1,-1
2025-01-02 20:49:25,-1.6195368,12.114675,2.351637,12.446623,0.25897392104657185,1,-1
2025-01-02 20:32:15,-0.7021051,9.386387,2.4729047,9.732033,0.2589656855207841,1,-1
2025-01-03 14:49:55,-0.36552903,13.701024,-1.8266485,13.827086,0.25890191970230475,1,-1
2025-01-01 16:56:15,-1.558745,6.3237243,-3.3053875,7.30375,0.25885430611084076,1,-1
2025-01-01 03:44:15,-2.0823107,10.51438,-3.6655948,11.328053,0.2583543711676835,1,-1
2025-01-03 14:32:20,-1.3960489,5.295551,-0.91836697,5.5529456,0.25815336260671123,1,-1
2025-01-03 15:03:25,-2.3205273,13.834377,1.2205634,14.0806465,0.2581234547411152,1,-1
2025-01-03 10:40:20,3.912199,12.848566,-1.1624998,13.481185,0.2580169072400055,1,-1
2025-01-03 18:57:45,-4.0344505,6.6819186,-1.1873748,7.8952317,0.257854021829338,1,-1
2025-01-02 18:08:25,-4.1755166,11.57195,-1.5119419,12.394794,0.25773014958066215,1,-1
2025-01-03 00:07:00,-4.1334925,12.205704,-1.6257328,12.988763,0.25721768364207154,1,-1
2025-01-02 10:42:50,1.2722534,11.991325,2.4239516,12.299839,0.2571694310718062,1,-1
2025-01-01 13:34:45,3.765427,10.947133,-2.8039541,11.911352,0.25695358205109015,1,-1
2025-01-01 23:34:00,-4.116294,12.1952915,-1.1343875,12.92114,0.2569259541108822,1,-1
2025-01-02 21:28:50,3.987746,12.092881,1.5566642,12.828215,0.2568896254205577,1,-1
2025-01-02 14:57:00,-1.6080375,5.260024,0.35511005,5.5117817,0.2568236048262158,1,-1
2025-01-01 14:58:05,0.18702598,11.321455,2.2748287,11.54925,0.2566270356050909,1,-1
2025-01-01 14:13:35,-0.8536567,5.5442615,-0.82530624,5.669982,0.2564897464999522,1,-1
2025-01-01 20:54:10,-2.8073542,13.924029,-1.6943741,14.30492,0.2564525008966111,1,-1
2025-01-01 20:37:35,-1.165075,7.7297864,-3.559948,8.589541,0.2564038598517919,1,-1
2025-01-02 06:09:55,-4.015588,12.28368,-0.6840909,12.941473,0.2561410655362254,1,-1
2025-01-03 08:23:25,3.59398,7.2546062,0.37701178,8.104822,0.2560413056345404,1,-1
2025-01-01 04:31:35,0.93211854,5.572633,-1.6197934,5.8776536,0.2559360537160841,1,-1
2025-01-02 04:09:45,0.8783961,5.2404413,1.3306795,5.4776373,0.2558989361534802,1,-1
2025-01-01 00:36:10,-2.4995205,13.320556,-1.3043379,13.615657,0.2558785373960038,1,-1
2025-01-02 13:21:40,0.8391849,13.569309,0.6766342,13.6120615,0.255779319973866,1,-1
2025-01-01 04:22:55,-1.956426,13.558264,1.0613806,13.739747,0.2556620462401137,1,-1
2025-01-03 07:28:55,-2.822536,13.667618,-2.2181916,14.131202,0.2556157711010234,1,-1
2025-01-03 01:43:35,0.20390432,13.905969,0.528998,13.9175205,0.2554450268471162,1,-1
2025-01-03 05:34:40,1.1462176,12.111171,-3.5779643,12.68054,0.25541760749232245,1,-1
2025-01-03 10:08:30,-0.7523874,12.202229,2.4034705,12.459419,0.2553723549382099,1,-1
2025-01-03 07:10:55,3.9970326,12.294439,0.08033496,12.928108,0.2552752182989059,1,-1
2025-01-03 18:21:25,1.7110082,13.600207,-0.11865528,13.707928,0.2552442422995783,1,-1
2025-01-02 05:58:50,1.1898673,13.652241,0.82937527,13.729069,0.2552183434531563,1,-1
2025-01-03 13:12:15,-0.16634926,10.453283,2.0254126,10.648995,0.25519761403107594,1,-1
2025-01-03 10:50:15,-0.3082876,13.877528,-1.0942559,13.924017,0.2551948025415116,1,-1
2025-01-01 12:21:35,3.770794,8.825627,-1.0560402,9.655352,0.25497802259567287,1,-1
2025-01-01 07:08:10,2.5953336,13.823458,1.4576387,14.140313,0.25484280298563833,1,-1
2025-01-03 07:49:20,3.7962837,11.936767,-2.7675996,12.828008,0.2548101837656082,1,-1
2025-01-02 00:30:30,-1.1092082,5.398453,-1.7348067,5.777819,0.2547851035096318,1,-1
2025-01-01 23:33:40,-0.3013774,5.4271555,-0.86096054,5.5032806,0.2546640008974977,1,-1
2025-01-03 12:49:00,-1.1144868,9.467026,2.4904108,9.85235,0.25457768972625666,1,-1
2025-01-03 08:50:20,1.026572,10.84027,-3.6386836,11.48065,0.25434297367972486,1,-1
2025-01-01 10:32:45,1.7422081,10.297113,-3.6484725,11.062422,0.2543021799496212,1,-1
2025-01-03 06:57:05,-2.0634696,5.449683,0.522404,5.8506293,0.25426467007757325,1,-1
2025-01-03 12:58:10,3.3983388,11.278203,-1.6667398,11.89641,0.25414597904500524,1,-1
2025-01-02 15:11:35,3.7283783,10.078662,0.723565,10.770505,0.2540692995625901,1,-1
2025-01-02 21:23:55,-0.8416658,13.200314,-1.2402259,13.285136,0.25401432534809243,1,-1
2025-01-02 16:43:05,3.949565,12.82664,-2.3544235,13.625896,0.2540114593298985,1,-1
2025-01-02 04:30:10,2.8005538,12.802336,2.4825916,13.338147,0.2540077006366981,1,-1
2025-01-02 06:05:00,-2.0300508,13.789453,1.1215972,13.983136,0.25354225908669026,1,-1
2025-01-01 22:20:15,1.5744929,13.8386545,-2.7857804,14.203801,0.25343833965584067,1,-1
2025-01-01 00:11:50,2.1012692,8.587806,2.3281431,9.142537,0.253377855612793,1,-1
2025-01-01 15:40:35,-0.68255186,5.7477865,-0.7340104,5.8345265,0.2531777339248034,1,-1
2025-01-03 01:29:45,0.9977017,7.342198,2.3586056,7.776008,0.253057215646951,1,-1
2025-01-01 11:54:30,-2.0074801,13.558226,-1.4060959,13.777974,0.25278955351942667,1,-1
2025-01-01 22:06:50,3.7082622,11.57799,-0.63329834,12.173828,0.25264213780755757,1,-1
2025-01-01 21:24:35,-0.6106493,9.272517,-3.680859,9.995058,0.2523229518945033,1,-1
2025-01-02 07:11:45,0.3381982,6.9680386,-3.7433248,7.9170966,0.2522555965058179,1,-1
2025-01-02 02:02:25,-3.8705425,10.368774,-1.8288374,11.217719,0.2519961574701731,1,-1
2025-01-01 14:15:05,0.044585723,10.844488,2.3874276,11.104266,0.2519850457417788,1,-1
2025-01-03 09:38:00,0.65536255,9.039059,-3.5088606,9.718343,0.2519574782236667,1,-1
2025-01-01 11:02:35,1.0935366,13.860364,0.060258154,13.903565,0.2517832655777159,1,-1
2025-01-02 19:53:20,-0.063406035,7.644146,2.4557812,8.029187,0.25165691503900606,1,-1
2025-01-02 17:10:50,-1.9022399,14.036754,-0.17531307,14.166146,0.25165350048409246,1,-1
2025-01-02 18:31:20,1.7482318,5.279302,0.2938089,5.5689917,0.25164283252720854,1,-1
2025-01-01 05:49:30,-3.99053,12.277188,-1.4744283,12.993368,0.2515852873520017,1,-1
2025-01-03 10:34:25,3.9777963,7.1726727,-0.8792223,8.248826,0.25147247338642875,1,-1
2025-01-03 07:24:50,-0.043946225,14.010011,-2.861519,14.299322,0.25146380569856713,1,-1
2025-01-01 19:22:50,-1.0774784,13.431223,-0.967004,13.509027,0.25143885633781704,1,-1
2025-01-01 00:06:00,0.08604721,13.280333,0.3385568,13.284926,0.2513659309419028,1,-1
2025-01-03 07:26:10,3.349395,9.323568,-1.3358524,9.9965925,0.2513038813781844,1,-1
2025-01-02 19:59:20,3.7902935,6.673786,-0.40876955,7.6858854,0.25119166935411086,1,-1
2025-01-02 13:48:45,3.9903255,12.858594,-1.743698,13.575957,0.25097468409226603,1,-1
2025-01-02 22:55:00,-0.58951765,5.2783566,-0.4877461,5.3335238,0.2509396859625298,1,-1
2025-01-02 17:02:20,0.70402944,10.939957,2.4859464,11.240918,0.2508771198329956,1,-1
2025-01-03 15:22:40,-0.3564086,8.383105,2.264545,8.690894,0.2507961999978951,1,-1
2025-01-02 19:40:15,-3.8265367,9.957845,0.88206553,10.704162,0.25072825137268284,1,-1
2025-01-02 10:26:45,2.1489623,5.3022237,0.07337707,5.721626,0.25052202250207567,1,-1
2025-01-03 17:25:15,3.9839542,7.601036,-0.46276146,8.594289,0.2504814865459802,1,-1
2025-01-02 10:08:30,-2.7443068,13.741486,-0.067827314,14.013003,0.25043469210854535,1,-1
2025-01-01 05:43:25,-0.1481588,7.2380195,2.4747188,7.650824,0.2502491227627142,1,-1
2025-01-01 13:00:50,-1.7794721,13.87408,-1.1384073,14.033979,0.2502241388603292,1,-1
2025-01-03 19:36:00,3.9299088,8.289081,-0.16487709,9.174978,0.2502231297908855,1,-1
2025-01-02 04:16:35,3.7595267,6.638808,-0.19323134,7.6318507,0.25002340014042995,1,-1
2025-01-03 07:23:50,-4.181795,7.199859,-1.3839759,8.440425,0.2500135569050603,1,-1
2025-01-01 04:43:55,-2.1126437,9.551381,-3.5666184,10.412152,0.24977714048299765,1,-1
2025-01-03 04:11:55,-4.050511,12.265436,-0.72959673,12.937538,0.24972503011179434,1,-1
2025-01-02 22:25:25,0.8832986,5.218959,-0.39493468,5.3078923,0.249674829443392,1,-1
2025-01-01 20:21:30,3.7674477,11.782685,1.5482259,12.466849,0.24966840630023743,1,-1
2025-01-01 21:09:20,2.8807724,6.430226,2.4390924,7.4562607,0.24960174482261213,1,-1
2025-01-02 18:41:15,-2.284311,13.684239,-1.047579,13.913084,0.24950204597209535,1,-1
2025-01-01 08:11:00,3.691287,10.905503,-2.0329823,11.691391,0.24947456658333725,1,-1
2025-01-03 07:18:55,0.7481112,12.667738,-2.0664303,12.856959,0.24939099901168463,1,-1
2025-01-02 10:30:20,1.5687168,5.2633348,0.18757169,5.495339,0.249324813725462,1,-1
2025-01-03 09:19:50,-3.9973543,11.368832,-1.303,12.121345,0.2493179487782896,1,-1
2025-01-03 17:37:55,0.93234986,12.730232,-3.6857939,13.285826,0.24920477240827615,1,-1
2025-01-01 13:48:55,3.9882262,11.35677,-2.679787,12.3314,0.24914825404696286,1,-1
2025-01-01 13:46:35,-2.2733521,5.3273253,-2.1483326,6.1776905,0.24909831211835862,1,-1
2025-01-01 14:20:35,2.5133812,5.3111324,-1.7853012,6.141052,0.24902023617726976,1,-1
2025-01-03 18:35:15,-4.145076,12.232079,-1.1823376,12.969322,0.24890211158031292,1,-1
2025-01-01 06:45:50,-1.9323356,13.866272,-0.5837335,14.012429,0.2488505094317532,1,-1
2025-01-01 06:16:40,3.0598302,9.29948,-1.7085841,9.937916,0.24880098531547373,1,-1
2025-01-01 18:47:10,0.36514464,13.914253,-2.9238935,14.222831,0.2486295442992804,1,-1
2025-01-01 12:07:20,3.7277637,8.62993,-0.49582043,9.4137,0.24852934111458508,1,-1
2025-01-01 18:01:05,-2.5184846,14.050101,-2.3835177,14.471671,0.24851619193481203,1,-1
2025-01-02 16:49:45,-2.166072,13.965182,0.02420067,14.132189,0.24847386977003827,1,-1
2025-01-01 05:23:05,3.8152084,10.257499,-2.0879688,11.141441,0.24834060141684497,1,-1
2025-01-02 13:14:35,0.41794902,5.3394456,0.2550292,5.361847,0.24816879691463853,1,-1
2025-01-02 00:53:25,2.8106523,11.082076,-3.5702527,11.977432,0.24806948454919509,1,-1
2025-01-03 16:35:55,-2.4932117,10.944652,-3.7531261,11.835855,0.24794979130692713,1,-1
2025-01-03 01:11:30,0.2685596,5.3423977,0.023100955,5.3491936,0.24788653009172096,1,-1
2025-01-02 13:49:10,3.5962262,12.119405,0.20721169,12.643408,0.24787912243995933,1,-1
2025-01-01 11:08:30,-1.5175875,13.952786,0.74150234,14.054648,0.24778537172576193,1,-1
2025-01-02 20:50:25,-0.5854557,5.2552543,1.1034154,5.4016647,0.24775125850014448,1,-1
2025-01-03 16:24:30,2.2238324,12.992313,2.4778163,13.412129,0.24769257994837973,1,-1
2025-01-01 19:48:05,3.6352472,10.219267,0.71708393,10.870264,0.24769159985552208,1,-1
2025-01-02 00:25:25,-3.7805054,12.214923,-1.069692,12.8312435,0.2476655035599641,1,-1
2025-01-03 10:58:05,0.9270574,10.810842,-3.6749141,11.455947,0.2476358935799941,1,-1
2025-01-01 19:30:50,-0.77477247,7.0879803,-3.7667587,8.064007,0.24746365860745753,1,-1
2025-01-03 17:12:50,3.751496,8.634778,-0.56351215,9.431366,0.2473981117713377,1,-1
2025-01-02 11:01:50,-0.16985685,10.496623,1.976653,10.682467,0.24736201222295143,1,-1
2025-01-02 23:55:40,1.2541305,5.6311846,-1.7563099,6.0305643,0.24733898860579026,1,-1
2025-01-02 21:44:05,3.646913,6.592602,-1.0131916,7.6019034,0.24715245792741367,1,-1
2025-01-02 21:12:35,-4.1244597,12.345495,1.5905232,13.113054,0.24706402914289718,1,-1
2025-01-01 15:57:25,-1.8622861,13.272811,-1.3310945,13.468758,0.24704862391481622,1,-1
2025-01-03 18:45:45,0.9594143,9.190939,-3.6285496,9.92775,0.2470248336412239,1,-1
2025-01-01 19:46:15,-1.9495075,9.731058,-3.5716136,10.547535,0.24701413148794665,1,-1
2025-01-03 06:56:40,-0.5116929,6.6376767,2.4641376,7.0987716,0.24695308820722567,1,-1
2025-01-02 05:09:10,-3.0286613,5.3821607,0.25189814,6.18093,0.24682351016744647,1,-1
2025-01-03 04:14:05,3.4088495,11.577682,-1.8970712,12.217277,0.24679257190317117,1,-1
2025-01-01 15:57:15,-2.5622256,9.258641,-3.7708995,10.320229,0.24668632103522217,1,-1
2025-01-03 01:17:35,1.2161067,5.2597513,-2.3679602,5.8950095,0.2464595396153815,1,-1
2025-01-02 04:35:55,0.10910108,6.762665,-3.5667422,7.646384,0.2464158106791193,1,-1
2025-01-03 10:45:05,-1.1637883,5.374208,-1.7727804,5.777479,0.24640521160627038,1,-1
2025-01-03 12:39:15,-2.831269,5.3391137,-1.1938437,6.160153,0.2463436097494079,1,-1
2025-01-01 02:19:05,-3.8927097,10.053661,0.032056,10.781016,0.24602448240025426,1,-1
2025-01-02 05:08:50,-3.8880079,10.319689,-1.7736229,11.169526,0.24601720431644905,1,-1
2025-01-01 05:35:10,-4.120418,7.2538104,0.7112353,8.372663,0.2460027713947057,1,-1
2025-01-01 15:36:35,2.824168,6.32825,2.444631,7.348394,0.24596768797506874,1,-1
2025-01-02 15:20:45,0.46709165,9.629606,-3.6487408,10.308288,0.2457600337953785,1,-1
2025-01-02 09:09:15,0.8245121,10.203141,-3.6586802,10.870596,0.24564982438670177,1,-1
2025-01-03 03:28:10,0.39603332,10.922061,2.4062538,11.190992,0.24563069559238498,1,-1
2025-01-02 19:35:35,1.5512828,13.665844,0.6267434,13.767882,0.24560069490266168,1,-1
2025-01-03 10:59:35,-1.1411762,6.0074077,0.17348078,6.117297,0.2455963631720739,1,-1
2025-01-01 23:14:25,-2.8654647,13.648879,-1.7386616,14.054385,0.24555663244982714,1,-1
2025-01-01 09:12:35,-4.033931,12.6640215,-0.48032257,13.299652,0.24553112856158968,1,-1
2025-01-02 21:29:55,3.9850135,6.563109,-0.7149511,7.7114124,0.24541566816709415,1,-1
2025-01-03 12:35:15,0.9785631,6.513445,-0.9390602,6.6531487,0.2452249026961337,1,-1
2025-01-03 11:20:10,-4.175408,12.87526,0.35727346,13.540089,0.24518955450422755,1,-1
2025-01-01 00:30:10,0.41195306,8.107043,2.4945247,8.492145,0.24517831059459183,1,-1
2025-01-02 09:05:45,-1.1668453,13.0365505,-0.9523986,13.123271,0.2451251557933652,1,-1
2025-01-01 05:27:20,0.2366902,13.953049,0.34615138,13.959349,0.2450679058285161,1,-1
2025-01-03 17:10:05,-4.063181,6.895001,-1.8271416,8.209076,0.2450507044162318,1,-1
2025-01-02 09:59:50,3.7167299,7.5719604,-0.55081844,8.452932,0.24497069552237863,1,-1
2025-01-02 02:52:55,1.2768115,11.065502,-3.6212344,11.712768,0.2448442879625477,1,-1
2025-01-03 00:10:00,-0.6758564,7.475757,-3.7801595,8.404364,0.2447875388098491,1,-1
2025-01-01 09:40:50,-1.93898,13.808081,-2.660131,14.195035,0.24475158454561857,1,-1
2025-01-03 16:58:50,-1.5529584,12.645437,2.4065452,12.965733,0.24469669183259776,1,-1
2025-01-03 04:56:50,-1.7571766,10.2578945,-3.6754375,11.037251,0.24451813483298968,1,-1
2025-01-03 19:01:35,-3.8924134,6.4324126,-1.5783954,7.682327,0.24419978524546587,1,-1
2025-01-03 04:06:30,-1.2166411,13.909192,1.1544143,14.009943,0.24409562384475544,1,-1
2025-01-03 21:23:30,1.4774338,12.319337,-3.6727107,12.939772,0.24408838377970785,1,-1
2025-01-03 06:37:20,0.1101313,7.207484,-3.669588,8.088623,0.24407899170802386,1,-1
2025-01-02 06:13:05,2.7362788,11.070382,-3.6986275,11.988345,0.24399729553415847,1,-1
2025-01-02 07:42:25,-1.850716,9.612147,-3.6683807,10.453494,0.2439078901578605,1,-1
2025-01-03 19:45:25,-4.0032187,6.2963877,-0.40781868,7.4723873,0.24386944362298354,1,-1
2025-01-03 01:50:55,3.836224,7.1427546,-0.92834127,8.160722,0.24386832886421778,1,-1
2025-01-01 08:06:45,-0.69608504,5.900896,0.1477254,5.9436464,0.2438531471531042,1,-1
2025-01-03 21:17:00,3.0816543,9.386886,-1.9044603,10.061669,0.24383496729414958,1,-1
2025-01-03 10:03:05,-2.739076,13.917004,-0.29223183,14.186998,0.24375492732360038,1,-1
2025-01-03 12:18:05,-0.16671447,5.6226163,1.4585714,5.8111134,0.24343689686658554,1,-1
2025-01-02 11:28:00,3.6781123,9.042351,-1.1992713,9.835185,0.2433513790583453,1,-1
2025-01-01 06:06:05,3.8689127,12.846285,-1.070843,13.458909,0.24333672092778513,1,-1
2025-01-01 18:05:05,0.55023247,5.3870068,0.37859586,5.428253,0.24331327479601753,1,-1
2025-01-01 04:36:55,-2.2512197,13.936467,-1.3601741,14.182495,0.24323603455182627,1,-1
2025-01-02 10:20:10,-4.015377,12.519062,-0.4257159,13.1541395,0.24308681631044707,1,-1
2025-01-02 12:44:40,2.2572942,14.037882,0.12146569,14.21873,0.24277195723032396,1,-1
2025-01-02 18:09:00,3.9671915,11.778505,1.5877365,12.529673,0.24276389187180086,1,-1
2025-01-03 03:34:15,-2.218063,11.809894,-3.6338432,12.553812,0.24272143306189467,1,-1
2025-01-02 23:38:20,-1.1501596,6.690015,-3.213987,7.5105844,0.2426293241129073,1,-1
2025-01-03 06:22:35,-2.4619472,13.5121155,-2.0098755,13.880852,0.2425767888646079,1,-1
2025-01-02 07:51:20,-4.0688725,9.843453,0.5615723,10.666052,0.24247872282294158,1,-1
2025-01-01 15:06:10,-1.022357,13.299514,-0.536201,13.3495245,0.24246309509583663,1,-1
2025-01-01 16:30:40,1.5588981,7.046868,2.3290823,7.5837417,0.24242974240721613,1,-1
2025-01-02 03:44:50,-1.6882648,12.056441,-3.6867805,12.720077,0.2423896253603462,1,-1
2025-01-03 11:22:10,-3.8752077,8.4154625,-0.09275399,9.265304,0.24238821018505968,1,-1
2025-01-02 18:05:10,0.52951294,13.824709,0.53239715,13.845086,0.24235547982776226,1,-1
2025-01-02 22:17:00,-1.1233677,13.288136,-0.5537471,13.347027,0.24223456758732959,1,-1
2025-01-03 17:20:35,0.53891516,13.448632,-1.1527245,13.508698,0.24222665649946926,1,-1
2025-01-02 17:05:45,-4.1460342,9.666672,-2.5506933,10.823132,0.24221918301130624,1,-1
2025-01-02 20:48:15,-0.3499373,13.9179535,-1.7603164,14.0331955,0.2420979034046913,1,-1
2025-01-01 18:56:20,-1.1409025,6.142945,-0.1965978,6.251086,0.24208582630952882,1,-1
2025-01-02 04:54:10,-1.0490335,13.585114,0.43178064,13.632396,0.24186994665346873,1,-1
2025-01-01 09:42:00,0.3206033,12.9349,2.4534523,13.169429,0.24186481903719156,1,-1
2025-01-03 03:40:00,2.475991,13.98971,-2.34357,14.399126,0.24180252998021026,1,-1
2025-01-01 18:53:55,1.5609037,6.8973107,2.4945536,7.4988074,0.24179486907001294,1,-1
2025-01-03 01:51:00,-1.7434479,12.449256,2.4768522,12.812431,0.24177430612900022,1,-1
2025-01-02 00:00:50,3.2175283,11.353398,-0.8515679,11.831202,0.24164999328528128,1,-1
2025-01-02 10:41:50,-4.0730405,6.3362412,-1.4672924,7.6740184,0.24159744756041035,1,-1
2025-01-03 10:21:40,2.7326639,12.463282,-3.7095366,13.287645,0.24147298114350696,1,-1
2025-01-01 14:04:45,-0.21945211,10.358585,1.8497701,10.524737,0.24139940561962508,1,-1
2025-01-01 20:43:50,0.46874723,11.450457,2.394252,11.707481,0.24132476078125506,1,-1
2025-01-01 06:13:45,-1.0168993,14.016096,0.20920742,14.054494,0.24127627472894828,1,-1
2025-01-03 06:09:00,-1.5347779,12.66257,-3.421514,13.206172,0.2412177019372355,1,-1
2025-01-02 12:43:55,1.06284,12.136448,-3.571328,12.695565,0.2411080034962041,1,-1
2025-01-03 15:49:10,1.7858498,13.943229,-0.21259783,14.058737,0.2409881511218559,1,-1
2025-01-01 03:18:55,-4.0684586,9.641797,-2.323254,10.7198,0.24094396722435013,1,-1
2025-01-02 07:56:50,-3.9097736,6.9969745,-1.8884069,8.234686,0.24081428516692724,1,-1
2025-01-03 10:49:35,-2.9167118,13.7406845,-0.056324117,14.046949,0.2407566924039114,1,-1
2025-01-01 01:01:40,-1.642019,5.2432685,0.10709121,5.495413,0.2405883414840782,1,-1
2025-01-03 11:27:20,-0.4157338,7.781304,2.166009,8.087838,0.2405206988137369,1,-1
2025-01-03 06:10:10,2.137121,13.739768,0.13069008,13.905596,0.2403362990047401,1,-1
2025-01-01 21:27:30,3.8338692,12.827155,-1.8770808,13.518798,0.2403348131697084,1,-1
2025-01-03 21:20:50,1.6604028,10.400241,-3.647504,11.145682,0.24027247180591277,1,-1
2025-01-01 20:06:30,-4.103246,10.277534,1.1981444,11.131032,0.2402359208579728,1,-1
2025-01-03 00:50:45,-1.4243085,5.324165,0.33039102,5.521281,0.2401081863529008,1,-1
2025-01-01 03:18:20,-1.5972917,9.505678,-3.5138452,10.259453,0.24007086661589855,1,-1
2025-01-02 16:25:40,-3.875171,9.04881,0.57086504,9.860213,0.23983567221857519,1,-1
2025-01-01 02:49:25,1.6147627,13.9435425,-2.5793438,14.2717495,0.23980315188256623,1,-1
2025-01-03 20:19:00,-2.959299,5.250344,0.7274678,6.070648,0.23971898524440383,1,-1
2025-01-02 01:09:55,-1.5916705,13.830337,-2.300106,14.110354,0.23971658060814785,1,-1
2025-01-01 05:15:10,3.836509,6.7343845,-0.022052541,7.7505627,0.23966994971203795,1,-1
2025-01-01 23:45:35,1.2898784,8.894943,2.444172,9.314385,0.2396200855513402,1,-1
2025-01-01 07:35:55,3.731541,9.4637575,-1.7166573,10.316687,0.23954810207774635,1,-1
2025-01-03 15:15:45,-2.5042453,12.812497,2.4147415,13.2763815,0.2395398853085659,1,-1
2025-01-02 02:23:25,-0.74607575,7.5592875,2.4727235,7.988355,0.23947130510361278,1,-1
2025-01-02 19:12:05,0.09381539,9.428935,-3.6474743,10.110276,0.23946312739072279,1,-1
2025-01-01 00:11:55,-2.4960456,10.175591,-3.605614,11.080314,0.23945124426363765,1,-1
2025-01-01 23:50:35,1.244401,6.4865646,-0.8270257,6.6564274,0.2394463769972331,1,-1
2025-01-02 06:49:20,-1.9075897,13.927675,-2.1074998,14.214802,0.23942572502993734,1,-1
2025-01-01 05:46:50,-4.072427,12.589656,1.4835281,13.314839,0.23939334721336544,1,-1
2025-01-01 11:48:10,1.6613358,10.7393875,2.3643775,11.121366,0.23927488337902436,1,-1
2025-01-03 04:55:45,-1.0809417,5.6403575,-1.2530361,5.878109,0.23919670369575863,1,-1
2025-01-03 04:43:00,0.10825578,11.613228,2.4494216,11.869223,0.23886696711614175,1,-1
2025-01-01 13:47:05,-4.082604,10.216543,1.5429715,11.109734,0.23886581753680006,1,-1
2025-01-03 20:55:25,-1.0369447,5.599114,-1.1660473,5.812486,0.238755277159475,1,-1
2025-01-01 05:07:50,-3.838938,11.82528,-0.14763768,12.433683,0.2387459381942635,1,-1
2025-01-01 00:51:55,0.7466306,10.206871,-3.7095594,10.885702,0.2385979314002577,1,-1
2025-01-02 11:33:35,1.5888095,8.166743,2.441903,8.670807,0.238591456385609,1,-1
2025-01-02 17:16:40,3.549862,10.748795,-1.0580204,11.369147,0.23853319949335733,1,-1
2025-01-01 16:05:50,-0.344758,10.138473,2.363847,10.416106,0.23853121267091604,1,-1
2025-01-01 12:36:25,3.859662,6.535385,-0.55986476,7.6106305,0.23829058152224686,1,-1
2025-01-01 01:41:55,3.5939062,10.450338,0.29028374,11.054863,0.23813309008402841,1,-1
2025-01-02 13:28:50,0.59414893,14.0238695,0.024836237,14.036471,0.23804951150469378,1,-1
2025-01-01 09:06:15,1.7284813,13.868778,-2.8650184,14.266708,0.23797237176703495,1,-1
2025-01-01 08:19:10,-1.1145704,12.080976,2.4068604,12.368719,0.237893319134396,1,-1
2025-01-03 01:24:35,0.16323683,8.343946,2.4970636,8.711109,0.23788308441997397,1,-1
2025-01-01 00:22:50,-4.0894184,11.333279,-0.6887504,12.068178,0.23782048743838208,1,-1
2025-01-03 06:18:45,-4.1162386,8.223445,-0.43861595,9.206566,0.2377256673981075,1,-1
2025-01-01 02:34:15,3.7979465,10.261696,-2.1658344,11.154265,0.23768630467675125,1,-1
2025-01-03 05:13:10,3.8999023,10.524015,-1.5983763,11.336619,0.23759908060598983,1,-1
2025-01-03 14:14:10,0.013865274,6.1116033,0.63370705,6.1443853,0.23757284101686602,1,-1
2025-01-02 18:49:15,3.7818382,6.704766,-1.1238642,7.7794123,0.23756417583848463,1,-1
2025-01-03 03:15:20,0.47172564,13.978425,1.3843776,14.0547285,0.23754716438486417,1,-1
2025-01-03 14:16:25,-0.721664,13.721421,0.7975681,13.763514,0.23753835572281945,1,-1
2025-01-01 12:08:55,-4.109342,12.446371,-1.9971775,13.258491,0.23753011614564193,1,-1
2025-01-01 08:41:00,1.3671473,5.3287663,-2.9376357,6.2365494,0.2375227839558081,1,-1
2025-01-02 10:09:45,-1.8801526,13.942525,-2.2320964,14.244691,0.23751532274505477,1,-1
2025-01-03 12:36:25,-0.72255784,13.668373,-1.3633616,13.75519,0.23732932203807405,1,-1
2025-01-03 18:38:05,-1.6021562,8.932768,-3.7672083,9.826143,0.23719125520930104,1,-1
2025-01-01 05:48:30,3.6004214,11.362785,-2.213057,12.123264,0.23709588186768205,1,-1
2025-01-03 10:27:45,3.5855951,7.294226,0.4227663,8.138855,0.23709199066409098,1,-1
2025-01-02 00:46:10,-2.4991636,13.6418915,-2.3608415,14.068425,0.23703521672533265,1,-1
2025-01-02 14:52:45,3.496071,11.123465,-0.73320216,11.6829605,0.23674753268040052,1,-1
2025-01-03 16:34:55,-3.9360914,7.10711,-0.754168,8.159204,0.23661621745214842,1,-1
2025-01-01 01:12:30,-2.6707556,9.974884,-3.6852758,10.964147,0.2364343085055801,1,-1
2025-01-03 04:28:00,1.172168,5.405303,-1.3336139,5.689447,0.2364004920956171,1,-1
2025-01-01 13:26:40,-4.0600595,10.033002,-2.2691925,11.0586815,0.23639536178149345,1,-1
2025-01-02 13:20:35,-0.30718812,6.291635,-3.681163,7.295889,0.23638960947714116,1,-1
2025-01-01 03:48:05,-0.698706,7.631186,-3.4705172,8.412353,0.23635062448155134,1,-1
2025-01-02 21:10:40,1.5724128,12.072568,-3.7247462,12.73158,0.2363491983930895,1,-1
2025-01-02 10:03:50,1.9381647,5.2350154,0.6940835,5.6252666,0.2363449288270963,1,-1
2025-01-02 06:37:55,0.13420099,5.3488207,-2.8004692,6.0390825,0.2362899498973704,1,-1
2025-01-02 06:28:50,1.2552387,5.4878154,-0.4786426,5.649853,0.23618489547534433,1,-1
2025-01-01 19:56:50,-2.1118379,10.75476,2.2522008,11.189153,0.23607792126443397,1,-1
2025-01-01 23:51:45,0.98695964,12.142943,2.1524227,12.371665,0.23585053463199748,1,-1
2025-01-02 08:09:45,2.8411736,13.757901,-2.182251,14.216692,0.23569308693159477,1,-1
2025-01-03 16:53:15,3.444522,11.96098,0.23115414,12.449225,0.23560363710179316,1,-1
2025-01-02 04:49:05,0.8107665,5.315926,-1.7751998,5.662839,0.23553859892548437,1,-1
2025-01-02 17:53:25,1.6935549,5.680913,0.23685458,5.9327064,0.2353569604281148,1,-1
2025-01-01 09:31:30,1.8635867,8.77343,2.1357615,9.219952,0.23532033102554473,1,-1
2025-01-01 14:21:20,0.17028202,12.3740015,-3.409206,12.836183,0.23531468972226402,1,-1
2025-01-03 12:44:10,3.7838414,7.7884207,-0.7080486,8.687824,0.23528846411756632,1,-1
2025-01-03 06:41:10,-4.050356,7.314063,-0.98669416,8.418697,0.23517748957049225,1,-1
2025-01-02 22:50:25,-4.145488,7.193351,0.6654212,8.328995,0.23515756848189823,1,-1
2025-01-02 09:56:35,3.950563,6.45127,-0.12528723,7.5658135,0.2349991910919812,1,-1
2025-01-03 17:08:15,0.20058565,13.648988,0.5291493,13.660713,0.2349914412808474,1,-1
2025-01-01 11:12:15,2.1484692,11.754673,2.1850414,12.147537,0.23493643308364867,1,-1
2025-01-02 09:35:40,-4.1642594,7.1244316,-2.3025918,8.5674095,0.23491831465390187,1,-1
2025-01-02 16:46:45,3.5723913,7.093594,-0.02974158,7.942414,0.2349115584971889,1,-1
2025-01-03 08:55:20,1.6356125,8.062237,-3.7750924,9.051311,0.23483479439942875,1,-1
2025-01-03 03:41:55,-1.8971821,13.929194,0.9763155,14.091662,0.23482496706066702,1,-1
2025-01-01 22:36:00,-1.4332219,13.264019,-1.1099482,13.387319,0.23468945517949646,1,-1
2025-01-02 07:34:40,3.6796784,9.457986,-1.441073,10.250377,0.23468695780785903,1,-1
2025-01-03 12:02:55,3.7055888,7.593052,-0.4845591,8.462896,0.23468238201652672,1,-1
2025-01-03 18:18:30,-3.632754,11.306528,-1.461602,11.965399,0.23463893002939618,1,-1
2025-01-03 10:15:45,2.2912612,13.7391405,-2.1487463,14.09365,0.2346225610187477,1,-1
2025-01-02 05:51:15,0.43852407,9.647211,-3.4294531,10.248031,0.23461947587069237,1,-1
2025-01-03 10:03:40,-2.3123844,9.552792,-3.582859,10.4613495,0.23451749616835005,1,-1
2025-01-03 15:02:05,-1.8077933,6.540491,-0.39420396,6.797171,0.23447619581589857,1,-1
2025-01-02 08:51:25,-0.79196805,13.339432,-1.9066892,13.498263,0.2344508171268811,1,-1
2025-01-02 00:34:55,-0.9976865,7.9285355,-3.3680365,8.671835,0.23434587781318242,1,-1
2025-01-02 22:03:45,0.9098764,9.967622,-3.418445,10.576726,0.23427219071761102,1,-1
2025-01-01 13:11:30,-3.566959,8.643783,-1.2330877,9.431791,0.23407578687815114,1,-1
2025-01-02 03:28:45,-1.244195,13.703134,-0.576533,13.771575,0.2339853835850906,1,-1
2025-01-01 13:48:25,-1.8367115,11.952871,2.3368316,12.316875,0.2339648136060771,1,-1
2025-01-03 06:34:10,-0.091001496,5.502524,-2.2611883,5.949708,0.23395961089447198,1,-1
2025-01-01 03:41:10,0.6210791,14.018114,-2.8868456,14.325751,0.23392674203092714,1,-1
2025-01-03 07:18:15,3.7499871,7.8844137,-0.9010809,8.777147,0.23383764450329636,1,-1
2025-01-01 13:56:55,0.18966511,5.333329,1.321084,5.4977846,0.23380314671331118,1,-1
2025-01-02 05:33:25,-3.9319232,9.667549,-2.9386914,10.842391,0.2337661983741621,1,-1
2025-01-02 11:00:10,0.33168447,6.0947647,0.6267139,6.1358733,0.23358962780677464,1,-1
2025-01-02 09:01:55,1.1720303,13.692109,-2.8416612,14.032909,0.23356624759462585,1,-1
2025-01-01 14:09:00,-1.5500003,10.099704,2.2143111,10.455128,0.23352225700458754,1,-1
2025-01-01 02:10:30,-0.38319698,13.634058,-2.8904471,13.9423485,0.2335057498686557,1,-1
2025-01-02 10:26:35,3.0989478,11.672998,-1.362502,12.153961,0.2332995498843577,1,-1
2025-01-03 05:04:20,2.0752656,13.047871,2.470844,13.440935,0.23329273747162782,1,-1
2025-01-03 11:12:40,-4.0312653,8.259434,-0.36500013,9.197966,0.23322032137700563,1,-1
2025-01-01 05:10:10,-0.31305796,13.817011,-1.8719176,13.946752,0.23316487611375022,1,-1
2025-01-03 11:40:55,-4.1549644,10.021297,0.6508089,10.868011,0.23312449270969476,1,-1
2025-01-01 15:15:50,3.7502017,6.6859665,-1.3939389,7.7916126,0.23305198931268462,1,-1
2025-01-03 15:11:05,3.9800122,11.051293,-2.9206655,12.103796,0.2330475613385587,1,-1
2025-01-03 01:04:25,-0.84180635,5.327303,-1.4322383,5.580332,0.23299741799019263,1,-1
2025-01-03 16:15:40,1.3606949,13.873322,-0.77234817,13.96127,0.23291527656534264,1,-1
2025-01-03 12:10:50,-0.17142208,11.50518,2.43324,11.760919,0.23288980501029358,1,-1
2025-01-02 00:47:40,1.8136126,7.908149,2.4918134,8.48747,0.2328352240151042,1,-1
2025-01-02 19:41:30,1.8068315,7.720589,2.4784822,8.307528,0.23281554924742454,1,-1
2025-01-01 12:07:30,0.82065684,12.365343,-3.3925695,12.848529,0.2327712471657458,1,-1
2025-01-03 08:42:55,3.5637314,10.389276,-1.0430586,11.032914,0.23274883057040335,1,-1
2025-01-01 17:32:35,-4.080575,6.7978387,-1.2217258,8.022114,0.23267593711006068,1,-1
2025-01-03 11:36:20,3.8388953,12.522462,1.3215854,13.164185,0.23265694356399133,1,-1
2025-01-01 11:55:05,2.6666584,13.8272085,-2.4629889,14.295772,0.23265109496040162,1,-1
2025-01-03 04:58:45,-0.99607396,5.55353,-0.5941692,5.67335,0.23245435961132185,1,-1
2025-01-03 17:47:40,-3.8846707,6.417487,-1.821847,7.719711,0.23225015575927654,1,-1
2025-01-02 15:15:30,-2.362971,9.630112,-3.5652823,10.537264,0.23215386843644156,1,-1
2025-01-03 10:01:05,0.78305393,13.982586,-2.9151034,14.304675,0.23212163294778682,1,-1
2025-01-02 07:11:15,0.94727135,5.4246726,1.2841444,5.654505,0.23209009560262792,1,-1
2025-01-02 21:53:00,-1.8884199,11.203917,-3.4392283,11.871064,0.23202331477026691,1,-1
2025-01-03 02:24:35,-3.1122732,5.237824,0.40422267,6.1060987,0.23197065791890256,1,-1
2025-01-01 21:55:25,-2.4915645,13.90779,-0.4299095,14.135747,0.23196976535000122,1,-1
2025-01-01 15:02:50,0.6785407,7.995355,2.3652942,8.365449,0.23195889744007023,1,-1
2025-01-01 13:21:20,-1.1724181,13.068585,2.489522,13.355156,0.231878653993287,1,-1
2025-01-03 01:55:25,-1.197694,9.665225,-3.195689,10.250048,0.23187448498354274,1,-1
2025-01-03 05:45:00,3.9942048,9.917608,-2.2600212,10.92796,0.23179701307557227,1,-1
2025-01-03 07:14:50,3.9221568,9.908611,-1.5488038,10.768598,0.23168497200188526,1,-1
2025-01-01 10:29:35,3.5220375,8.788129,-0.36561024,9.474684,0.231594362220885,1,-1
2025-01-02 15:48:15,-2.0121465,11.559132,-3.4450958,12.228285,0.2315863265598918,1,-1
2025-01-02 11:27:40,-1.2425998,12.808247,-1.3432678,12.938299,0.231509618415079,1,-1
2025-01-02 18:01:55,3.7381816,11.815224,1.3607373,12.466961,0.2314969602563304,1,-1
2025-01-02 07:39:15,-3.899574,12.188466,-0.3031555,12.800675,0.23144685430981,1,-1
2025-01-02 17:01:25,-0.54750997,5.5675926,-0.6732547,5.634814,0.23142635186771243,1,-1
2025-01-03 01:17:05,0.27083045,12.969443,-3.6351016,13.471963,0.23136231790541098,1,-1
2025-01-02 01:39:55,1.6260064,10.721881,2.3697517,11.100376,0.23133942255226558,1,-1
2025-01-02 10:17:30,3.850832,6.3323255,0.61972815,7.437158,0.23132544425224086,1,-1
2025-01-01 20:52:40,-0.1187914,7.6385627,2.354297,7.9940267,0.23132083868398415,1,-1
2025-01-01 11:34:30,3.754956,8.089069,-0.7053273,8.945962,0.23130623460660418,1,-1
2025-01-03 14:20:45,-2.0342634,13.815034,-0.48796976,13.972527,0.23130092817397668,1,-1
2025-01-02 19:00:05,-1.3570889,13.314243,-2.0954769,13.546283,0.23124595874646103,1,-1
2025-01-01 12:35:55,-2.1650572,10.57915,2.3153985,11.043865,0.23120077103274528,1,-1
2025-01-01 16:21:55,-4.054819,11.0897455,-0.4769734,11.817425,0.2311027063065426,1,-1
2025-01-02 12:25:25,-0.11546429,13.736615,-2.5809963,13.977463,0.23108540141159883,1,-1
2025-01-03 01:23:55,1.2752608,5.543019,-1.6276095,5.9161186,0.2310648517168829,1,-1
2025-01-01 15:58:15,-2.3848646,13.816334,-0.9502858,14.052818,0.23106053249694708,1,-1
2025-01-03 11:43:50,-1.8254884,9.988369,1.9402244,10.337523,0.2310346135939437,1,-1
2025-01-02 15:21:50,-0.24725781,7.6563473,2.1543343,7.9575086,0.23091856607841418,1,-1
2025-01-02 18:55:35,2.123476,5.3118057,0.8133515,5.7780595,0.2308973875636863,1,-1
2025-01-03 04:18:55,0.9183579,12.793227,-3.6238244,13.328246,0.23081887031030296,1,-1
2025-01-01 08:12:50,3.8384366,6.6473026,-2.8123477,8.1749325,0.23080421878012564,1,-1
2025-01-01 21:10:20,2.566518,12.709148,-3.7294178,13.4914055,0.23078037724310105,1,-1
2025-01-03 06:37:40,0.32748485,9.107071,-3.4275575,9.736228,0.23077061882291622,1,-1
2025-01-03 03:38:05,2.2203784,8.602473,-3.5025504,9.549895,0.23073554541615499,1,-1
2025-01-01 20:22:30,-0.6337115,13.371229,-1.2198956,13.441708,0.23066860114371682,1,-1
2025-01-02 10:54:20,-0.21191484,11.206186,2.2176054,11.425467,0.23061605858833267,1,-1
2025-01-03 06:09:50,-1.6321414,13.836047,-0.6526328,13.947258,0.23057530377613314,1,-1
2025-01-01 23:56:05,-2.5425992,13.869226,-1.5878103,14.189482,0.23042027138521293,1,-1
2025-01-02 11:10:35,1.0066328,6.1428895,-1.5938456,6.425632,0.23039288025104537,1,-1
2025-01-03 08:19:40,1.0197338,12.66072,-3.6848233,13.225415,0.23026571813568145,1,-1
2025-01-01 09:03:10,2.3303382,13.978557,-2.2723396,14.352492,0.23010444563191315,1,-1
2025-01-02 01:39:30,3.916324,11.863838,-1.3760017,12.569075,0.2300834999343213,1,-1
2025-01-03 15:56:25,-3.9049175,12.308372,-1.3615278,12.984535,0.22994202153089874,1,-1
2025-01-02 09:26:15,1.5723147,8.206954,2.3998706,8.694,0.22980581137823564,1,-1
2025-01-03 04:42:40,-3.9713404,9.748192,0.91893065,10.566135,0.22974030111522994,1,-1
2025-01-01 19:06:10,3.8433444,8.002296,-3.020949,9.377322,0.2297266358005459,1,-1
2025-01-03 03:40:35,-1.8406023,10.444966,2.384524,10.870653,0.22961588734021512,1,-1
2025-01-02 06:31:25,-2.4640212,13.690598,-1.5103976,13.992325,0.22951116594555757,1,-1
2025-01-03 08:44:35,-4.1178217,6.219006,-2.2995093,7.8051414,0.22948881414143926,1,-1
2025-01-01 00:25:10,-2.126342,14.0486355,-2.7360418,14.469673,0.2294753959137493,1,-1
2025-01-02 17:01:20,3.767181,11.657044,1.5856526,12.352839,0.22947342720528785,1,-1
2025-01-03 06:01:20,-0.87519675,5.5907884,-0.8469843,5.721911,0.2294467961229031,1,-1
2025-01-02 22:38:25,0.11094614,5.27793,-0.939637,5.3620677,0.22933753333077617,1,-1
2025-01-01 20:43:25,-1.4918982,14.005811,1.6725793,14.184005,0.229316101135277,1,-1
2025-01-02 14:41:50,-4.1063433,9.004944,-2.4886541,10.205119,0.22915927556169094,1,-1
2025-01-02 06:15:15,3.7740457,6.348985,-1.4060829,7.51865,0.22914773888855483,1,-1
2025-01-01 09:23:15,-0.9251775,13.354659,-2.5890133,13.63473,0.22904234235894416,1,-1
2025-01-03 07:53:50,-4.089476,11.688394,1.3851916,12.460382,0.22899598687126163,1,-1
2025-01-02 21:09:10,1.0262264,5.296213,0.8578899,5.4625077,0.22890739957793022,1,-1
2025-01-02 02:45:55,1.2787364,13.63656,0.55749327,13.707726,0.22883633172801232,1,-1
2025-01-01 11:07:15,0.71312267,7.7595744,-3.686486,8.620309,0.22871266276526456,1,-1
2025-01-02 23:10:35,0.6777804,6.5391603,-1.94465,6.855776,0.22870972462407363,1,-1
2025-01-03 01:46:40,3.8228517,9.877237,-1.207585,10.659843,0.22864266031063524,1,-1
2025-01-03 20:49:40,0.025823275,13.804974,-2.8775592,14.101713,0.22857548249354342,1,-1
2025-01-02 23:40:20,-3.631802,6.3021126,-1.6300068,7.454095,0.2285475199948157,1,-1
2025-01-02 11:29:55,0.36992863,13.438546,-0.94891226,13.477084,0.22847540253742493,1,-1
2025-01-03 08:02:20,3.7731817,6.3127747,-1.3114302,7.4704666,0.22845240010160928,1,-1
2025-01-02 17:37:25,-1.7182556,14.025802,-0.30342275,14.133917,0.22837770841608337,1,-1
2025-01-02 00:03:15,-0.11168818,7.044322,-3.6393278,7.929669,0.22831047001066457,1,-1
2025-01-01 12:58:50,1.3636792,5.7125707,0.086082146,5.873712,0.22828273045281391,1,-1
2025-01-03 16:40:10,3.6932058,10.302455,0.17166929,10.945767,0.2282502399165414,1,-1
2025-01-03 06:45:50,-0.910486,9.680477,-3.2201495,10.242558,0.22823519749673427,1,-1
2025-01-02 15:28:45,3.7216735,10.193019,-1.4643043,10.949552,0.22799878361406778,1,-1
2025-01-01 14:19:00,-2.4724867,13.609434,-1.4711047,13.910213,0.22791623682525847,1,-1
2025-01-01 10:35:15,3.7306287,10.732402,-2.8690095,11.718927,0.22791010856618252,1,-1
2025-01-02 01:11:45,-1.055644,13.307484,-1.1015612,13.394661,0.2278436609053123,1,-1
2025-01-01 14:12:45,-0.52977884,5.3948693,-1.0291016,5.517638,0.22782869371764924,1,-1
2025-01-01 20:55:40,1.3998501,13.772716,-2.13811,14.007812,0.22782849783351966,1,-1
2025-01-01 01:35:45,-3.9668417,9.647177,0.02355754,10.430935,0.2278114910419029,1,-1
2025-01-01 03:11:00,-1.2000589,9.5831995,-3.2554786,10.191957,0.2277517297230645,1,-1
2025-01-01 19:39:50,-0.6157189,11.3798685,-3.709768,11.985111,0.22773188523834628,1,-1
2025-01-02 22:10:45,-1.6346334,13.835658,-2.2441647,14.111475,0.22765424130269837,1,-1
2025-01-03 02:48:35,-2.4073703,5.2953143,-2.4266872,6.302745,0.2276028710171431,1,-1
2025-01-02 07:03:00,-4.08874,10.30818,-0.2716964,11.092799,0.2275970046466801,1,-1
2025-01-01 03:51:25,-3.0782404,10.558448,0.6774294,11.018861,0.22758567415358524,1,-1
2025-01-02 00:50:35,0.14801708,9.506542,-3.4185965,10.103616,0.2274517385395432,1,-1
2025-01-01 13:26:20,-1.2654096,13.331837,-2.3072996,13.589067,0.22743597926303802,1,-1
2025-01-02 23:16:55,-0.22787191,10.600565,1.5543122,10.716332,0.2274169016636785,1,-1
2025-01-03 10:37:30,0.5648249,5.399806,1.3368946,5.5914416,0.22729837218688564,1,-1
2025-01-01 16:10:40,0.15845716,11.223415,2.2095401,11.4399395,0.2272949402868217,1,-1
2025-01-01 05:38:35,-1.6774429,9.642406,-3.1662755,10.286648,0.22725524588781346,1,-1
2025-01-01 09:42:15,1.4779747,10.923715,-3.357463,11.523216,0.22720933424012457,1,-1
2025-01-01 06:42:05,0.8670037,12.738061,2.4971461,13.009443,0.22720693353113283,1,-1
2025-01-03 15:02:15,-2.0231564,5.363046,-2.1762698,6.131197,0.2270875921716537,1,-1
2025-01-03 06:40:35,-2.8921812,5.3940654,0.26549298,6.1262665,0.22702365860785945,1,-1
2025-01-02 19:27:30,-2.0492764,5.234751,0.75627226,5.672222,0.2268575200948259,1,-1
2025-01-02 22:51:45,2.3019476,13.909245,-1.7325381,14.204497,0.22680922321951258,1,-1
2025-01-02 05:40:00,-3.853667,9.8040905,0.5170122,10.546954,0.22680701089581168,1,-1
2025-01-02 20:39:15,0.29432136,11.50924,-3.4780166,12.02688,0.2267331168431636,1,-1
2025-01-03 11:14:55,-4.08136,10.217507,-0.5176614,11.014668,0.22670079954294622,1,-1
2025-01-01 14:32:25,-2.4969618,5.2771606,-1.3534541,5.9929194,0.2265713260247054,1,-1
2025-01-01 04:56:10,1.6498063,13.559917,-2.0144453,13.807651,0.2265543467641102,1,-1
2025-01-03 17:32:40,-3.8174803,7.3138733,0.46777955,8.263456,0.22654175762572534,1,-1
2025-01-02 02:59:45,-1.1603528,12.313685,-3.7776108,12.93227,0.22648565392400966,1,-1
2025-01-01 16:45:20,0.51622635,7.581904,-3.575763,8.398681,0.2264771526886168,1,-1
2025-01-02 15:40:40,3.9293253,12.917046,-0.7641846,13.523079,0.22646912089064386,1,-1
2025-01-02 09:08:45,-2.3553557,10.122174,-3.48998,10.962941,0.2263482078420189,1,-1
2025-01-02 19:19:20,-2.3012245,13.601618,-0.06805723,13.795082,0.22633669072043217,1,-1
2025-01-02 17:19:25,1.4629558,13.638926,0.35581827,13.721776,0.2262091104836232,1,-1
2025-01-01 09:41:00,-0.8295848,7.6802588,2.2947023,8.058551,0.22608417908681774,1,-1
2025-01-03 11:36:10,-0.53168005,7.9040627,-3.569752,8.6890745,0.2260460031881064,1,-1
2025-01-01 00:10:25,3.4964721,9.0469475,-1.2572062,9.780243,0.22601458898376067,1,-1
2025-01-01 05:56:30,-1.0495986,5.515032,-1.3502634,5.7741184,0.22599244092214,1,-1
2025-01-01 22:02:15,-0.10014311,8.153293,2.4214678,8.505863,0.22598791914852362,1,-1
2025-01-02 02:21:10,1.8327144,14.038931,-0.24051824,14.160094,0.22596606264227784,1,-1
2025-01-03 11:24:55,-3.7989452,6.528039,-1.2906575,7.6624455,0.22582580939774977,1,-1
2025-01-03 19:55:35,1.8129648,13.791583,-1.8602836,14.034075,0.22576091144717467,1,-1
2025-01-03 12:51:30,-1.2378328,13.743271,-2.0505607,13.950431,0.2257119349724849,1,-1
2025-01-02 09:13:30,-0.35906523,5.2489543,-0.15831228,5.2636023,0.22552215087057984,1,-1
2025-01-01 17:49:00,-2.1066163,11.747495,2.4732828,12.188461,0.2255135555641686,1,-1
2025-01-02 13:26:35,0.9540055,5.2798924,-1.3880054,5.5420165,0.22529062346216272,1,-1
2025-01-03 05:26:50,-4.0222173,12.082026,1.4417199,12.815309,0.22523372624976615,1,-1
2025-01-03 17:08:30,3.87107,11.441882,0.08725693,12.079299,0.22521661825970332,1,-1
2025-01-03 11:21:05,-4.128565,9.243983,-2.0425406,10.3280325,0.2252036092572125,1,-1
2025-01-02 17:03:35,-3.958412,9.58464,0.11930734,10.3705635,0.22517490465569331,1,-1
2025-01-02 05:37:45,0.3883991,12.192652,-3.5243657,12.697746,0.2251303643910325,1,-1
2025-01-01 12:40:55,-0.40156874,10.385578,1.694038,10.530492,0.22510211387933143,1,-1
2025-01-01 13:02:20,1.7165468,10.624444,-3.6812706,11.374405,0.22499553590039154,1,-1
2025-01-01 02:33:30,3.7092578,8.836075,-0.48576522,9.595352,0.2249451896817266,1,-1
2025-01-01 10:56:00,-1.1212784,13.253406,-0.5353438,13.311522,0.2249368122357304,1,-1
2025-01-03 15:42:05,-3.3222826,9.196406,-1.7511684,9.933682,0.22493347334821562,1,-1
2025-01-01 01:28:45,0.79475415,13.005828,0.42743343,13.037097,0.22485619456939246,1,-1
2025-01-01 01:19:10,3.9888282,11.978938,1.6106392,12.727918,0.2248152701165559,1,-1
2025-01-02 01:11:30,3.8208513,10.597536,0.26144406,11.26832,0.22475357652250136,1,-1
2025-01-01 15:54:40,0.8286693,6.532733,-3.60402,7.506814,0.22456139801851074,1,-1
2025-01-03 20:31:40,-0.2156857,6.4346995,2.2749946,6.8284316,0.22453346215754483,1,-1
2025-01-01 09:20:45,3.8767805,6.473532,-0.5325187,7.5643654,0.22447380009777274,1,-1
2025-01-02 15:39:20,1.0869164,7.2188334,2.0097382,7.5717893,0.22444392801811958,1,-1
2025-01-02 11:45:20,-0.515556,13.556844,-2.6028333,13.814071,0.22443644995228146,1,-1
2025-01-02 11:27:45,3.3913255,9.62122,0.5275463,10.215051,0.22443019517509255,1,-1
2025-01-02 08:38:35,1.0308918,11.533321,-3.329364,12.04844,0.22440378554881762,1,-1
2025-01-03 00:33:05,-3.7735941,12.793839,-1.903931,13.4739485,0.22436760498003147,1,-1
2025-01-02 14:28:45,2.1629372,6.0202026,-1.8153363,6.6495547,0.22436080301495723,1,-1
2025-01-02 00:29:20,-1.7966609,6.396838,-0.37211254,6.6547723,0.22434897984956484,1,-1
2025-01-02 01:18:30,1.3945694,10.882468,-3.3127475,11.460682,0.22432650750762093,1,-1
2025-01-02 03:33:00,-1.3631359,5.601894,-1.6375167,5.9933977,0.22431375521710942,1,-1
2025-01-02 09:19:25,-0.5390153,7.6451592,-3.0095096,8.233841,0.2243017510288837,1,-1
2025-01-03 05:19:50,-4.1264205,12.851053,-1.9378493,13.6356945,0.2242516037919868,1,-1
2025-01-03 00:54:05,-2.5182598,13.940446,1.1391628,14.211803,0.2242379975697167,1,-1
2025-01-01 02:32:25,-0.74262184,9.164697,2.4384189,9.512573,0.22423770942904656,1,-1
2025-01-03 15:35:40,-1.8589128,6.4843097,-0.7017229,6.7819057,0.2242021217593421,1,-1
2025-01-02 21:52:30,1.5994684,13.616575,-2.7456632,13.982421,0.2241752896632275,1,-1
2025-01-03 21:21:00,-3.6641734,12.998671,-1.968342,13.647929,0.22402429522903672,1,-1
2025-01-01 05:11:45,0.7865932,9.978897,-3.240412,10.521282,0.22398234655214674,1,-1
2025-01-03 00:35:15,3.7805963,8.274126,-0.1253183,9.097789,0.22384866724113764,1,-1
2025-01-01 00:07:50,-4.1327295,12.0715065,-1.0134692,12.799525,0.22384375346629345,1,-1
2025-01-03 13:54:35,1.5767006,13.60522,0.34979412,13.700743,0.22378799318800338,1,-1
2025-01-02 06:21:00,-2.1349506,13.990163,1.5485427,14.236595,0.22375067387803874,1,-1
2025-01-02 07:50:25,-2.0103385,8.348887,2.4816573,8.938904,0.22371767610834725,1,-1
2025-01-01 21:39:30,-1.2938638,12.923319,-0.52090037,12.998369,0.22353094161885653,1,-1
2025-01-03 18:18:00,-4.177917,9.73619,-1.006361,10.642422,0.22352139929245693,1,-1
2025-01-01 18:55:50,1.9314923,5.8531995,-2.0527263,6.496483,0.22347236619007801,1,-1
2025-01-03 20:51:20,3.1180274,11.27521,-1.0185148,11.74265,0.22338425025054934,1,-1
2025-01-02 06:40:25,1.8884705,8.032814,-3.7638893,9.069691,0.22329452879306458,1,-1
2025-01-03 06:16:30,2.0133688,5.2794704,-2.6124377,6.225054,0.22309534665883052,1,-1
2025-01-03 05:21:15,0.035887543,5.2392855,1.1041676,5.354492,0.22299293296877257,1,-1
2025-01-01 08:24:05,-0.62547064,9.477363,-3.5965426,10.156118,0.22292645752529844,1,-1
2025-01-03 03:39:55,-3.65274,10.056506,0.08941793,10.699711,0.22279078127516058,1,-1
2025-01-03 20:28:00,-4.1525545,13.08654,0.96826804,13.763677,0.22276143726096279,1,-1
2025-01-02 19:50:30,1.1501199,13.558787,1.0189643,13.6455765,0.22275837843044355,1,-1
2025-01-01 06:17:05,3.6967957,12.162057,0.9195668,12.744706,0.2226284633563015,1,-1
2025-01-02 16:15:35,-4.090314,6.2935424,0.7610484,7.5444374,0.2225794576632415,1,-1
2025-01-02 20:50:30,-2.1626606,5.562201,-2.3659847,6.41974,0.22257190113314018,1,-1
2025-01-03 05:29:15,0.6938188,7.551124,-3.78689,8.47593,0.22240993657629085,1,-1
2025-01-02 03:15:05,2.2403457,5.3101945,0.6356473,5.7983932,0.22237707049143632,1,-1
2025-01-02 11:20:40,0.779587,11.937618,-3.608287,12.495368,0.22236352015227126,1,-1
2025-01-01 18:20:10,-0.6802233,5.7434635,-1.0518068,5.878467,0.22234676578496215,1,-1
2025-01-03 10:17:10,-3.0016222,6.256005,2.319369,7.316201,0.2223423308444559,1,-1
2025-01-02 11:23:40,-1.9544231,9.185854,-3.7648706,10.118,0.22233162158023798,1,-1
2025-01-03 16:13:40,-4.124005,6.5790377,0.076740414,7.765117,0.22231169478508134,1,-1
2025-01-03 15:03:50,-1.5975952,13.703162,1.2866458,13.8558445,0.22218419999699682,1,-1
2025-01-03 12:55:30,-4.1553326,12.121234,-2.797495,13.115528,0.22214854813805518,1,-1
2025-01-02 13:11:20,-2.004685,6.931312,2.4842088,7.631064,0.22212549609992088,1,-1
2025-01-03 12:52:05,-2.3005457,5.417708,-2.0716527,6.2398567,0.22212124082195067,1,-1
2025-01-02 12:16:30,-0.4194185,10.634249,1.6515328,10.769899,0.22210643570041463,1,-1
2025-01-01 00:55:20,3.9233632,12.816008,1.7084521,13.511537,0.22210204663582125,1,-1
2025-01-01 13:05:15,2.9495616,14.039065,1.3876462,14.412523,0.2220607660272838,1,-1
2025-01-02 06:00:50,3.750512,9.493358,0.26984432,10.210925,0.22205176693946488,1,-1
2025-01-03 11:37:10,-3.7229555,8.574678,-1.3103414,9.439412,0.22191219338927254,1,-1
2025-01-02 01:23:45,3.9147136,6.490737,0.002839281,7.579885,0.22188358635829356,1,-1
2025-01-02 02:42:25,-0.5022989,5.292618,-0.3162998,5.325801,0.22183427722232377,1,-1
2025-01-01 00:24:05,-1.8445837,5.749959,-0.3474228,6.0485716,0.2218092580090007,1,-1
2025-01-01 00:06:40,1.7525923,5.359976,-2.8386023,6.3133655,0.2217960462109413,1,-1
2025-01-01 20:35:45,-0.5240034,13.414455,-1.3815001,13.495583,0.22178545152281218,1,-1
2025-01-03 02:07:00,1.588969,12.440741,-3.6645157,13.066198,0.2217596785500592,1,-1
2025-01-02 21:44:20,1.3854568,5.5850115,-2.0323565,6.1026483,0.22173450804654282,1,-1
2025-01-01 14:51:15,1.012397,8.429985,2.4892507,8.847936,0.22173293839388697,1,-1
2025-01-02 14:07:35,3.8343456,10.773601,-1.624566,11.550406,0.22161695736780865,1,-1
2025-01-03 07:01:45,1.9614418,5.3816295,-2.6804588,6.3240848,0.22160512500189455,1,-1
2025-01-02 04:29:40,-2.998696,5.4326696,-0.57672966,6.23207,0.22158655443923758,1,-1
2025-01-02 18:33:10,-3.8063076,10.796509,-0.3150538,11.452154,0.22156861233920733,1,-1
2025-01-01 05:48:40,0.69147784,12.952975,-3.7667973,13.507275,0.22156380104608794,1,-1
2025-01-01 01:19:05,2.8247435,8.611899,-3.7797656,9.819909,0.22151570146964614,1,-1
2025-01-01 18:14:55,3.2678566,7.509629,-0.99883157,8.25052,0.2214713890639899,1,-1
2025-01-01 05:53:15,1.5963303,12.672145,-0.31737667,12.7762375,0.22137426808875857,1,-1
2025-01-01 06:52:35,3.847947,9.767763,-2.1640518,10.719095,0.2213222765335811,1,-1
2025-01-02 07:10:25,2.9585953,9.553239,-1.707899,10.145668,0.22129683555059204,1,-1
2025-01-03 03:03:50,-2.6131124,5.3356194,-1.7376083,6.19003,0.22122703979033895,1,-1
2025-01-03 20:47:35,-2.3278124,13.770612,-1.3672374,14.032741,0.22119574393511549,1,-1
2025-01-01 22:34:20,-3.8928075,11.055125,-0.38955826,11.726956,0.22116911004161766,1,-1
2025-01-02 14:42:25,-0.53629893,13.558303,-0.99730146,13.605506,0.22115593723663723,1,-1
2025-01-03 00:05:30,-0.1273447,13.228491,0.4632391,13.237211,0.2210598880034245,1,-1
2025-01-02 19:41:10,-1.9311262,9.720883,1.6643705,10.049624,0.220981837456348,1,-1
2025-01-02 01:20:10,2.9244041,10.9970255,-3.48019,11.899514,0.2209765419491639,1,-1
2025-01-02 22:57:50,-1.280317,13.576506,0.3577625,13.641433,0.22094084856129342,1,-1
2025-01-02 00:44:25,-2.0445075,13.418389,-0.9863804,13.609046,0.22076509961388927,1,-1
2025-01-03 19:26:10,3.6876652,8.279659,-2.9849834,9.542628,0.22067943733014952,1,-1
2025-01-01 01:03:15,0.42362952,5.508091,-1.916146,5.847234,0.22051791933269826,1,-1
2025-01-01 16:29:50,0.22747312,8.428334,-3.7800317,9.239978,0.2205132779925468,1,-1
2025-01-02 07:37:50,-0.118361406,5.5601835,1.5934482,5.7852163,0.22037254649990648,1,-1
2025-01-01 00:49:25,2.8471687,5.3917274,1.0033956,6.1793118,0.22026999201494418,1,-1
2025-01-03 07:10:25,-4.147538,6.991163,-1.6766465,8.299974,0.22022019523120792,1,-1
2025-01-02 15:58:20,1.7924289,9.331715,1.761931,9.6642685,0.22021028144913118,1,-1
2025-01-03 01:01:25,-2.017152,5.9827414,-2.6605487,6.851322,0.22000748353248245,1,-1
2025-01-03 01:06:00,3.8769073,6.519311,0.791736,7.6261835,0.2200034384369486,1,-1
2025-01-01 20:15:55,-1.1651077,12.920127,-1.3870745,13.046499,0.2199985650421498,1,-1
2025-01-02 17:29:05,-3.6113183,11.362738,-1.4829903,12.014687,0.21996831737928046,1,-1
2025-01-01 09:28:15,0.82624876,5.628305,-1.5809574,5.90423,0.21995684931450457,1,-1
2025-01-03 00:41:45,-4.022622,12.528686,1.503544,13.244247,0.21992360457405344,1,-1
2025-01-03 13:16:15,-0.86218,12.805793,-1.3380692,12.904345,0.21992041929639605,1,-1
2025-01-03 06:58:15,-1.5530033,6.20881,-0.040925298,6.40022,0.21991688122398145,1,-1
2025-01-02 02:46:55,-0.4020907,8.492682,2.4431834,8.846269,0.2198888976119439,1,-1
2025-01-02 09:21:55,-3.8677168,7.115553,0.29911116,8.104307,0.21984175547407644,1,-1
2025-01-01 13:37:10,3.7243464,10.243219,-1.2317504,10.96866,0.21981171163237984,1,-1
2025-01-01 18:37:00,-2.2180967,13.635387,-1.9248749,13.948078,0.2198031287548779,1,-1
2025-01-01 02:56:00,-4.0821166,9.670675,-1.1057585,10.555015,0.21970202475242365,1,-1
2025-01-01 13:11:05,1.3225741,5.484927,-0.49898478,5.6641517,0.2196242501119067,1,-1
2025-01-01 19:30:40,0.24657106,7.380494,-3.5402527,8.189376,0.2196226189152757,1,-1
2025-01-03 05:51:45,-1.2217646,13.637084,-2.270722,13.878722,0.21960511128890833,1,-1
2025-01-02 22:39:55,3.4291756,11.782523,0.16869624,12.2725525,0.21958375954554102,1,-1
2025-01-03 05:47:55,3.983642,7.2465763,0.1846465,8.271419,0.2195530044846052,1,-1
2025-01-01 11:17:05,-3.5593812,6.3893385,-1.4993492,7.4659824,0.21955159466355673,1,-1
2025-01-01 02:50:15,-3.5367832,12.028411,-1.4832655,12.625037,0.21953045467070262,1,-1
2025-01-03 11:38:05,3.9312074,12.614848,-0.04615386,13.213286,0.21952455212228847,1,-1
2025-01-02 15:47:40,2.1672115,13.746315,0.23534931,13.918096,0.21935658691662396,1,-1
2025-01-01 16:35:15,-1.9346768,13.40426,1.0697865,13.585345,0.21910467249311663,1,-1
2025-01-02 10:46:20,3.8236864,7.285359,1.3055353,8.330753,0.21901893664244637,1,-1
2025-01-03 17:26:00,-2.4457755,5.338889,0.57465214,5.90049,0.21900537743046142,1,-1
2025-01-02 11:45:50,0.69861597,5.215103,-1.9808835,5.6222115,0.21889797084072535,1,-1
2025-01-01 19:26:55,-4.037639,11.24612,-1.1212541,12.001457,0.21883332158873334,1,-1
2025-01-02 08:49:30,-2.1300476,13.309219,-1.0649428,13.5205965,0.21879039273568068,1,-1
2025-01-01 19:02:55,-1.8861756,10.8450575,-3.5313196,11.560412,0.21878898415046802,1,-1
2025-01-03 17:01:30,-3.4304192,10.808858,-0.75790894,11.365458,0.21878087338571728,1,-1
2025-01-02 14:35:05,-2.9701223,10.796363,2.3886728,11.449404,0.21877340609086565,1,-1
2025-01-03 03:29:25,0.28076464,13.765319,-1.8808775,13.896062,0.21875416163999314,1,-1
2025-01-03 08:57:55,-0.63892615,6.8773766,2.2974823,7.2790766,0.218744963636956,1,-1
2025-01-03 13:36:50,-3.76166,10.089855,1.0080895,10.815336,0.218706723454159,1,-1
2025-01-01 01:50:25,0.48793116,9.718846,-3.7084558,10.4137745,0.21870023938833358,1,-1
2025-01-01 08:06:20,-1.4539937,13.181019,-1.0279478,13.300754,0.21867113489734083,1,-1
2025-01-03 05:30:20,-4.044349,7.582142,1.5716957,8.735895,0.21855893058263343,1,-1
2025-01-01 13:11:25,1.3193475,9.841496,-3.6586878,10.582142,0.21855221561120897,1,-1
2025-01-03 12:10:45,1.1790168,6.4388957,-0.8259664,6.597854,0.2183401413042576,1,-1
2025-01-03 13:35:30,0.71109134,11.046293,-3.2596266,11.539125,0.21829862573267741,1,-1
2025-01-03 02:51:40,-2.0112793,10.760516,2.2474253,11.17519,0.21828130739016344,1,-1
2025-01-01 03:59:05,0.6848585,6.257748,-3.6820917,7.29289,0.21820572171598304,1,-1
2025-01-02 10:48:45,2.6119778,12.529533,-3.6523743,13.309827,0.218191441240578,1,-1
2025-01-02 20:28:10,-1.2431451,5.4600773,-0.77880985,5.6537066,0.21816684140443213,1,-1
2025-01-01 01:18:00,1.8748144,10.242901,-3.5014641,10.986,0.2181600848175894,1,-1
2025-01-02 11:39:25,-1.6193092,6.621965,-0.43899286,6.8312,0.21800688017592057,1,-1
2025-01-01 05:57:45,2.0476975,11.136873,2.4781177,11.591552,0.21795275359030253,1,-1
2025-01-02 07:54:10,-3.498899,12.962827,-0.5877286,13.43959,0.2179260631283003,1,-1
2025-01-03 05:55:10,3.8732588,11.276191,0.07562168,11.923101,0.21783369598765046,1,-1
2025-01-02 06:47:25,2.3930109,5.418024,-1.7746282,6.183105,0.2177985553353279,1,-1
2025-01-03 04:51:40,1.7444065,10.005368,-3.575783,10.767385,0.21776472606886835,1,-1
2025-01-01 06:24:30,0.51199085,13.078005,0.35755926,13.092906,0.21775109895781627,1,-1
2025-01-02 07:07:45,-4.1446066,7.7481103,0.18591176,8.788944,0.2176928996166631,1,-1
2025-01-02 16:14:20,2.0125487,8.9784,2.176491,9.4551115,0.21769103512427534,1,-1
2025-01-03 08:36:15,-1.0952213,6.1961594,0.060217418,6.2924976,0.21768087961030969,1,-1
2025-01-01 03:13:30,2.795068,5.2540054,-3.0633485,6.693361,0.21765849689315803,1,-1
2025-01-01 09:56:20,-3.0182533,5.3018737,0.2047858,6.104233,0.21765735849444146,1,-1
2025-01-02 22:42:35,-0.95687807,6.721024,0.7314824,6.828092,0.21764843763812564,1,-1
2025-01-02 14:05:30,3.2632253,11.525531,-1.1097821,12.029884,0.21756905050409733,1,-1
2025-01-02 10:16:25,-1.7659861,13.140357,-1.1993524,13.312631,0.2175683106806229,1,-1
2025-01-03 16:26:45,3.1142042,9.568044,-1.7744607,10.21736,0.21754389257997245,1,-1
2025-01-02 13:51:00,-4.0642314,7.230153,-1.5819331,8.443672,0.21750409589907754,1,-1
2025-01-02 17:20:15,-2.6042733,13.771395,-0.2716064,14.018107,0.21750026576783582,1,-1
2025-01-02 16:52:05,-0.83209586,7.1202455,-3.591545,8.018072,0.21744861837558285,1,-1
2025-01-01 04:16:50,2.5937407,5.7206635,-1.7382762,6.517291,0.21737788438762415,1,-1
2025-01-01 03:26:30,1.0866815,11.4847,-3.440407,12.038091,0.21729323758531996,1,-1
2025-01-02 04:55:55,-2.3448339,6.6065764,2.3049948,7.379573,0.21721094442220654,1,-1
2025-01-02 14:12:30,0.92264557,12.6786175,-1.726154,12.828805,0.21716907542256708,1,-1
2025-01-01 03:13:55,-0.7040401,7.481896,2.502615,7.920702,0.21716096617837066,1,-1
2025-01-01 02:56:45,-0.20102851,5.52501,-2.1182306,5.920562,0.21715886644372082,1,-1
2025-01-01 20:01:25,-0.8434805,13.063849,-1.4007064,13.165773,0.2171402854989749,1,-1
2025-01-01 19:15:10,3.9273305,12.34121,0.52374786,12.961624,0.2171397673574902,1,-1
2025-01-03 15:05:10,-2.2357805,13.698073,-0.5900411,13.8918705,0.21708736340985846,1,-1
2025-01-02 20:13:45,-0.8989808,12.419313,2.2815218,12.6591015,0.2170451941113871,1,-1
2025-01-01 06:17:35,3.7525668,10.485,-0.87096316,11.170298,0.21699142203861774,1,-1
2025-01-01 15:29:20,-4.0050364,9.353515,0.025990665,10.174932,0.2169719271222337,1,-1
2025-01-01 06:20:00,1.7250034,12.952052,2.2490308,13.25856,0.21680329045127994,1,-1
2025-01-02 04:30:35,1.8386859,13.506095,-0.4195997,13.637135,0.21680167641927994,1,-1
2025-01-01 01:55:30,3.782728,6.7247925,-2.355133,8.067126,0.21677346200721553,1,-1
2025-01-01 07:04:30,-0.51017636,13.753653,-2.9124925,14.067902,0.21672280478718733,1,-1
2025-01-03 12:17:10,-2.9247692,13.589162,-2.0926476,14.056983,0.2166266832204187,1,-1
2025-01-03 05:22:50,-3.558636,11.5419655,-1.2725407,12.144966,0.21656574856879016,1,-1
2025-01-02 19:28:25,-3.9291425,7.964537,-2.613807,9.257646,0.2165593258829593,1,-1
2025-01-03 11:27:40,-2.041757,5.4394455,0.41404772,5.8247557,0.21655529565154139,1,-1
2025-01-01 05:23:45,-0.8268253,13.511507,-0.85256195,13.563603,0.2165484608996108,1,-1
2025-01-03 17:23:25,3.7223907,12.109074,-0.9675745,12.705198,0.21652641945253337,1,-1
2025-01-02 15:01:20,-3.8251078,12.974709,-0.43792558,13.533895,0.21646065699265316,1,-1
2025-01-02 03:17:40,-3.9555025,12.47587,-0.62712425,13.102924,0.21645507407839878,1,-1
2025-01-01 00:32:55,-0.19570386,5.407717,-0.8423311,5.4764247,0.2164242423850095,1,-1
2025-01-03 09:37:30,3.7746706,6.870977,0.077461645,7.8399277,0.2164209491467078,1,-1
2025-01-01 22:42:35,0.9763662,5.7807937,-1.7576325,6.120469,0.21641615574510492,1,-1
2025-01-02 20:02:40,-3.9911919,7.343437,-1.1732601,8.4399185,0.21641170455122208,1,-1
2025-01-01 21:25:35,3.6415682,10.287964,-0.024116384,10.913468,0.2164065851190265,1,-1
2025-01-01 16:06:05,-0.74724835,5.6271734,-1.077362,5.7779036,0.21638949718151482,1,-1
2025-01-03 15:46:25,1.6992509,5.733413,0.24811508,5.9850683,0.2163494634035083,1,-1
2025-01-01 04:28:15,0.29028115,13.199311,-2.2810063,13.398099,0.21628683784134156,1,-1
2025-01-03 08:50:15,0.1580205,5.767341,-0.761946,5.819601,0.21625957099016346,1,-1
2025-01-02 00:23:00,-3.7770543,8.59884,-0.2019645,9.393986,0.21618521786018816,1,-1
2025-01-03 16:12:40,-4.0851355,11.526716,-1.548728,12.326884,0.2161756562827927,1,-1
2025-01-02 20:33:10,1.1783309,9.169493,-3.68745,9.953158,0.21615173487701445,1,-1
2025-01-02 09:35:05,0.3272366,5.6155925,-2.1015687,6.0048776,0.2161376040036471,1,-1
2025-01-02 19:33:45,-4.01876,9.69925,-1.991429,10.68605,0.21612274894448538,1,-1
2025-01-01 02:24:10,-2.0116777,13.563258,-0.6685428,13.72792,0.2160132776626294,1,-1
2025-01-01 18:40:45,-1.5644097,13.743704,-0.72378504,13.851377,0.21599596449739217,1,-1
2025-01-03 19:19:50,-4.1453576,9.58042,-3.0432312,10.873347,0.21590122214665824,1,-1
2025-01-02 14:30:15,1.3334298,11.157776,-3.408276,11.742672,0.21588816010645692,1,-1
2025-01-02 06:56:25,2.4523466,13.9564,-1.6283981,14.263477,0.21587912863882136,1,-1
2025-01-01 05:00:10,1.3770518,5.314203,1.299389,5.6414037,0.21585903096219086,1,-1
2025-01-02 08:05:20,3.807005,12.661473,-0.19540904,13.222873,0.21577774350165507,1,-1
2025-01-02 17:26:55,0.733026,13.586779,0.5314515,13.616913,0.2156431888740573,1,-1
2025-01-02 10:06:50,-0.36417526,5.405335,-1.8111843,5.712325,0.2155840124495048,1,-1
2025-01-02 03:04:55,-4.105616,11.337296,1.0053453,12.09963,0.21556224323341203,1,-1
2025-01-01 16:48:25,2.536312,7.877305,-3.7673876,9.092745,0.2155617019853038,1,-1
2025-01-01 16:11:15,-2.6620305,8.23443,2.3325703,8.962875,0.21556130156447437,1,-1
2025-01-01 22:45:00,0.85619295,14.001673,-0.6863621,14.044608,0.21555633651375047,1,-1
2025-01-02 08:58:40,-0.38086444,5.270059,-2.2675006,5.7497945,0.21552011104226415,1,-1
2025-01-02 09:58:30,-1.1244162,12.413519,2.2725065,12.669809,0.21547190445964262,1,-1
2025-01-02 22:03:30,-3.1863976,5.260201,-1.7202045,6.3860745,0.21539803461883905,1,-1
2025-01-02 05:17:15,2.775932,13.816332,-2.5342314,14.31849,0.21535861272288517,1,-1
2025-01-01 10:27:10,-0.84546745,13.440045,0.8888045,13.495912,0.21534759295317693,1,-1
2025-01-03 14:41:50,-0.3344994,5.732314,-0.59584963,5.772898,0.2153056691867272,1,-1
2025-01-01 08:05:45,-1.4497031,12.932756,-1.2105808,13.06994,0.2152408727879128,1,-1
2025-01-01 02:43:30,-1.5735556,5.648277,-0.5938843,5.8933697,0.2151622010960973,1,-1
2025-01-02 02:20:15,-1.9978553,8.698798,1.5504751,9.058946,0.2151507165826861,1,-1
2025-01-02 10:02:40,2.344614,5.949085,-2.0304732,6.7090726,0.2151504819507572,1,-1
2025-01-01 02:12:50,0.3571495,13.881485,1.5404801,13.971266,0.21514569859602914,1,-1
2025-01-03 12:28:15,-4.0484757,8.255369,-2.687486,9.579346,0.2150998274129061,1,-1
2025-01-01 01:30:00,0.04994329,5.5130196,-2.1448562,5.9157662,0.21508792115652656,1,-1
2025-01-01 20:34:10,2.8047743,13.920281,-2.0112321,14.341759,0.21507832645684846,1,-1
2025-01-01 23:20:30,3.539345,10.571135,-2.7114663,11.47292,0.21502067361075122,1,-1
2025-01-01 15:02:40,-3.466273,12.098999,-1.4276174,12.666448,0.215017408530241,1,-1
2025-01-02 11:20:10,-1.9027152,8.470687,2.2934988,8.979588,0.21500900519347058,1,-1
2025-01-03 10:52:15,-1.0758015,13.131802,-2.2522893,13.366913,0.21499389869341037,1,-1
2025-01-01 06:25:20,-1.9324117,9.873445,-3.4325953,10.630232,0.21496187458456187,1,-1
2025-01-03 02:04:20,-2.4146917,11.933571,-3.5253131,12.675514,0.21495992562206354,1,-1
2025-01-02 18:48:00,-3.9300458,9.34348,-2.0359726,10.338814,0.2148639552576282,1,-1
2025-01-02 23:05:20,-0.7087917,13.733444,0.59517854,13.764596,0.214735328277224,1,-1
2025-01-03 00:23:40,2.632519,9.227931,0.81539243,9.630666,0.21473177421068473,1,-1
2025-01-01 18:04:45,-3.633721,10.620174,-0.5846237,11.239831,0.21472591334903118,1,-1
2025-01-01 17:31:15,-1.2672632,13.423447,-0.6181024,13.497293,0.2147096710305495,1,-1
2025-01-01 13:04:05,-1.4685895,10.610599,2.246018,10.944686,0.21465812963293424,1,-1
2025-01-01 12:41:25,3.8435533,9.365731,-2.9104846,10.533791,0.2146548897550878,1,-1
2025-01-03 17:13:45,3.9235198,9.700697,-2.4191322,10.740099,0.21464961082661901,1,-1
2025-01-01 00:41:00,3.741795,6.9079347,0.3010165,7.86201,0.2146120681454026,1,-1
2025-01-03 07:55:45,-2.056458,5.843082,-2.1357906,6.552269,0.21460828634588983,1,-1
2025-01-03 05:07:15,-0.061232287,13.853631,-2.255366,14.03615,0.2145579862589137,1,-1
2025-01-01 05:40:35,2.7311769,5.604452,-0.39269796,6.246873,0.2145279064322451,1,-1
2025-01-02 16:22:05,0.7442239,5.622189,-0.44241264,5.6884623,0.21445457542815227,1,-1
2025-01-01 02:23:30,-0.45086637,8.188658,2.3029222,8.518266,0.2144351657994456,1,-1
2025-01-02 13:24:05,1.5064684,13.491031,-0.09779923,13.575232,0.2143086693158437,1,-1
2025-01-02 18:46:35,-3.996869,10.118518,0.7949516,10.908314,0.21420194632791326,1,-1
2025-01-03 01:05:10,-4.094977,7.2789598,-1.7813905,8.539639,0.21419519619420055,1,-1
2025-01-01 23:01:30,-3.7111027,11.970419,0.10229466,12.532904,0.2141593743349078,1,-1
2025-01-02 01:10:40,1.9115083,9.186634,-2.6801505,9.758654,0.21411300965193691,1,-1
2025-01-03 09:56:40,-3.1369324,5.377692,-0.92693764,6.294373,0.21409408273966857,1,-1
2025-01-02 00:35:25,-3.2937624,8.842527,-0.8147658,9.471167,0.21408584549250798,1,-1
2025-01-03 04:19:55,3.880228,11.190371,0.36320025,11.849577,0.21401967896682833,1,-1
2025-01-02 09:27:55,1.9295611,8.832295,2.045551,9.269138,0.21400855340690797,1,-1
2025-01-03 09:34:20,3.7599065,6.774619,-1.1528732,7.833357,0.21400600311644563,1,-1
2025-01-01 17:36:10,2.7893982,12.685038,-3.7503173,13.518721,0.21394015917777773,1,-1
2025-01-02 17:00:00,-4.0202713,7.468711,-0.9093026,8.530595,0.2138522794013055,1,-1
2025-01-03 03:33:25,2.2888687,8.984631,2.169955,9.522143,0.21375313060345438,1,-1
2025-01-03 11:18:35,-2.9660764,5.258981,-0.45949876,6.0552154,0.21366175580557034,1,-1
2025-01-01 07:45:20,-1.619536,11.994674,-3.7578483,12.673457,0.21355243311910235,1,-1
2025-01-01 00:30:45,1.8291194,11.698128,-3.739992,12.4169,0.21354636201222735,1,-1
2025-01-01 18:06:15,-1.3995143,6.2128296,-2.507172,6.8442535,0.21352998892727745,1,-1
2025-01-03 11:14:00,1.1181086,5.797208,-0.05888748,5.904342,0.2135189898981557,1,-1
2025-01-02 12:51:00,2.436571,6.202103,2.4342635,7.0942655,0.21351617230574704,1,-1
2025-01-03 09:18:05,-0.551896,7.8476186,-3.6015754,8.652228,0.21350027346728861,1,-1
2025-01-01 06:14:05,-2.850612,5.5671573,0.7529233,6.299692,0.21346341653991913,1,-1
2025-01-02 23:28:25,-2.2706873,5.6902757,-1.7025702,6.3587737,0.21343636120371545,1,-1
2025-01-03 03:38:25,-3.8595567,7.7025595,1.1371531,8.69015,0.21342523133171604,1,-1
2025-01-02 00:29:05,1.3446375,6.4997773,-0.8043892,6.68597,0.2134187537534784,1,-1
2025-01-02 22:10:05,-3.7255373,12.316686,-1.2626455,12.929604,0.2133967146282468,1,-1
2025-01-01 20:49:20,1.2852037,5.349732,-2.9956303,6.2645974,0.21339100259732424,1,-1
2025-01-02 07:04:35,2.3440738,14.008955,-2.6926906,14.4566965,0.21330160955686983,1,-1
2025-01-02 03:23:55,-0.33123612,6.987807,2.4495466,7.4121146,0.21329533337995327,1,-1
2025-01-03 06:56:25,-3.9968293,10.388968,-0.5535069,11.14503,0.2132825007415307,1,-1
2025-01-03 15:50:30,-1.8508761,12.823269,-0.11953233,12.956706,0.2132675238407489,1,-1
2025-01-02 01:52:25,1.0625693,10.286976,-3.5556138,10.935872,0.21325345581722793,1,-1
2025-01-02 00:09:00,-0.2592771,13.082489,0.255462,13.087552,0.21321719651889487,1,-1
2025-01-01 13:18:25,0.05542231,5.6808567,0.51228046,5.704177,0.21312236955988778,1,-1
2025-01-03 16:42:55,3.66325,8.565355,-0.7994955,9.350075,0.2130717485879287,1,-1
2025-01-02 23:45:35,3.6400893,10.374869,-0.302613,10.99908,0.21306908281516734,1,-1
2025-01-03 08:36:05,-2.6715848,9.193712,2.4915178,9.892895,0.2130342648617964,1,-1
2025-01-01 21:14:10,-2.4711826,13.221455,-1.2443274,13.507849,0.21302551457440622,1,-1
2025-01-01 23:15:10,-1.1578853,12.0240965,2.475037,12.330669,0.21296989739383693,1,-1
2025-01-01 03:06:40,-1.6667472,12.674296,2.3418818,12.996162,0.21292204711872412,1,-1
2025-01-03 07:48:25,-0.3176595,5.3072524,0.82211727,5.379936,0.21288501963435888,1,-1
2025-01-02 08:16:25,0.32942373,6.19015,0.77944434,6.2477202,0.2128379152675105,1,-1
2025-01-01 00:05:45,3.6249714,6.477602,0.5437928,7.4428124,0.21281400123067096,1,-1
2025-01-02 14:14:50,-1.7834773,5.327193,0.5652208,5.646171,0.2127924242722908,1,-1
2025-01-03 15:50:50,-3.773683,9.837577,0.8317498,10.569315,0.21271055154195556,1,-1
2025-01-03 10:35:05,2.7951365,12.430291,2.4771671,12.979264,0.21270457099227996,1,-1
2025-01-01 01:23:25,-2.3465517,5.8319817,-1.8060989,6.5406656,0.212676313730304,1,-1
2025-01-02 04:06:35,0.7750846,13.449995,-1.031407,13.511732,0.21262905441608684,1,-1
2025-01-02 14:37:30,-0.48007223,10.417804,1.9619191,10.611796,0.2126210596544266,1,-1
2025-01-01 04:25:50,1.5671488,13.94656,-2.0037942,14.17666,0.21254456827483012,1,-1
2025-01-02 19:48:50,-0.6492741,13.449226,-1.4878513,13.546843,0.21252333229582002,1,-1
2025-01-02 08:58:30,2.087496,9.06719,1.862777,9.489021,0.21244558134878963,1,-1
2025-01-01 12:46:50,-4.1272354,10.8591385,1.090053,11.66804,0.2124201682963451,1,-1
2025-01-01 09:34:40,-1.4697967,13.331512,-1.1406535,13.460707,0.21232542487457415,1,-1
2025-01-03 11:26:35,-2.773282,8.945718,-0.16661179,9.367215,0.2121752376144975,1,-1
2025-01-01 07:07:05,-1.7622985,13.724522,-1.9391444,13.972418,0.2121332490224831,1,-1
2025-01-03 12:53:25,-0.38144028,7.1497254,-3.5661998,7.9988656,0.21200245758595349,1,-1
2025-01-01 04:32:35,0.015184525,6.4226165,-3.4460778,7.288737,0.21198602234212205,1,-1
2025-01-02 02:51:30,0.78020215,6.523105,-0.84190965,6.6233244,0.21194785796344473,1,-1
2025-01-03 14:28:30,-0.9384006,13.381271,-2.6053696,13.664808,0.21193220772938393,1,-1
2025-01-03 03:06:15,-3.9569504,6.9508376,-2.3379529,8.332924,0.211843455561113,1,-1
2025-01-03 02:07:10,-3.2788208,11.487775,0.76621926,11.971079,0.21182442430939274,1,-1
2025-01-03 17:10:20,0.23929293,12.478792,-0.7898182,12.506052,0.21182402805010778,1,-1
2025-01-03 21:01:30,-0.6601348,6.9197164,2.421152,7.360722,0.21177010341846908,1,-1
2025-01-02 12:51:40,2.2844903,11.800341,-3.7779095,12.599189,0.21174601858192785,1,-1
2025-01-03 13:14:00,-2.2410831,13.261728,-1.3902212,13.521413,0.2116635554354733,1,-1
2025-01-02 07:38:45,0.7563084,11.277334,-3.3213212,11.780554,0.21161635067037754,1,-1
2025-01-03 14:05:50,-1.7786945,5.3088565,0.21113226,5.602882,0.21159636885731103,1,-1
2025-01-02 08:41:15,-4.1428885,6.2592945,0.18103532,7.508333,0.21157051755845865,1,-1
2025-01-03 13:40:25,2.1208868,12.985065,-0.2500614,13.159507,0.21156724779359992,1,-1
2025-01-01 02:51:20,3.8611686,7.2662864,-0.13551779,8.229574,0.2115198452635083,1,-1
2025-01-03 06:44:15,3.567106,10.857051,-0.9030616,11.463653,0.21146769762258175,1,-1
2025-01-03 11:40:30,2.5646343,8.966756,2.3011096,9.605996,0.2114277362664179,1,-1
2025-01-01 19:22:30,3.2243147,9.717,-0.6276062,10.257201,0.21142480580241543,1,-1
2025-01-03 05:58:20,-4.1444325,6.548066,-1.1321769,7.8316865,0.21140000962055266,1,-1
2025-01-02 09:42:30,-4.12809,9.761227,-0.98869044,10.644256,0.2111727840480644,1,-1
2025-01-03 12:48:10,0.13281508,12.634533,2.4643526,12.873309,0.21116784131275385,1,-1
2025-01-02 21:19:15,0.2797667,13.291605,-2.2498899,13.483584,0.21115114069160448,1,-1
2025-01-03 17:43:05,-3.8782554,9.986433,-2.1692505,10.930478,0.21105782129833492,1,-1
2025-01-02 00:46:20,-3.7877605,10.770682,-2.9375494,11.7891445,0.21105734235324142,1,-1
2025-01-03 04:41:20,3.2272313,11.1275,-1.0955667,11.63772,0.21104513042382161,1,-1
2025-01-02 13:54:45,3.860139,6.684728,0.26288322,7.7236886,0.21103714488381273,1,-1
2025-01-03 00:12:55,-1.786529,11.777998,-3.6548545,12.460773,0.21101939726150207,1,-1
2025-01-03 08:34:05,-2.3059692,12.953448,-3.5239675,13.620854,0.21097396548233657,1,-1
2025-01-02 18:28:55,1.2916532,5.671695,-0.24019484,5.8218713,0.2109533985844474,1,-1
2025-01-02 00:17:50,-2.053667,12.739939,-3.4983134,13.370182,0.21094979752484763,1,-1
2025-01-03 05:04:45,2.1322117,11.862552,2.118197,12.23737,0.21093180099611678,1,-1
2025-01-02 15:57:45,2.3812442,12.446935,-3.6149147,13.178168,0.21092505493926356,1,-1
2025-01-01 04:54:45,-3.812183,6.980957,-0.78369254,7.9925385,0.21081181947480396,1,-1
2025-01-01 02:09:20,1.2194996,10.562105,-3.56529,11.214123,0.21079346532239301,1,-1
2025-01-01 08:51:00,1.3303131,8.153319,2.4301898,8.611165,0.2107185677155513,1,-1
2025-01-01 05:55:15,3.9962833,8.068066,-0.17501223,9.005254,0.21067093136576953,1,-1
2025-01-03 05:25:05,-1.7816142,12.791487,2.243412,13.108363,0.21063580756650793,1,-1
2025-01-01 15:19:40,1.7858175,5.360782,-2.8524837,6.3295965,0.21062581170662498,1,-1
2025-01-03 12:08:55,0.38913935,5.489029,0.22200751,5.5072823,0.21058378690276525,1,-1
2025-01-03 06:47:40,-1.2245953,13.676815,-0.4893813,13.740247,0.210528821387833,1,-1
2025-01-02 00:05:40,3.806553,12.697231,-1.7259804,13.367443,0.21050593228800135,1,-1
2025-01-01 22:52:05,0.33004633,5.639487,-2.0322633,6.0035686,0.21037676814446515,1,-1
2025-01-01 21:07:15,-3.0565233,5.8745885,0.6646842,6.6554437,0.21035765594324207,1,-1
2025-01-03 15:05:20,0.81865394,14.005231,-0.28427553,14.032017,0.21033704137551623,1,-1
2025-01-01 03:35:35,0.87707525,13.4701,-1.2743164,13.558641,0.21029317500206415,1,-1
2025-01-03 19:52:55,-1.953956,5.9972043,-2.8236551,6.910675,0.21029093396642376,1,-1
2025-01-02 23:29:50,-2.536916,10.257068,-3.5761247,11.154911,0.210282277342392,1,-1
2025-01-01 17:22:40,3.514029,7.3242307,-0.96310115,8.180484,0.21025926867233774,1,-1
2025-01-03 01:15:15,0.2389834,8.766529,-3.7705896,9.54602,0.21025703629463152,1,-1
2025-01-01 15:16:00,-3.972578,9.86862,0.5331001,10.651537,0.21018891534387404,1,-1
2025-01-02 09:50:55,2.8374903,13.82381,-1.3300682,14.17456,0.2101330803138639,1,-1
2025-01-01 02:46:25,-4.1082263,8.303643,-1.2952607,9.354449,0.21012743808911158,1,-1
2025-01-02 23:17:40,3.5309856,11.930724,-1.475285,12.529426,0.21007833705700527,1,-1
2025-01-01 18:48:05,-2.2792473,10.815545,-3.7405326,11.668872,0.20998359665521532,1,-1
2025-01-01 06:26:05,2.2394774,6.2601914,-3.763111,7.6397815,0.20986321002931946,1,-1
2025-01-01 16:29:25,-3.746587,8.628853,-1.3394856,9.502012,0.2098618548899525,1,-1
2025-01-02 20:14:00,-1.3132138,6.021509,0.14037041,6.1646414,0.20985251526717147,1,-1
2025-01-01 11:21:50,-0.71843237,13.469203,-1.3506838,13.555807,0.20982707934476086,1,-1
2025-01-01 19:42:20,-0.018786767,13.827807,-2.2011979,14.0019245,0.20981189566529762,1,-1
2025-01-01 00:48:40,1.3840637,7.4191175,2.413946,7.923766,0.20972707525518156,1,-1
2025-01-03 12:46:45,-0.949728,7.8676786,-2.6896746,8.3687935,0.20969200777279504,1,-1
2025-01-02 07:27:55,0.35407645,5.6940594,-2.5689647,6.2567773,0.20964783350613,1,-1
2025-01-01 16:03:25,2.1110845,5.2770452,-2.7606287,6.3186197,0.20956348927070562,1,-1
2025-01-03 08:54:10,-0.76840425,12.88237,-0.8887873,12.935836,0.20955090489503317,1,-1
2025-01-01 15:09:55,-0.29054946,13.829015,-1.5971186,13.923966,0.20949872447540813,1,-1
2025-01-01 22:33:10,3.3025532,9.078903,-1.7261707,9.813919,0.20948892545745945,1,-1
2025-01-02 02:19:55,1.1242124,8.028213,-3.756141,8.9344635,0.20948315709925847,1,-1
2025-01-01 19:50:55,3.6804936,10.24743,-0.74039644,10.91348,0.20947033531878995,1,-1
2025-01-02 16:19:15,0.98002005,9.755155,-2.9981084,10.252421,0.20946305278688768,1,-1
2025-01-01 16:11:50,-1.72469,6.044737,-2.4333277,6.740511,0.20946136877729607,1,-1
2025-01-03 09:40:00,1.9138327,12.971386,-3.5965574,13.596133,0.20945456843020474,1,-1
2025-01-03 05:52:45,-3.7426322,9.737346,-1.1909349,10.499597,0.20940486536322317,1,-1
2025-01-02 17:48:05,-0.23870857,7.003641,-3.7802677,7.962311,0.20933906508519434,1,-1
2025-01-01 03:50:00,1.0964941,13.999436,-0.5096825,14.0515585,0.2093312003364786,1,-1
2025-01-03 04:10:05,1.4404752,11.944716,1.7058845,12.151595,0.2092833136946864,1,-1
2025-01-03 14:25:30,-2.2735226,5.4392343,0.03973159,5.895401,0.20928293511129284,1,-1
2025-01-01 17:02:35,0.21922499,13.914298,0.94304645,13.947943,0.20926049804600788,1,-1
2025-01-01 17:31:55,3.7337945,8.710767,-0.6520787,9.499679,0.2092539056815768,1,-1
2025-01-03 09:36:55,0.41504094,9.275742,-3.3522458,9.871635,0.20922571535523307,1,-1
2025-01-02 04:38:25,3.6114151,9.013274,-1.8924955,9.892571,0.20922039872513007,1,-1
2025-01-02 16:08:00,-3.8031652,8.412924,-0.0301673,9.232674,0.2091921020045137,1,-1
2025-01-01 09:26:35,-2.9512677,5.2607408,-1.7241749,6.2736077,0.20914808277850042,1,-1
2025-01-02 16:22:35,-1.8314462,9.636813,-3.1246307,10.294935,0.20910574346388086,1,-1
2025-01-03 20:51:40,1.4218409,10.773916,-3.3918803,11.384364,0.20876938384303165,1,-1
2025-01-03 06:32:20,-1.6534802,10.058879,1.9698198,10.382448,0.20875765329387047,1,-1
2025-01-01 06:15:50,-0.8036579,10.620184,1.8755367,10.814426,0.20869327776761878,1,-1
2025-01-03 08:22:05,-1.0612334,5.7094374,-0.28784323,5.814357,0.2086877518821712,1,-1
2025-01-02 04:19:00,0.11293146,5.236454,-1.5788629,5.470467,0.2086605264012928,1,-1
2025-01-02 17:41:20,1.0300151,7.527349,2.482804,7.992886,0.2086573020653574,1,-1
2025-01-03 14:17:55,-0.93752456,13.924238,0.40454832,13.961627,0.20864849023223686,1,-1
2025-01-03 12:30:45,-2.2604494,5.221945,-1.4595233,5.8743973,0.20863023341053435,1,-1
2025-01-02 23:27:40,-2.658603,5.650597,-0.14435,6.2464595,0.20858909289923322,1,-1
2025-01-03 10:44:35,-0.18526328,5.294765,0.75193137,5.351099,0.20857835472943168,1,-1
2025-01-02 07:53:15,-0.5815355,13.307892,0.74282557,13.341288,0.20857681563563776,1,-1
2025-01-01 19:00:10,3.8438292,8.006813,-2.5171595,9.231477,0.20852372038148495,1,-1
2025-01-02 06:50:05,1.8641545,13.949323,-2.3682847,14.271211,0.20850443218817838,1,-1
2025-01-02 18:14:35,-0.10927091,8.104559,-3.7318237,8.923134,0.2084819514867661,1,-1
2025-01-02 00:39:05,2.1152856,13.517455,-2.0493944,13.834596,0.20847755028209042,1,-1
2025-01-02 15:53:25,1.3239424,8.430157,2.1524818,8.80077,0.20845185944287511,1,-1
2025-01-03 07:48:40,-1.5344605,13.050052,-1.3997777,13.214303,0.20844361384802365,1,-1
2025-01-01 09:14:20,1.3007493,5.54013,-2.9334745,6.402364,0.20842837688185734,1,-1
2025-01-02 09:01:20,-3.84353,12.845786,-0.54964143,13.419726,0.20837793672370775,1,-1
2025-01-03 08:59:15,-2.6566925,6.6379743,2.4795663,7.567626,0.20821443950922253,1,-1
2025-01-03 04:52:10,-0.83491576,5.743254,-0.9793888,5.885682,0.20810830410139208,1,-1
2025-01-02 09:02:35,0.46462417,6.825228,-3.7374616,7.795398,0.20799647234114607,1,-1
2025-01-03 02:39:40,-3.671255,6.9164577,-2.0180302,8.086282,0.20792732870941688,1,-1
2025-01-01 19:59:10,3.3307152,11.199045,-1.3302224,11.759326,0.20790047494456518,1,-1
2025-01-01 16:07:40,-2.210355,13.681253,0.14411214,13.8594055,0.2078197048573603,1,-1
2025-01-02 23:04:05,1.037609,12.16839,2.059909,12.385055,0.20780116257235687,1,-1
2025-01-01 07:15:05,1.1215097,13.322885,-1.0903366,13.414391,0.20780072250078666,1,-1
2025-01-01 19:49:25,-3.802577,11.058387,-0.488988,11.704128,0.20779643971151054,1,-1
2025-01-01 19:05:20,1.9039403,13.939675,-2.3423936,14.26276,0.20777454537696993,1,-1
2025-01-02 08:15:30,1.4401286,5.770003,-0.22641873,5.951317,0.20777128719869814,1,-1
2025-01-02 16:21:10,-1.8213041,10.3664465,2.3189192,10.77765,0.20774697182482094,1,-1
2025-01-03 17:50:20,-2.0088563,13.850607,-0.29629663,13.998665,0.20769816270659142,1,-1
2025-01-01 21:51:40,-4.152009,12.51885,-2.0091577,13.341571,0.20767836718048135,1,-1
2025-01-01 21:17:00,2.0740476,5.457216,0.5985774,5.8686604,0.20767561711920357,1,-1
2025-01-02 09:36:05,1.4393898,6.031422,-1.7037054,6.430591,0.20757415287684708,1,-1
2025-01-03 19:17:40,3.6688046,11.233706,-0.45227262,11.826277,0.20754634218209564,1,-1
2025-01-03 03:35:35,-1.1251069,5.865659,-2.5331779,6.4875894,0.20753421278589773,1,-1
2025-01-02 13:40:40,2.8806186,11.540401,-1.2707945,11.962179,0.20751557501168755,1,-1
2025-01-02 12:54:55,-3.812053,11.020866,-2.860915,12.007334,0.20751147027017813,1,-1
2025-01-02 14:53:35,-2.328857,5.448302,-2.25383,6.339347,0.2074883438192236,1,-1
2025-01-03 03:03:45,-1.60965,13.982214,-0.8261045,14.098784,0.20746718228789407,1,-1
2025-01-02 08:54:20,3.6919067,9.917385,0.5642216,10.597313,0.20743129176699604,1,-1
2025-01-03 15:38:55,0.34175864,11.469868,-3.653889,12.042657,0.2073250975849509,1,-1
2025-01-02 15:18:55,3.5493972,6.749558,-0.91284776,7.6803675,0.20728516879369935,1,-1
2025-01-02 06:36:25,2.3514392,12.008136,2.2773132,12.446315,0.2072068610206692,1,-1
2025-01-02 02:17:20,0.59316385,13.555165,-1.0852411,13.611469,0.20719618530973935,1,-1
2025-01-03 07:03:20,-0.10441489,5.47013,1.1013243,5.5808725,0.20718180706708586,1,-1
2025-01-01 11:55:50,-3.2925713,5.3599496,1.0707612,6.380957,0.2071793398088499,1,-1
2025-01-01 23:04:55,1.9773648,9.299309,1.7186146,9.661302,0.20714382798490916,1,-1
2025-01-01 15:58:10,-1.5547909,5.945205,-2.5518847,6.653943,0.20714103539719278,1,-1
2025-01-03 17:52:50,-3.853276,10.95479,1.0306064,11.658358,0.20706774789802293,1,-1
2025-01-03 19:08:30,-4.169551,10.585996,-1.7226995,11.507222,0.20705846394170277,1,-1
2025-01-01 18:27:10,0.45394686,7.9351487,2.4442832,8.315477,0.20702215804958146,1,-1
2025-01-01 10:07:50,-0.23520948,10.192413,2.5007963,10.497361,0.20692921410502782,1,-1
2025-01-03 06:12:05,1.3944081,12.885775,-3.6447568,13.463722,0.20686719861112224,1,-1
2025-01-03 01:58:55,3.6868129,8.345084,0.30401477,9.128277,0.20686673049635196,1,-1
2025-01-01 19:12:20,-0.3967059,5.945781,-1.4060949,6.122646,0.206793184197171,1,-1
2025-01-01 02:41:45,-2.9634218,8.275567,2.1396487,9.046821,0.20674942086611567,1,-1
2025-01-03 16:24:00,0.9233826,5.2598424,0.5190993,5.365449,0.20674831522243325,1,-1
2025-01-01 18:06:25,3.7061276,9.524273,-1.7425003,10.367423,0.20673265685083658,1,-1
2025-01-02 12:46:10,-2.5693545,11.533063,-3.4149942,12.299402,0.20668774011945093,1,-1
2025-01-03 00:18:45,1.2262051,5.707051,-1.549177,6.0393667,0.20665765337435107,1,-1
2025-01-03 20:02:55,0.0026570305,5.626676,-0.72745043,5.6735063,0.20663902066206088,1,-1
2025-01-02 19:21:10,-0.8288611,5.8282504,-0.5458867,5.912149,0.20663681500960535,1,-1
2025-01-02 02:33:25,2.6239054,5.592746,-0.49362347,6.197366,0.206608445760907,1,-1
2025-01-01 14:33:45,-1.0099597,13.748932,-1.3198756,13.849015,0.20642726213680881,1,-1
2025-01-02 11:30:45,3.6652143,7.317982,-0.55103177,8.203067,0.20642671820568012,1,-1
2025-01-02 06:41:30,1.4449136,12.907833,-3.4606898,13.441588,0.2064215709227722,1,-1
2025-01-03 16:58:25,3.784845,8.407315,0.7319245,9.248984,0.20640519682972028,1,-1
2025-01-03 06:49:00,0.27655962,13.785446,1.2445873,13.844277,0.2063685847859472,1,-1
2025-01-03 00:27:05,-3.7892957,11.003312,-2.8498755,11.981379,0.20636350902308245,1,-1
2025-01-01 02:37:45,1.2419432,6.633504,0.6644377,6.781392,0.2063538106173288,1,-1
2025-01-02 04:26:20,1.4750379,5.7935243,0.12471147,5.9796495,0.20633766464930514,1,-1
2025-01-02 15:45:15,3.5520995,12.184017,-2.391081,12.914525,0.20627181931366254,1,-1
2025-01-03 20:18:55,3.7943518,12.978987,-0.38913172,13.527847,0.20625056377119289,1,-1
2025-01-01 05:32:40,-0.85608035,9.73431,-3.1449773,10.265503,0.20624782526441893,1,-1
2025-01-03 03:14:45,-0.5576116,13.841384,-2.4868677,14.074066,0.2061691270081217,1,-1
2025-01-03 19:18:15,0.75382733,5.937185,-2.044043,6.324281,0.2061355297170988,1,-1
2025-01-02 15:59:05,1.3350906,8.973047,2.3645556,9.374923,0.20609872440425941,1,-1
2025-01-02 21:11:45,1.9768593,10.083662,-3.4502447,10.839391,0.20607056265534257,1,-1
2025-01-01 14:48:15,-0.3339235,5.305731,-0.7196426,5.364715,0.2060610430178616,1,-1
2025-01-02 17:12:55,1.5996168,13.855103,-1.6523055,14.04467,0.20605080880070129,1,-1
2025-01-01 14:22:05,-1.8436818,14.031627,-0.051024646,14.152326,0.20603685705553287,1,-1
2025-01-02 04:36:30,0.33160898,13.805692,0.38875052,13.815145,0.20600836691852462,1,-1
2025-01-02 03:33:50,0.85024357,10.023608,-3.5260127,10.659662,0.20597220559420762,1,-1
2025-01-02 02:26:10,-4.1335635,10.944861,-2.5419643,11.972382,0.20593241905521417,1,-1
2025-01-02 11:16:20,1.7979085,8.131694,2.389519,8.664105,0.20590790991950428,1,-1
2025-01-01 23:46:35,1.6466308,8.176883,-3.5800738,9.0768795,0.2058625171284582,1,-1
2025-01-02 01:00:35,3.970881,12.851226,-2.493554,13.679902,0.20583433765372708,1,-1
2025-01-02 06:58:40,-3.9774737,12.972291,-0.39115524,13.574006,0.20576589189557035,1,-1
2025-01-01 02:52:30,-1.7683904,6.1901093,-0.17657518,6.4401736,0.20574792153413424,1,-1
2025-01-01 12:53:15,2.2624416,11.444164,2.4135926,11.912723,0.20570477458217684,1,-1
2025-01-01 21:17:45,3.1656647,10.374219,0.7969907,10.875709,0.2055813783084093,1,-1
2025-01-01 02:02:10,-1.6301305,10.153684,-3.7677515,10.952195,0.20555578586408066,1,-1
2025-01-01 01:53:00,-0.5731679,13.057178,-0.6226578,13.084575,0.2055481354599884,1,-1
2025-01-02 19:43:25,2.9123864,11.458411,-1.1083237,11.874576,0.20548728748116285,1,-1
2025-01-02 06:27:35,1.5183495,13.869061,-0.43004674,13.958552,0.20545663244289813,1,-1
2025-01-02 02:06:50,1.3261325,6.931887,2.1655133,7.3823533,0.20537756200879675,1,-1
2025-01-03 10:50:20,-4.1660523,7.797654,-2.4029615,9.16153,0.20536508093988398,1,-1
2025-01-03 10:21:30,0.04981981,7.494761,1.9724373,7.750125,0.20536309388984714,1,-1
2025-01-01 13:07:35,-0.3681043,13.839908,-2.2303886,14.023309,0.2053573822463418,1,-1
2025-01-01 15:28:00,-4.017065,11.277528,-0.67900825,11.99085,0.2053229843967902,1,-1
2025-01-01 09:21:55,2.217023,5.423054,0.15952678,5.8609004,0.20531558666918226,1,-1
2025-01-03 17:42:05,3.5830972,8.131118,-3.0482159,9.393896,0.20529981944053644,1,-1
2025-01-01 23:19:45,-0.6958617,5.8564544,-1.3869591,6.0585423,0.20529731381470281,1,-1
2025-01-02 05:45:10,1.7304515,8.612021,-3.4449723,9.43553,0.2051377182001205,1,-1
2025-01-03 10:29:00,-2.133745,6.2519603,-1.8091936,6.8493104,0.20513546509495018,1,-1
2025-01-02 04:34:15,0.13201578,12.608161,2.481372,12.850696,0.20512914364248092,1,-1
2025-01-03 17:12:10,0.40549934,13.670276,-1.0525497,13.716732,0.2050084444327705,1,-1
2025-01-01 13:19:55,-2.960711,9.181907,-0.0974274,9.647938,0.20495413782584304,1,-1
2025-01-02 13:12:05,-1.9739993,13.37472,0.036987457,13.519658,0.20493484870692305,1,-1
2025-01-03 12:57:55,1.099276,6.870498,2.2502093,7.312701,0.20492530444947754,1,-1
2025-01-03 17:20:25,-2.2851393,7.76688,1.792611,8.29215,0.20492424904571657,1,-1
2025-01-01 10:52:50,-4.0795226,6.1866307,-2.518044,7.826714,0.20472552777173667,1,-1
2025-01-02 15:26:05,-4.1409736,6.15096,-2.2877111,7.759871,0.20472391556454592,1,-1
2025-01-02 18:12:40,3.796802,11.971343,1.2433333,12.620406,0.20469757976344743,1,-1
2025-01-02 22:24:25,-3.7420597,10.681629,0.19755535,11.31986,0.20469278978434224,1,-1
2025-01-01 21:40:55,-2.5976112,13.634861,1.227791,13.934293,0.20468667835333085,1,-1
2025-01-02 07:44:50,2.5686789,11.322993,-1.0302984,11.65632,0.2046703820582132,1,-1
2025-01-03 04:16:15,1.3380824,12.687251,-0.40425247,12.764021,0.20465684399117592,1,-1
2025-01-01 12:22:30,-1.0201982,13.60719,1.0664209,13.68699,0.2046354355116422,1,-1
2025-01-01 01:45:00,-0.032013223,6.4487805,-0.91561425,6.5135355,0.20462497801382445,1,-1
2025-01-01 08:10:50,-3.3815367,8.625721,-0.8631474,9.304992,0.2046173673448266,1,-1
2025-01-01 20:28:25,-0.8195322,11.6017,-3.1531844,12.050462,0.20458443197741258,1,-1
2025-01-03 03:46:15,3.6297214,11.916218,-2.8892753,12.7874565,0.20453150091713804,1,-1
2025-01-01 17:46:10,-1.0391816,5.5752745,-0.5129948,5.694449,0.20444823179016117,1,-1
2025-01-01 03:22:10,3.619657,8.36443,-2.873998,9.556437,0.2044278239645723,1,-1
2025-01-01 05:17:15,3.853327,11.860877,-0.8240412,12.498303,0.2044018931551963,1,-1
2025-01-03 03:32:00,-1.6925672,13.9703865,-2.651592,14.320175,0.2043732522571226,1,-1
2025-01-03 20:55:00,-4.102741,7.7659593,1.3162118,8.881161,0.20436372110511533,1,-1
2025-01-02 11:01:20,2.6000705,13.5139065,-0.048132773,13.761844,0.20433384875778904,1,-1
2025-01-03 02:11:10,3.8961349,12.959462,-0.6361305,13.547405,0.20428602920740993,1,-1
2025-01-01 09:55:55,-0.27179986,9.793882,2.4225802,10.092715,0.2042121270384476,1,-1
2025-01-01 08:18:30,-0.94885683,6.9100423,-3.5974047,7.847951,0.20418063458605804,1,-1
2025-01-02 11:29:15,-1.2891537,8.293533,2.202772,8.677374,0.20417495517159798,1,-1
2025-01-01 08:19:45,-0.7863007,13.943679,0.9864645,14.0006275,0.20415330010462351,1,-1
2025-01-03 10:26:10,-3.7763977,9.152692,0.4246198,9.91026,0.20414211210324884,1,-1
2025-01-03 00:06:00,-1.7782137,5.285142,-2.4202147,6.078833,0.20411823480882235,1,-1
2025-01-02 16:26:25,1.3365641,11.014447,-3.1576238,11.535815,0.20397903173661106,1,-1
2025-01-01 17:45:10,-4.0055594,12.255382,-1.7240459,13.0081215,0.20397654706094726,1,-1
2025-01-03 02:13:45,-1.9256828,13.922971,-2.7152529,14.315375,0.20392205582522535,1,-1
2025-01-01 09:07:15,-1.836933,9.65211,1.5816556,9.951843,0.20389827698271104,1,-1
2025-01-01 17:54:35,-3.176759,9.932876,-0.13804622,10.429423,0.20389017970240092,1,-1
2025-01-02 05:17:40,-2.9568257,5.430521,-1.2518047,6.3087554,0.20387897969155655,1,-1
2025-01-03 01:02:40,-1.2245363,13.651787,-1.9228511,13.840814,0.20384450798851836,1,-1
2025-01-01 11:41:20,0.9908739,11.97983,2.366997,12.251564,0.20383658023429152,1,-1
2025-01-03 18:28:55,-2.5388727,9.067244,-3.7035668,10.118161,0.20383348564519832,1,-1
2025-01-02 02:48:20,0.6384131,6.634705,-3.7100165,7.6283092,0.20379090824365542,1,-1
2025-01-03 13:59:30,-1.8966914,9.64851,2.193206,10.074787,0.20377094316221345,1,-1
2025-01-03 10:58:25,0.13844809,5.493017,0.05035853,5.4949923,0.20376418279618247,1,-1
2025-01-02 10:30:05,-1.8286211,12.380344,2.4582791,12.75382,0.20375823363215118,1,-1
2025-01-03 13:55:20,0.936944,5.472,1.324635,5.7074785,0.20373767164206608,1,-1
2025-01-02 14:22:40,0.6225666,10.993352,-3.4239998,11.531052,0.20369363794113488,1,-1
2025-01-03 02:53:00,-1.8913245,10.037334,2.1168993,10.431033,0.20366636797975593,1,-1
2025-01-02 21:07:10,3.9338737,9.021017,-1.6583833,9.980198,0.20356965192647236,1,-1
2025-01-02 01:17:00,-3.1370835,5.4223604,1.3647364,6.41138,0.20356474626879262,1,-1
2025-01-01 08:16:45,1.1270077,9.86435,-2.881573,10.338231,0.2035609578772096,1,-1
2025-01-03 11:59:25,0.14007086,10.960865,2.3116426,11.202851,0.20354162291055358,1,-1
2025-01-02 16:57:25,-3.309679,11.232738,-0.40597162,11.717217,0.20344568618863718,1,-1
2025-01-01 01:38:05,2.2559493,5.7395344,-1.5160424,6.350586,0.20344544428952258,1,-1
2025-01-01 23:51:25,3.7111828,12.948334,-0.07466904,13.469885,0.203371018105769,1,-1
2025-01-03 20:23:30,-1.5668395,13.510426,-1.2111878,13.6548,0.2033285492330279,1,-1
2025-01-02 05:45:35,-3.0493348,5.519318,-2.5778682,6.8122478,0.20332010822412472,1,-1
2025-01-02 00:07:15,-3.5727265,10.33316,-2.193846,11.151301,0.20330947652729978,1,-1
2025-01-01 19:41:40,2.8120143,5.368478,-1.3288298,6.2043347,0.2032879533351014,1,-1
2025-01-03 10:32:05,-2.9992747,13.662594,-1.6600933,14.086094,0.20326293843115267,1,-1
2025-01-02 05:26:35,0.20512208,13.894895,0.9437882,13.928421,0.20326127521117995,1,-1
2025-01-01 05:36:20,3.9486349,8.068664,-0.1915182,8.985084,0.20324332963901512,1,-1
2025-01-01 17:30:50,-1.3948195,13.760811,1.6332309,13.927415,0.2032200089898248,1,-1
2025-01-03 02:11:20,3.7632642,7.929821,-0.59971493,8.797947,0.2031805558443444,1,-1
2025-01-02 08:58:10,-1.9422072,9.601828,-2.8400745,10.199671,0.2031456847055766,1,-1
2025-01-01 09:51:15,2.7872887,5.7805085,-0.07352645,6.4178395,0.2031434318831889,1,-1
2025-01-01 06:10:35,1.7244853,6.3597474,-3.496025,7.4593854,0.2031347213455803,1,-1
2025-01-03 04:32:35,-2.8190765,13.998962,-0.5491869,14.290547,0.20307057237115525,1,-1
2025-01-03 06:47:10,-2.1509535,6.4503837,2.3308506,7.18797,0.20305728588392824,1,-1
2025-01-01 08:22:30,0.86473364,5.7220216,-0.36549145,5.798524,0.20300843516159786,1,-1
2025-01-03 10:10:35,-3.7102373,9.099167,0.98723793,9.8759985,0.20300062719517956,1,-1
2025-01-03 15:41:50,3.581532,9.745577,0.52333593,10.396033,0.20292464195306328,1,-1
2025-01-01 11:48:00,1.1728191,6.4648643,-3.5797527,7.482286,0.2029242376789471,1,-1
2025-01-02 15:11:55,-3.8563955,12.218511,-0.5389322,12.823971,0.20288388927936948,1,-1
2025-01-02 13:25:05,2.596476,10.032759,0.9223825,10.404265,0.20287156323327468,1,-1
2025-01-01 20:02:15,-1.0582181,13.035963,-0.50690085,13.088663,0.20286474428771983,1,-1
2025-01-03 12:49:45,-1.8861129,13.370114,0.8592757,13.529809,0.2028581157876959,1,-1
2025-01-01 15:45:50,-2.1756072,7.7228413,1.7892382,8.220518,0.20279638930731977,1,-1
2025-01-02 20:57:35,-2.3007765,12.498839,0.49757877,12.7185755,0.20265793865748372,1,-1
2025-01-01 21:50:45,-0.17961544,5.5962486,0.6470174,5.6363897,0.20261507295303127,1,-1
2025-01-02 14:56:50,-3.1297882,10.078698,-0.11639984,10.554112,0.20261258668929266,1,-1
2025-01-02 04:55:25,-2.9890642,5.3393598,-1.333323,6.2626686,0.20260517798207162,1,-1
2025-01-02 01:31:25,3.8299403,7.022821,-2.9313664,8.51947,0.20260298360200607,1,-1
2025-01-02 22:52:50,3.7918713,10.417691,-0.7297796,11.110317,0.20248411481892828,1,-1
2025-01-01 03:55:40,-3.722587,7.677923,1.0395042,8.595855,0.20244303025887928,1,-1
2025-01-01 19:20:05,-0.74585485,5.936784,-0.47908336,6.0026016,0.20243643951738532,1,-1
2025-01-03 20:42:55,-2.6591063,13.88788,-2.3837492,14.339677,0.20241836096016086,1,-1
2025-01-03 07:22:40,1.8970662,13.565248,0.019008035,13.6972685,0.20240247905039332,1,-1
2025-01-02 02:32:05,1.9380648,8.546502,2.1052258,9.012812,0.20234083202828834,1,-1
2025-01-02 02:39:50,-4.1409636,9.241274,-0.96141034,10.17217,0.20233978876857003,1,-1
2025-01-03 05:19:45,3.782778,11.426017,0.66635674,12.054348,0.2023327753742038,1,-1
2025-01-02 10:10:30,-2.9580848,8.964044,-3.7840312,10.169722,0.20228345663892083,1,-1
2025-01-02 12:26:25,-1.7242751,12.040369,2.2367408,12.367159,0.2022688017336963,1,-1
2025-01-03 16:15:45,0.67888063,10.871477,-3.7191317,11.510076,0.20226512446176084,1,-1
2025-01-03 08:02:05,3.734268,12.004344,-1.436415,12.65355,0.20225131381301414,1,-1
2025-01-02 00:37:35,-1.6938605,9.646341,1.9591507,9.98796,0.20222992849022606,1,-1
2025-01-03 15:18:00,2.7240732,11.907936,2.444505,12.457733,0.20219790899927356,1,-1
2025-01-01 23:18:45,-3.0333378,13.964842,0.7444366,14.309861,0.20214854958473394,1,-1
2025-01-02 12:17:00,3.3552032,10.8718605,-1.2834092,11.449973,0.20212170920070766,1,-1
2025-01-01 23:15:55,3.6793087,10.629252,-2.1458585,11.450896,0.20208402641662618,1,-1
2025-01-03 15:35:15,-1.0862837,13.586033,-0.13816248,13.630092,0.20206601433117083,1,-1
2025-01-01 12:46:35,-0.72338915,10.715713,1.7104559,10.875451,0.20198297490893488,1,-1
2025-01-01 04:06:50,-1.2326539,6.254641,-0.2973243,6.3818784,0.2019712767278118,1,-1
2025-01-01 12:04:20,0.5551202,7.7013826,-3.2520113,8.378247,0.20184364253219295,1,-1
2025-01-02 15:22:05,-3.2573116,12.008158,2.4869828,12.688224,0.20182088271320664,1,-1
2025-01-02 02:16:15,-3.4763808,12.100264,0.69259614,12.608778,0.20179808507610733,1,-1
2025-01-01 13:21:00,-3.7766793,7.5481377,0.53267604,8.457034,0.20176550757976097,1,-1
2025-01-01 00:40:50,-2.8086946,13.706423,-2.3948197,14.1947155,0.20175893956154228,1,-1
2025-01-01 22:19:00,-2.7983522,6.468688,2.2837527,7.408794,0.2017537956685517,1,-1
2025-01-01 01:26:40,0.40379912,12.941045,1.793413,13.070961,0.2017401095133619,1,-1
2025-01-02 13:23:15,3.5021994,7.46952,-0.67744577,8.277564,0.2016942473146068,1,-1
2025-01-01 12:34:15,0.7521025,10.163722,-3.626309,10.817441,0.20167684981606654,1,-1
2025-01-01 01:00:40,0.57762563,9.702052,2.2731016,9.981505,0.20165287206287164,1,-1
2025-01-03 21:01:35,-1.0684559,5.535616,-0.9521398,5.7176228,0.2016248518818751,1,-1
2025-01-02 01:06:05,1.8385972,5.4328732,0.6189432,5.768851,0.2015686939176629,1,-1
2025-01-02 18:20:20,-3.0967312,5.5287375,0.39971575,6.3495235,0.20156764541233232,1,-1
2025-01-02 12:01:05,1.7135174,10.464036,2.3466349,10.859967,0.20155822145938948,1,-1
2025-01-02 03:54:05,2.8845568,10.581573,-3.7660325,11.596265,0.20143590638413006,1,-1
2025-01-03 03:44:35,-2.6956742,9.193304,-3.760973,10.292153,0.20140191930273466,1,-1
2025-01-01 18:08:20,-0.8015385,13.721271,-0.9899606,13.780268,0.20130897658675614,1,-1
2025-01-02 04:14:20,2.9057496,11.182111,-3.42326,12.049967,0.20128008997899388,1,-1
2025-01-03 09:47:30,-3.0317652,11.304857,-1.1707461,11.76274,0.20127252674891322,1,-1
2025-01-02 04:20:30,-2.6041052,7.9735084,2.165124,8.662907,0.2012019575900832,1,-1
2025-01-02 17:01:55,-3.0743194,11.977419,-3.4727905,12.844075,0.20118382400757615,1,-1
2025-01-01 06:54:10,3.681916,6.9145565,0.028173922,7.833798,0.2011668574993359,1,-1
2025-01-02 08:42:05,2.9984212,13.659726,-1.457929,14.060732,0.20115405561206037,1,-1
2025-01-03 15:31:25,1.0458497,6.7377214,2.3854392,7.2236423,0.2011487046741097,1,-1
2025-01-02 21:36:15,-1.7480012,10.734094,-3.4836645,11.419816,0.2011413074109809,1,-1
2025-01-01 20:51:50,-2.033104,13.523782,-2.6455176,13.929284,0.2011357776030485,1,-1
2025-01-03 13:36:45,-0.91522133,13.456777,0.30901757,13.491404,0.20108022424212668,1,-1
2025-01-03 15:27:20,-1.8011901,9.830345,-3.7795458,10.684799,0.20104635342480132,1,-1
2025-01-02 04:00:45,-0.53406096,11.057301,2.4713938,11.342703,0.20103728145828556,1,-1
2025-01-01 17:27:35,-1.1685255,8.752889,2.3655422,9.141898,0.20101890611721365,1,-1
2025-01-03 20:34:50,0.7045313,5.6217117,-2.390583,6.1493816,0.20099772200384577,1,-1
2025-01-01 12:33:35,0.21791987,9.12727,-3.360428,9.72867,0.20097919297452196,1,-1
2025-01-03 08:48:45,2.235374,8.094821,-3.6137578,9.142333,0.20097094688884792,1,-1
2025-01-03 16:12:35,1.1467942,13.9779625,-0.51766694,14.034477,0.20094670593191233,1,-1
2025-01-02 02:43:35,2.8647888,7.8945484,-3.4150712,9.06607,0.20084393646819748,1,-1
2025-01-03 21:02:35,-0.48092106,11.63203,-3.1026351,12.048308,0.2008408729272499,1,-1
2025-01-01 23:39:50,-1.8488356,9.501789,1.8828149,9.861399,0.20070830038824491,1,-1
2025-01-02 00:15:05,-3.6229699,11.108072,-2.452019,11.938491,0.20068419537899365,1,-1
2025-01-03 16:12:05,1.6226352,5.3399234,-1.3686299,5.7463794,0.20068340215534972,1,-1
2025-01-03 21:00:20,-1.3449339,5.489439,-0.5362238,5.6771755,0.20067939782187139,1,-1
2025-01-02 04:47:25,3.2388027,7.6733418,0.36139455,8.336703,0.200606543497642,1,-1
2025-01-02 10:36:35,3.2633717,11.1687565,-1.5531129,11.738947,0.20059560400831505,1,-1
2025-01-03 11:32:40,-1.5293001,8.863369,-3.7639046,9.750131,0.20057847297057477,1,-1
2025-01-02 21:22:00,-1.76742,10.371573,-3.7037456,11.15397,0.20053512384469296,1,-1
2025-01-01 09:14:55,-1.4679303,6.6231956,-0.058242317,6.784168,0.20051984817008547,1,-1
2025-01-01 11:25:55,-1.6450061,13.157522,0.34114283,13.264343,0.20050891554347222,1,-1
2025-01-02 06:30:05,2.5208256,13.837625,1.5544738,14.151,0.20048704591063063,1,-1
2025-01-02 22:34:35,-0.7284328,13.484355,-2.0332947,13.656235,0.20038104326536205,1,-1
2025-01-01 17:32:30,3.9340832,12.752279,1.4135791,13.419978,0.2003117289049486,1,-1
2025-01-03 05:21:05,-0.30643597,13.786787,-2.930524,14.098134,0.2002814621491555,1,-1
2025-01-01 06:10:40,-1.1299162,13.918864,1.8200098,14.082753,0.2002359018863097,1,-1
2025-01-01 02:38:10,-4.038795,11.553589,-0.6718061,12.257593,0.2002243998390978,1,-1
2025-01-02 16:01:25,3.409638,9.221241,-1.0578126,9.888169,0.20019892209684825,1,-1
2025-01-01 23:41:35,-3.8285718,7.51309,-1.4916451,8.563264,0.200169291141173,1,-1
2025-01-03 09:04:25,3.0299323,8.157875,-1.794732,8.885521,0.2001498961608387,1,-1
2025-01-02 14:01:30,0.70859396,9.806852,-3.0624495,10.298304,0.2001389920819976,1,-1
2025-01-02 15:05:40,-1.9149225,8.061408,1.7295744,8.464316,0.20012676435342927,1,-1
2025-01-03 19:10:35,-1.4274765,6.095962,0.18232664,6.2635202,0.20011381668646794,1,-1
2025-01-01 00:07:15,-0.8383996,11.587246,-3.1596498,12.039541,0.20009770265437124,1,-1
2025-01-02 07:24:10,-1.900427,8.459216,1.928094,8.881864,0.2000886584552719,1,-1
2025-01-02 03:23:25,-4.058554,8.975793,-2.674802,10.207414,0.20005890080525987,1,-1
2025-01-03 17:11:55,1.2295384,9.884639,2.4102697,10.248281,0.20004332581787962,1,-1
2025-01-02 22:22:55,3.4391751,10.449047,1.088621,11.054213,0.20002325536309956,1,-1
2025-01-02 11:23:15,2.2080727,8.964879,-3.632912,9.921829,0.19994398405530464,1,-1
2025-01-03 12:06:05,2.4071808,13.580489,-1.6085334,13.885662,0.19993058950335252,1,-1
2025-01-03 02:08:30,-1.7747979,11.310174,-3.3634257,11.932417,0.1999112279474164,1,-1
2025-01-01 17:33:15,-0.8790594,5.396611,0.8319903,5.530675,0.19990895245454512,1,-1
2025-01-02 09:24:35,-1.3323473,6.3950434,-0.44611117,6.5475755,0.19977085637410916,1,-1
2025-01-01 05:52:40,3.4992683,9.172368,-1.029854,9.871059,0.19976447344180237,1,-1
2025-01-02 04:39:30,-1.539291,7.4264884,1.4630338,7.724158,0.19973019105325196,1,-1
2025-01-01 06:29:40,2.102428,11.872087,2.06096,12.2316885,0.19969313656579485,1,-1
2025-01-03 15:22:10,0.7081139,6.583565,-3.515026,7.496677,0.19963445266254737,1,-1
2025-01-01 15:28:20,0.81849504,10.587946,-3.6919599,11.243003,0.1994200255460083,1,-1
2025-01-01 13:09:40,-0.31840438,11.085483,2.4037395,11.347567,0.19940324635315337,1,-1
2025-01-03 13:19:00,-2.4382942,12.072078,-3.7688057,12.879606,0.19939099740256788,1,-1
2025-01-01 04:17:55,-0.37328237,8.066947,2.0521922,8.332254,0.19936334272177422,1,-1
2025-01-03 09:30:45,3.4598067,10.337158,0.607704,10.91771,0.19933591492345015,1,-1
2025-01-02 02:45:10,0.4292684,13.925009,-1.874705,14.057192,0.19925725357888055,1,-1
2025-01-02 02:48:45,0.48958692,5.421635,-0.83361375,5.507153,0.1992444138025451,1,-1
2025-01-02 23:20:40,0.26000512,13.807263,1.4492617,13.885549,0.19922932417921058,1,-1
2025-01-01 17:04:30,-0.17549136,13.950982,-1.2398919,14.007071,0.1989531796624888,1,-1
2025-01-02 08:32:55,1.8023515,11.949627,1.783502,12.215684,0.19891738654538932,1,-1
2025-01-01 02:25:00,0.19530119,13.121335,0.48409536,13.131715,0.1988549732876232,1,-1
2025-01-03 03:42:40,-2.1663408,13.075662,-1.2032654,13.308412,0.19883771166945188,1,-1
2025-01-03 16:32:15,2.4274476,12.42353,-3.5976253,13.159768,0.19883573246782796,1,-1
2025-01-01 07:20:20,2.9099689,9.395351,-2.1332884,10.064366,0.19883039283024792,1,-1
2025-01-03 02:21:45,-0.64586794,5.950434,-1.1023653,6.0860515,0.19881241485658466,1,-1
2025-01-02 12:40:55,1.246907,13.50021,-0.04579389,13.557748,0.19880780757932864,1,-1
2025-01-01 02:02:25,3.527584,10.109069,0.88263524,10.743192,0.19878319832620212,1,-1
2025-01-01 15:41:35,0.71023864,13.3304,0.3552575,13.354033,0.1987506237637936,1,-1
2025-01-02 20:53:45,3.7907512,10.093007,-2.2860334,11.021095,0.1986920382453683,1,-1
2025-01-02 05:06:45,-0.8426858,5.2320604,1.687465,5.5616646,0.198683396120368,1,-1
2025-01-02 06:15:45,3.8580508,12.162506,-1.0971957,12.806832,0.1986473317538719,1,-1
2025-01-01 05:09:30,1.2882599,10.9880295,2.2714388,11.294062,0.19862947207613943,1,-1
2025-01-01 22:52:15,0.24772443,5.5720825,-0.9609234,5.6597567,0.19858465980402049,1,-1
2025-01-02 00:46:00,3.8021443,10.414394,1.0192925,11.133502,0.19858170982817638,1,-1
2025-01-02 14:01:15,3.3554769,11.576413,0.077318445,12.053155,0.1984779700488971,1,-1
2025-01-03 17:55:25,-2.6018128,7.3330655,-3.3889713,8.486956,0.1984353030778256,1,-1
2025-01-02 02:36:50,2.3445866,5.3107247,-0.8357087,5.865091,0.19840449296137672,1,-1
2025-01-01 07:32:05,-1.3444619,10.287691,2.1718404,10.60005,0.19835761244575909,1,-1
2025-01-01 15:27:55,-0.27118945,7.339311,1.486527,7.49325,0.1982677258473116,1,-1
2025-01-03 16:08:55,-1.7307225,13.312285,0.7309128,13.444203,0.19826108247247157,1,-1
2025-01-02 09:09:25,1.0776609,9.866752,-2.800066,10.312833,0.19825484033797025,1,-1
2025-01-01 04:29:25,1.6480546,13.575353,-2.590128,13.918155,0.19819573511251046,1,-1
2025-01-01 18:45:25,-0.1745443,13.907546,-0.7386932,13.928244,0.19819401471116202,1,-1
2025-01-03 07:18:20,2.4982183,6.6669273,-3.7613719,8.052138,0.19819343961910896,1,-1
2025-01-02 00:03:25,3.3618758,7.452217,-1.4640402,8.3054905,0.19816954177988005,1,-1
2025-01-01 16:21:45,-3.8181565,12.221932,-0.61477774,12.8192005,0.19813815884137292,1,-1
2025-01-01 13:07:55,-2.8370724,5.4911604,-1.0848949,6.2752542,0.19809248670600083,1,-1
2025-01-01 17:31:20,1.6123596,13.609168,-2.3515944,13.904645,0.19807909612967586,1,-1
2025-01-03 21:09:05,-0.35103875,13.975009,-2.1986525,14.15126,0.1980720469666457,1,-1
2025-01-02 01:46:10,1.2151991,12.5437765,-3.6325102,13.11557,0.19798390528320559,1,-1
2025-01-03 08:44:05,-2.869743,12.330004,2.4316878,12.890986,0.19796573761084327,1,-1
2025-01-01 04:41:45,-2.5755744,13.643795,-1.5199785,13.967715,0.19794440674920877,1,-1
2025-01-02 05:39:50,-1.2401038,5.719543,-2.502261,6.3649306,0.19793788095235942,1,-1
2025-01-03 09:41:10,3.384826,7.6451235,0.38415724,8.36974,0.19793397722575454,1,-1
2025-01-01 19:49:55,-3.9123034,7.5890527,1.3007255,8.63665,0.19787501343880096,1,-1
2025-01-02 03:54:15,1.4889013,13.435171,0.09462228,13.517752,0.19781512710322266,1,-1
2025-01-02 17:08:45,1.6729307,10.686887,2.285494,11.055846,0.1977906418327029,1,-1
2025-01-03 02:51:20,2.7001634,13.579331,-1.3532622,13.911162,0.19777864571314038,1,-1
2025-01-02 23:42:50,3.7873938,12.982977,-0.33380952,13.528247,0.19775826916823414,1,-1
2025-01-03 19:41:30,1.1025096,10.962538,-3.236554,11.483381,0.19770492682700433,1,-1
2025-01-01 01:40:35,-2.5951734,12.085611,-3.5997622,12.874596,0.19768820908996826,1,-1
2025-01-01 08:24:20,3.9966109,6.2309594,1.257692,7.508631,0.19765624902185677,1,-1
2025-01-02 01:14:35,-4.0637026,13.017758,0.85670507,13.664174,0.19763756056980739,1,-1
2025-01-02 17:14:15,0.6933142,13.530502,0.82025826,13.573061,0.1976198973486983,1,-1
2025-01-02 02:23:10,-1.3556432,10.299542,2.3457344,10.64992,0.19759310758576842,1,-1
2025-01-03 17:22:25,-3.8771162,11.407012,-0.90702957,12.081997,0.19756526732830546,1,-1
2025-01-01 01:10:55,3.2275188,12.64785,-3.7287543,13.575294,0.1975651686802267,1,-1
2025-01-01 05:46:45,0.8466087,12.500019,-3.458969,12.997373,0.197529060318967,1,-1
2025-01-01 18:03:20,3.0963826,6.7975025,-0.8189034,7.514268,0.1974737333589456,1,-1
2025-01-01 00:15:45,-3.76227,11.552979,-0.80994534,12.177111,0.1974162027117739,1,-1
2025-01-01 18:26:35,-0.3521718,5.4231267,-0.120611,5.435888,0.19733315540580304,1,-1
2025-01-03 09:10:15,0.5802109,10.837333,2.3029704,11.094507,0.19729984875481915,1,-1
2025-01-03 10:23:50,-1.0705485,5.2633934,1.7329494,5.6438017,0.19729262979085763,1,-1
2025-01-01 16:23:00,3.2712035,11.419999,-1.622797,11.989605,0.19724361222768494,1,-1
2025-01-02 17:18:30,1.6810929,12.297896,2.285321,12.620896,0.1972409795834315,1,-1
2025-01-03 15:27:00,-2.8561244,12.346602,2.4354901,12.904559,0.19721847192629757,1,-1
2025-01-03 17:23:15,-4.1736736,7.3241196,1.6766654,8.594969,0.1971884993560564,1,-1
2025-01-02 12:02:30,-2.6795301,5.2713866,-1.0777758,6.0107408,0.19711062519221442,1,-1
2025-01-02 21:03:10,3.5129204,7.0789933,-1.639867,8.071054,0.19710265422727274,1,-1
2025-01-01 18:34:40,-1.0325806,6.310083,-3.374282,7.2297406,0.19705691771400907,1,-1
2025-01-01 21:06:35,3.3567402,8.904841,-1.2850641,9.60288,0.19698668492225427,1,-1
2025-01-02 09:54:50,-0.8851293,7.7829905,-2.9600725,8.373794,0.19698545342636914,1,-1
2025-01-03 20:51:45,3.6995387,12.842514,-0.11884133,13.365286,0.19697490971975662,1,-1
2025-01-02 20:28:40,-2.513179,7.1858296,-3.6597056,8.446636,0.1969428664769948,1,-1
2025-01-01 23:48:50,-3.8503025,10.080132,-0.04845289,10.790563,0.19686884286199982,1,-1
2025-01-02 01:44:45,1.9141376,12.839797,-0.4551392,12.989668,0.19682906206419756,1,-1
2025-01-02 16:50:10,3.736591,6.9387283,-2.8644245,8.385284,0.19677613950210096,1,-1
2025-01-03 05:35:15,-3.0051746,13.622643,0.9963919,13.985717,0.19675550719937643,1,-1
2025-01-01 08:54:15,2.750703,9.172844,-2.0937474,9.802612,0.19672294982591018,1,-1
2025-01-02 20:21:10,2.8433,9.377639,-3.422768,10.379779,0.19671157661380645,1,-1
2025-01-02 02:04:55,-0.26174706,10.72176,1.3971432,10.815575,0.19669308003406005,1,-1
2025-01-01 16:44:25,-2.6569862,5.573923,-1.2618176,6.3024106,0.1966073086306821,1,-1
2025-01-03 06:51:20,-0.08583622,12.96253,2.072668,13.127472,0.19659178749643694,1,-1
2025-01-03 20:26:15,-4.0113616,7.8622746,0.42392576,8.836634,0.19656478281280762,1,-1
2025-01-01 08:46:20,3.4197464,10.198704,-2.9073985,11.142764,0.19653464425786085,1,-1
2025-01-02 10:55:15,-1.8320459,13.814795,-1.4710279,14.013167,0.19647677873067726,1,-1
2025-01-02 00:17:20,0.35236096,13.729676,0.42145112,13.740663,0.19641854514550416,1,-1
2025-01-03 08:35:20,-0.8053963,9.036651,-3.70365,9.799324,0.19640173796624338,1,-1
2025-01-03 00:44:35,0.120935075,5.6819406,1.2842127,5.8265147,0.1963608548686388,1,-1
2025-01-03 09:18:00,-3.9109933,7.245193,0.725358,8.265279,0.19634932742982752,1,-1
2025-01-02 03:23:20,-2.8647122,13.434432,-1.9507701,13.874294,0.19630507151556953,1,-1
2025-01-02 19:00:40,3.0586593,9.209733,-1.7494528,9.860789,0.19629613235254667,1,-1
2025-01-02 10:51:50,-3.158026,11.961651,2.2460723,12.573745,0.19627234686743208,1,-1
2025-01-02 15:35:20,-3.667787,12.342148,-1.0977619,12.92232,0.19626400021942783,1,-1
2025-01-02 19:19:40,1.3478415,11.759982,-3.6738234,12.393984,0.19626109277438294,1,-1
2025-01-02 05:32:30,0.7047969,7.5050035,-3.0850341,8.144891,0.19624294222957536,1,-1
2025-01-01 16:46:10,1.6777223,12.784186,2.3188906,13.100666,0.19622110693892036,1,-1
2025-01-02 16:55:40,-2.8808029,10.473444,-3.7838547,11.502592,0.19621593238478421,1,-1
2025-01-03 17:12:55,-2.557982,11.102997,2.445778,11.653396,0.19619673642028684,1,-1
2025-01-02 12:13:40,-0.3331327,5.533362,0.02944883,5.543459,0.19618057722999774,1,-1
2025-01-03 13:55:00,-1.4797659,13.547949,1.6650667,13.729861,0.19617915102541594,1,-1
2025-01-03 09:56:30,2.2414823,13.915766,-1.6968268,14.196901,0.19614519770394792,1,-1
2025-01-01 11:38:20,3.4132938,10.764074,0.22514239,11.294537,0.1960832930848946,1,-1
2025-01-03 17:04:55,-3.9780734,8.01331,-1.6038984,9.089043,0.19607516115047047,1,-1
2025-01-03 06:14:10,-1.2623969,13.51785,-0.42536393,13.58333,0.1960448205701976,1,-1
2025-01-03 15:30:15,-2.5766335,14.012087,1.2797743,14.304385,0.19603288306749467,1,-1
2025-01-02 16:07:55,-2.814834,8.964338,0.05508636,9.396047,0.19602724177968023,1,-1
2025-01-02 23:24:00,1.7621739,13.891767,-1.1099083,14.047005,0.1960191060921192,1,-1
2025-01-01 04:19:45,3.7381558,8.059749,-0.40347478,8.893601,0.19601165117019215,1,-1
2025-01-03 09:20:05,-4.0560584,12.029225,1.6625612,12.803046,0.19598008034024778,1,-1
2025-01-01 09:38:25,2.600178,5.443853,0.8869952,6.097805,0.19589995251343964,1,-1
2025-01-01 02:27:25,0.65127045,12.607221,-2.0413332,12.788011,0.1958979956048872,1,-1
2025-01-03 14:02:20,-1.8519992,11.884727,-3.5679893,12.546202,0.19579205150806442,1,-1
2025-01-03 18:18:40,2.4268813,5.2378907,-2.5878248,6.3263016,0.19575761397338554,1,-1
2025-01-01 09:16:20,2.858069,9.280404,0.8943478,9.751632,0.19574816607974768,1,-1
2025-01-02 10:43:55,3.7801757,12.445166,-2.19375,13.190315,0.1957464386304133,1,-1
2025-01-02 06:01:05,-1.1190121,6.8064246,-3.1762187,7.593943,0.19572417486929555,1,-1
2025-01-01 10:26:15,-1.0752257,13.589013,1.0720476,13.673575,0.19570403616906473,1,-1
2025-01-03 04:58:35,-1.191364,9.681218,-2.9350793,10.186267,0.1957036236992405,1,-1
2025-01-01 11:34:35,3.3600168,6.804068,-0.8147337,7.632093,0.19569150040134267,1,-1
2025-01-01 20:10:15,2.1667318,5.4429064,-2.5128334,6.374503,0.1956805787116597,1,-1
2025-01-02 14:22:30,-4.147938,12.979253,-1.1029481,13.670511,0.19566885921007032,1,-1
2025-01-03 03:28:30,-4.00874,9.420658,-1.9113797,10.414998,0.19565275085864547,1,-1
2025-01-03 04:46:05,2.7327614,9.758398,-1.9253663,10.315104,0.19563889086612873,1,-1
2025-01-01 23:39:45,2.1197648,12.991682,-0.10594235,13.163907,0.19557688841936752,1,-1
2025-01-01 12:25:25,2.0871165,7.502663,2.39071,8.146257,0.19552257302600018,1,-1
2025-01-01 04:30:50,2.755725,5.805782,-0.5339453,6.448738,0.19549489573501955,1,-1
2025-01-03 07:13:55,-1.5917778,13.333561,0.8349472,13.454172,0.1954913131552205,1,-1
2025-01-02 10:42:00,-0.48190337,12.75843,-3.7519333,13.307395,0.1954670573046419,1,-1
2025-01-03 00:15:40,0.9385946,6.1862164,-1.258615,6.382346,0.19542564755517255,1,-1
2025-01-01 02:08:45,-3.863463,10.25234,0.8297979,10.987511,0.19542355288772983,1,-1
2025-01-03 07:45:45,-1.3229316,6.353355,-0.8396866,6.5437255,0.19541383469287824,1,-1
2025-01-03 05:02:05,2.2754369,13.988162,1.2401826,14.226185,0.19538248183054308,1,-1
2025-01-01 16:26:40,-2.0019317,12.430491,-3.4827886,13.063486,0.19532339989029088,1,-1
2025-01-03 10:33:25,0.879909,5.3585916,0.494001,5.4527774,0.1953106644587083,1,-1
2025-01-02 11:45:00,0.9144231,5.5385733,-0.4921407,5.6350837,0.19527084213214307,1,-1
2025-01-01 13:45:50,1.63035,13.769482,-2.6038823,14.108042,0.1952338402677908,1,-1
2025-01-01 17:44:30,-3.0322578,9.64461,0.52683103,10.123766,0.19514347834851553,1,-1
2025-01-02 14:32:15,-1.1592808,8.527928,2.2751195,8.902003,0.19508362954438377,1,-1
2025-01-01 08:57:30,-2.4825718,5.2582307,-2.2791796,6.2455435,0.19504107297940107,1,-1
2025-01-01 08:23:00,0.68388236,13.827909,-0.12440717,13.845369,0.1950251558365036,1,-1
2025-01-02 13:36:20,-4.1117797,9.137963,-0.9201992,10.062597,0.19496741829221548,1,-1
2025-01-03 10:55:40,0.15325287,7.9779835,-3.4663465,8.699842,0.1949668259928963,1,-1
2025-01-03 15:15:35,1.1456993,13.321805,-2.9004562,13.68195,0.19494850089131777,1,-1
2025-01-01 19:55:05,-3.6680748,11.164584,-0.43989065,11.759941,0.1949163777385964,1,-1
2025-01-01 02:42:45,3.9099643,12.590728,-0.4046456,13.190072,0.19490425430103156,1,-1
2025-01-02 04:44:05,2.8094845,10.710076,-1.6358532,11.19263,0.19488167876967508,1,-1
2025-01-03 19:26:55,0.43554008,7.0872383,2.2827272,7.4585176,0.19487997333844084,1,-1
2025-01-01 02:39:55,-1.8661647,12.534479,-3.293845,13.093707,0.19486791189443267,1,-1
2025-01-02 18:51:10,-1.5781628,6.0368214,-0.24677819,6.244574,0.19485885466778377,1,-1
2025-01-02 19:07:15,3.6718233,8.747518,0.96758,9.5361185,0.19482579090186028,1,-1
2025-01-02 12:41:15,-0.31153175,12.530751,2.115744,12.711929,0.19480860527374777,1,-1
2025-01-02 08:07:50,2.0046666,8.505958,-3.331389,9.352442,0.19480256253404843,1,-1
2025-01-02 09:58:40,-1.6960183,12.928919,0.2841736,13.042782,0.19480011262364164,1,-1
2025-01-01 09:41:10,-0.79720664,12.342231,-0.14665806,12.36882,0.19471945477011357,1,-1
2025-01-02 21:41:00,2.9285095,13.563626,1.2713549,13.934291,0.19468657309033044,1,-1
2025-01-03 15:27:40,-3.8197992,12.663346,-0.4722623,13.23534,0.19463560536439625,1,-1
2025-01-03 00:08:05,0.14793631,5.526645,0.069262244,5.5290585,0.19455427760817234,1,-1
2025-01-01 11:38:40,0.4094498,8.490705,-3.7736342,9.300539,0.19453850458010324,1,-1
2025-01-03 15:07:30,-2.1833904,9.68762,-3.4184468,10.5025215,0.19446993510409138,1,-1
2025-01-03 01:11:00,-0.6659857,13.221888,-1.8289412,13.364388,0.19443205481908596,1,-1
2025-01-02 08:12:40,2.6490722,13.520033,-0.3173463,13.780768,0.19441534782896214,1,-1
2025-01-03 17:22:05,3.4920301,11.691862,0.14357756,12.203054,0.1944123468378155,1,-1
2025-01-03 04:53:20,2.9909608,9.458278,-1.6389612,10.054405,0.19439026375385746,1,-1
2025-01-02 10:44:10,1.5247416,9.64081,2.189401,10.003177,0.19438625452183075,1,-1
2025-01-01 21:45:40,1.0195075,6.5307236,-1.7035391,6.825818,0.19436187049113038,1,-1
2025-01-01 02:41:35,1.4172035,10.283789,2.394438,10.653549,0.1943266143759649,1,-1
2025-01-02 23:50:15,2.1779587,9.117038,-3.3682725,9.960379,0.19428424722694593,1,-1
2025-01-01 10:20:45,-3.0144074,5.5490546,0.8287874,6.3691087,0.19421851079104813,1,-1
2025-01-02 17:20:30,0.6736979,12.45376,-3.2223935,12.881531,0.19416109619544572,1,-1
2025-01-02 07:43:05,3.5797088,9.054039,-1.5196487,9.853896,0.19414082033212746,1,-1
2025-01-02 17:18:20,-2.5015726,5.4187226,0.21346018,5.9721007,0.194115103362194,1,-1
2025-01-01 17:15:15,0.17092285,12.611795,-0.8537812,12.641818,0.19408336696960093,1,-1
2025-01-01 17:02:45,0.07399874,7.8713074,-3.6825144,8.690447,0.19407061193985048,1,-1
2025-01-01 10:12:40,-0.37522087,5.430401,-0.10069872,5.44428,0.19406218309324977,1,-1
2025-01-02 05:35:30,3.8968992,12.951742,1.2900071,13.586669,0.1939927930651478,1,-1
2025-01-01 00:12:45,3.5912344,7.006117,-1.7454506,8.064071,0.19398535538008005,1,-1
2025-01-02 19:30:00,1.3089392,5.6459317,1.31832,5.9437222,0.1938432484772633,1,-1
2025-01-03 16:56:20,-0.91785425,12.788268,-1.0427971,12.863502,0.19382741978325005,1,-1
2025-01-02 06:02:10,-2.8615322,7.8415556,-1.7757847,8.534153,0.1938142524778498,1,-1
2025-01-03 09:21:50,2.032869,8.70809,-3.6568964,9.66107,0.19369954908215897,1,-1
2025-01-01 12:50:55,-1.5380553,5.23431,1.3199725,5.6130157,0.19367587627769026,1,-1
2025-01-01 10:24:40,-0.7945489,12.853405,-0.9336298,12.911738,0.1936579383113143,1,-1
2025-01-03 18:48:10,3.7091002,7.390017,0.08829072,8.2690735,0.19363291698152843,1,-1
2025-01-02 02:18:20,-2.9484313,9.081426,0.17928167,9.549747,0.19362758488329426,1,-1
2025-01-01 08:58:50,1.4893999,13.705605,-0.83893466,13.811796,0.19362541963565957,1,-1
2025-01-03 04:10:40,2.3248959,5.4166355,1.6366239,6.117485,0.19357500968547514,1,-1
2025-01-01 13:18:00,-3.9308636,11.881121,0.2651974,12.51731,0.19356412651932142,1,-1
2025-01-02 16:27:05,0.022682842,8.075584,2.4323602,8.433976,0.19353975923000885,1,-1
2025-01-01 07:42:10,-0.5918235,5.579518,-2.8910418,6.311846,0.19348852208053482,1,-1
2025-01-03 04:28:45,3.8431094,11.111117,0.3668216,11.762694,0.19347485836948414,1,-1
2025-01-01 00:34:35,2.6091857,13.0028305,2.3389971,13.466713,0.19346890127326244,1,-1
2025-01-03 05:46:50,2.47098,11.877907,2.424639,12.372117,0.1934497947737662,1,-1
2025-01-01 05:35:25,2.6338842,5.8605585,-1.8756702,6.6934023,0.1934087296878115,1,-1
2025-01-01 16:18:25,-2.6097853,10.4986515,2.2685194,11.053453,0.19340792606301788,1,-1
2025-01-01 17:11:10,-3.107463,13.765715,-1.9002438,14.239458,0.19338265076037722,1,-1
2025-01-02 06:48:10,0.7966786,5.7601094,0.3117095,5.8232913,0.19337437854673473,1,-1
2025-01-03 13:56:35,-4.103539,7.466625,-0.4415187,8.531381,0.19336436053764958,1,-1
2025-01-03 13:51:25,1.9468616,13.592583,-0.28284842,13.734212,0.19335707796316567,1,-1
2025-01-01 06:48:55,0.36183083,9.055468,1.6596668,9.213409,0.19334073996282444,1,-1
2025-01-03 05:47:40,0.59580666,5.489287,-2.4048927,6.0225215,0.19332179874075867,1,-1
2025-01-01 01:29:00,3.6589792,10.570431,-2.470626,11.455398,0.1933113387837474,1,-1
2025-01-01 20:56:00,3.1074226,10.554527,0.71483314,11.025657,0.19331027837978737,1,-1
2025-01-01 07:46:25,3.7698975,11.106647,-3.0095174,12.10896,0.19329793237859297,1,-1
2025-01-02 10:39:30,2.5760658,10.346834,0.6904351,10.685026,0.1932965092623723,1,-1
2025-01-02 21:59:25,1.1417103,5.7304597,-0.35121647,5.8536334,0.19327409428986878,1,-1
2025-01-02 04:20:40,2.5198972,13.649734,0.20711885,13.881931,0.1932711361919248,1,-1
2025-01-03 11:34:55,3.883647,9.845353,-1.6461302,10.710902,0.19323684804311217,1,-1
2025-01-03 18:23:40,2.5767956,7.7946544,-3.515713,8.930663,0.19321996076553608,1,-1
2025-01-01 00:50:55,-2.0066586,8.625715,1.6703175,9.012192,0.1932178227619769,1,-1
2025-01-01 09:17:45,-3.919887,12.187251,0.9027286,12.8339205,0.19314695795352765,1,-1
2025-01-01 11:02:15,1.9014242,5.691324,0.91800976,6.0703645,0.19311585683161883,1,-1
2025-01-02 01:21:35,0.0031367845,13.961342,-1.1316949,14.007134,0.1930662464474792,1,-1
2025-01-02 06:23:15,-0.80178666,5.8791633,-0.45980227,5.9513726,0.19299343569624955,1,-1
2025-01-03 02:21:10,-3.6513562,9.030299,1.1604203,9.809448,0.192986532778233,1,-1
2025-01-02 10:17:50,-1.3523706,12.774202,2.2748451,13.045462,0.19298330906719086,1,-1
2025-01-02 18:23:00,-2.9424522,5.388472,-1.6829218,6.3659945,0.1928777173058287,1,-1
2025-01-01 09:24:15,0.32209596,13.462401,-0.8738619,13.494578,0.19287001622522132,1,-1
2025-01-03 12:17:25,0.7841629,6.9137197,0.77641374,7.0012317,0.19282662765302194,1,-1
2025-01-03 09:17:45,3.7848322,9.646917,-1.9631035,10.54712,0.19280187907824434,1,-1
2025-01-02 05:56:35,0.93147105,5.349845,0.4003303,5.445066,0.19276534230833442,1,-1
2025-01-02 13:08:15,0.43287066,6.7672505,2.3020642,7.1611843,0.1927577450392655,1,-1
2025-01-02 19:24:55,-3.507085,13.054035,-0.43719634,13.524002,0.19275502476059164,1,-1
2025-01-01 09:46:25,0.96097565,6.2577677,-1.2694923,6.4571466,0.19275378733446952,1,-1
2025-01-01 17:53:50,-3.6729403,10.300522,-1.5819957,11.049613,0.19268851905860315,1,-1
2025-01-02 01:13:25,-3.878771,7.9508924,-2.5116792,9.196199,0.1926776999532937,1,-1
2025-01-01 13:53:25,-2.1343486,7.2411375,-3.5293128,8.333401,0.1926621396964438,1,-1
2025-01-01 20:37:55,-3.7493744,12.241185,0.6826231,12.820702,0.19265861487996372,1,-1
2025-01-01 13:29:00,1.0497044,8.496499,2.3875277,8.887782,0.19260245962877173,1,-1
2025-01-01 19:02:25,-3.069678,8.464111,2.4094157,9.3203745,0.19251975574342262,1,-1
2025-01-02 22:53:15,3.9954245,12.515865,-1.6190561,13.237509,0.19251135062814698,1,-1
2025-01-03 18:05:10,-0.92009455,9.07316,-3.7235768,9.850575,0.1925077457056482,1,-1
2025-01-03 06:20:10,0.59441966,5.6557794,-1.64871,5.9210997,0.19246946540415252,1,-1
2025-01-03 00:59:00,1.7767262,9.575027,1.9357028,9.92899,0.19246815926974453,1,-1
2025-01-02 16:47:40,3.879331,7.1430097,1.5007305,8.265832,0.19246750842890176,1,-1
2025-01-03 07:25:05,1.0699906,13.571036,0.048867103,13.61324,0.19244938465299485,1,-1
2025-01-01 12:44:55,-3.8801253,10.218127,1.4906834,11.031212,0.19239575835392644,1,-1
2025-01-01 02:39:00,-3.8468523,8.266361,-0.1574113,9.1189785,0.19236958756519418,1,-1
2025-01-02 12:12:25,-4.023055,12.345004,-0.16255476,12.985011,0.19236040380609848,1,-1
2025-01-01 22:29:30,3.7342722,12.514591,1.5130996,13.147215,0.19233475381381573,1,-1
2025-01-03 18:01:20,1.0676668,7.7408266,1.5823388,7.9727097,0.19232772413594648,1,-1
2025-01-03 16:54:00,1.003844,6.3324385,-0.078177124,6.411988,0.19228447029436707,1,-1
2025-01-01 02:26:05,-3.6875496,12.365675,-1.7326885,13.019607,0.19219818587180285,1,-1
2025-01-02 00:17:00,-1.0795366,12.262603,-3.6978393,12.853437,0.1921672543933406,1,-1
2025-01-03 03:56:15,3.8805573,8.165368,0.40736133,9.0497465,0.19214807131437076,1,-1
2025-01-02 20:37:45,2.9433503,9.245817,0.6025012,9.721701,0.19214173512200985,1,-1
2025-01-01 01:41:05,0.6966698,12.162853,-3.488375,12.672376,0.19209732294614068,1,-1
2025-01-01 13:29:45,3.9172726,9.867026,1.2762336,10.692615,0.1920486214525568,1,-1
2025-01-01 23:45:20,1.4947969,10.134143,1.9195511,10.42209,0.19204825442877094,1,-1
2025-01-03 04:21:05,-2.9136653,11.381457,-2.429981,11.997158,0.19204655201678486,1,-1
2025-01-01 08:40:25,-0.12169509,9.368883,-3.2675438,9.923085,0.1920239433667707,1,-1
2025-01-01 05:38:25,-2.0702274,5.4391665,0.2684502,5.826014,0.19201649291212525,1,-1
2025-01-01 15:44:00,0.43781188,5.2219777,1.1955175,5.374941,0.19200927948894977,1,-1
2025-01-02 08:27:00,-4.1443744,10.422234,-2.7166739,11.540325,0.19200544238677986,1,-1
2025-01-03 03:18:15,-0.7505202,11.296213,-3.1208856,11.743408,0.19199444139899782,1,-1
2025-01-01 04:37:20,-1.7826866,6.7880297,-0.7730355,7.060659,0.19195098275306904,1,-1
2025-01-02 13:58:40,-2.0603125,5.666917,0.6370365,6.063386,0.19192222704505052,1,-1
2025-01-02 02:53:35,-1.3005133,6.269372,0.26620707,6.4083714,0.19189609174422248,1,-1
2025-01-03 19:00:35,0.12811185,12.137401,-3.4118376,12.608472,0.19188097378121405,1,-1
2025-01-03 01:32:20,-4.1129193,9.391668,1.1622981,10.318453,0.19186755156058802,1,-1
2025-01-03 20:21:40,3.9659245,10.227266,1.1692564,11.031441,0.19180253575091738,1,-1
2025-01-03 07:08:10,1.3816046,12.362392,-3.558369,12.938298,0.19176707640900267,1,-1
2025-01-03 08:20:35,-3.0056117,10.433756,-0.24916147,10.860895,0.19175992573248019,1,-1
2025-01-02 06:34:05,-3.738802,12.435321,-0.7263518,13.005515,0.1917470446009437,1,-1
2025-01-02 07:04:50,-4.0811563,10.581126,-0.82173586,11.370634,0.19173646455541868,1,-1
2025-01-02 19:55:00,-0.95818555,12.118178,-3.703432,12.707627,0.19173363569629387,1,-1
2025-01-02 17:28:25,1.9555053,13.73448,0.38664824,13.87838,0.19172864561192032,1,-1
2025-01-03 19:29:45,-4.005154,12.857896,-2.0274258,13.619001,0.1916700602656158,1,-1
2025-01-03 11:34:40,3.9012666,8.161813,-0.007676384,9.046277,0.19160546539407147,1,-1
2025-01-01 06:34:05,-1.1561849,13.565172,-2.3519464,13.816016,0.19158141447316884,1,-1
2025-01-03 12:44:55,-0.58095783,10.4941635,2.491548,10.8015175,0.1915697119309723,1,-1
2025-01-02 01:48:35,-0.70609665,10.1853,-2.9336698,10.622868,0.19153056755039388,1,-1
2025-01-01 21:13:00,-1.4258366,12.67321,-1.1658674,12.806347,0.19151931858396395,1,-1
2025-01-03 11:13:30,1.543587,13.622141,-2.8148527,13.995313,0.1914504659327958,1,-1
2025-01-03 08:31:40,-0.26577953,8.569815,2.1545305,8.840496,0.1914485474204465,1,-1
2025-01-03 00:22:15,0.8261901,13.179313,0.67858773,13.222608,0.19143118057316583,1,-1
2025-01-03 04:06:00,-2.3863947,10.795559,2.139914,11.261358,0.19142638257343697,1,-1
2025-01-03 16:45:35,2.012077,10.278741,1.3737925,10.563535,0.19141553248864313,1,-1
2025-01-03 11:14:45,-2.776007,7.8542047,-1.2148482,8.4184675,0.1913995795477923,1,-1
2025-01-02 02:27:35,-3.5089781,9.965281,0.8535963,10.599452,0.19132002300778503,1,-1
2025-01-03 04:47:50,2.6742055,13.717136,1.7272815,14.081716,0.19130837097316492,1,-1
2025-01-03 18:37:35,2.8048785,8.280494,2.4646513,9.083415,0.19124906561044563,1,-1
2025-01-02 04:57:45,-0.7186707,5.233752,0.7662676,5.3381467,0.19123369343553642,1,-1
2025-01-01 03:43:05,2.2006369,5.3519793,1.639585,6.0145426,0.19119177227452758,1,-1
2025-01-02 07:09:40,-2.6769445,11.853023,2.4767895,12.401398,0.19116203322208977,1,-1
2025-01-03 05:11:10,-4.104312,12.76632,0.50324255,13.419298,0.19116039738250262,1,-1
2025-01-01 04:28:50,3.3578367,11.223325,-1.9137694,11.870155,0.19115822728563123,1,-1
2025-01-01 01:43:50,3.467961,10.447263,1.0501121,11.057794,0.19109571848443693,1,-1
2025-01-03 05:37:25,3.3111413,12.379201,-2.0755994,12.981386,0.19108566303058272,1,-1
2025-01-03 12:24:30,3.4273598,10.569073,1.3414385,11.191584,0.19099200400727764,1,-1
2025-01-02 11:08:55,-1.3832033,13.753248,1.8005697,13.93941,0.19099024363373843,1,-1
2025-01-03 05:40:40,-0.41741967,13.622495,-2.5484133,13.865101,0.19090031447393482,1,-1
2025-01-03 07:04:10,0.5457854,13.3034315,0.25470963,13.317059,0.1908988518745857,1,-1
2025-01-02 04:41:35,-2.2000055,13.488815,-0.28198862,13.669955,0.19086403867060908,1,-1
2025-01-03 02:12:20,0.14676642,5.403474,-0.1955082,5.409001,0.19084704567284244,1,-1
2025-01-01 14:15:25,-0.26307452,10.655676,-3.1426075,11.112543,0.19082625031175376,1,-1
2025-01-02 22:50:35,0.4214807,6.383251,-0.43908542,6.4122024,0.19080526728283245,1,-1
2025-01-02 06:02:40,3.7049243,9.967252,-1.9611583,10.812896,0.19076654389288583,1,-1
2025-01-01 23:44:55,3.1741085,9.674316,-0.5619641,10.197214,0.1907228804847391,1,-1
2025-01-03 18:05:40,-4.086841,8.238557,-0.68174046,9.22176,0.19067421810836732,1,-1
2025-01-02 22:19:15,1.6149621,9.945898,-3.5696714,10.689787,0.1906196381468952,1,-1
2025-01-01 13:56:00,1.5074266,5.436657,-1.6208937,5.8699975,0.1906178684978921,1,-1
2025-01-02 21:53:50,3.4071066,8.215994,-2.8464367,9.338798,0.1906121360037217,1,-1
2025-01-02 09:42:55,-3.476387,11.230054,-0.4115577,11.763025,0.19060694185425142,1,-1
2025-01-01 07:45:25,-0.9238186,6.2891054,-3.7204988,7.365351,0.19056184616991423,1,-1
2025-01-03 04:55:10,3.8539374,6.9146504,-2.0467613,8.176457,0.19055861509459698,1,-1
2025-01-03 20:05:25,-3.9759471,6.339128,-0.070616215,7.48316,0.1905272029841706,1,-1
2025-01-01 21:47:35,-1.1118382,13.835948,-1.7312424,13.988097,0.19045543650329605,1,-1
2025-01-02 14:06:50,2.3826907,7.0883665,-3.6687872,8.329596,0.19042322445295273,1,-1
2025-01-02 04:17:35,1.215617,11.937829,2.1602962,12.1924715,0.19039407362889835,1,-1
2025-01-03 03:37:40,-1.657813,9.812349,-2.9385931,10.376217,0.1903871324420369,1,-1
2025-01-03 10:31:45,-0.8746439,9.404168,-3.4809563,10.065805,0.19033860285588494,1,-1
2025-01-03 04:27:40,1.4067161,10.187967,1.9381257,10.4656515,0.19029891249126296,1,-1
2025-01-03 04:55:40,-1.8093778,9.701888,-2.7421515,10.24304,0.1902918815735691,1,-1
2025-01-02 18:56:50,1.4628203,5.5722013,-0.39256,5.774372,0.190279398591561,1,-1
2025-01-02 09:28:55,-0.036091927,5.595555,-0.71156484,5.6407323,0.19026717457848472,1,-1
2025-01-02 21:17:15,1.2806846,13.581543,1.1638937,13.691352,0.19024899794944247,1,-1
2025-01-01 01:52:20,3.9702353,12.439678,-1.0815058,13.102595,0.1901711400748534,1,-1
2025-01-01 22:48:45,3.2714376,7.867948,0.37016147,8.529005,0.19015450177537663,1,-1
2025-01-03 03:08:35,-2.015555,5.2410507,-0.88531435,5.684616,0.1900943966237009,1,-1
2025-01-02 07:17:50,-2.0637877,13.8963175,0.1783346,14.049863,0.19007812954587822,1,-1
2025-01-02 12:31:05,0.65012306,11.095941,2.1866047,11.32801,0.1900298160212654,1,-1
2025-01-01 19:29:45,2.3737993,13.84463,1.4404877,14.12033,0.1900294701224607,1,-1
2025-01-01 07:28:05,-3.679089,7.7305713,-0.55542594,8.57939,0.19002572018455197,1,-1
2025-01-03 18:49:50,-0.93711627,12.153704,-3.6242032,12.717135,0.18996341755441307,1,-1
2025-01-02 06:05:20,3.0586407,11.327602,-1.0897748,11.78378,0.18994858566073178,1,-1
2025-01-01 04:33:35,0.21952924,5.806639,-0.92501247,5.883953,0.1898640161805157,1,-1
2025-01-02 05:07:05,2.6670873,10.41202,2.1273408,10.956692,0.18982375610505778,1,-1
2025-01-02 03:33:55,0.4573194,8.199753,2.344932,8.540714,0.18979941318731594,1,-1
2025-01-02 22:00:50,3.201718,11.726316,-1.8791503,12.299947,0.1897972520796198,1,-1
2025-01-01 23:01:15,3.1172173,9.593566,-0.7585986,10.115781,0.18976031253781264,1,-1
2025-01-01 05:40:55,2.2122386,5.241146,0.21679194,5.693032,0.18974547895326735,1,-1
2025-01-01 10:39:50,2.6301417,13.932943,0.89053017,14.206956,0.18962257524689136,1,-1
2025-01-01 02:47:50,3.2437177,9.559205,0.6070809,10.112797,0.18955668438266166,1,-1
2025-01-03 17:28:35,0.31894416,11.837364,2.1726031,12.039315,0.1895519756767792,1,-1
2025-01-02 19:55:45,1.8466091,9.365977,1.4829236,9.660774,0.1895469973307798,1,-1
2025-01-02 12:18:10,2.2858815,5.417164,-1.5148519,6.071713,0.18954617759971806,1,-1
2025-01-01 08:30:30,1.2272662,10.552066,-3.485534,11.180394,0.18953215248402286,1,-1
2025-01-02 08:56:30,2.096737,13.759897,1.4036754,13.989331,0.18952245963813863,1,-1
2025-01-01 19:29:40,0.8518431,12.032676,2.2586944,12.272433,0.18949561795567665,1,-1
2025-01-02 10:46:25,-3.009762,5.661678,-1.4638429,6.5769367,0.18949242406295042,1,-1
2025-01-01 01:04:45,2.629548,13.612324,-0.93376714,13.895388,0.1894916897912529,1,-1
2025-01-03 02:33:45,0.70805967,12.488716,-3.1783347,12.906246,0.1893897778194242,1,-1
2025-01-01 20:31:00,3.8426967,12.216874,1.7134205,12.921073,0.1893423789153135,1,-1
2025-01-01 22:42:45,-3.2461705,6.556918,-1.4366226,7.4561844,0.18930736122545955,1,-1
2025-01-02 17:27:25,2.1501167,12.404051,-3.693888,13.119767,0.1892969299481655,1,-1
2025-01-01 16:51:05,2.748962,5.2984138,-1.7391855,6.217294,0.1892580083648891,1,-1
2025-01-01 10:13:40,1.239962,13.791826,-2.949601,14.158112,0.1892546444981819,1,-1
2025-01-02 08:19:35,-1.1513606,6.230938,-3.3848379,7.1838255,0.1892526856213474,1,-1
2025-01-01 18:49:50,2.6951604,8.8158455,-0.69017804,9.244424,0.189231109720406,1,-1
2025-01-02 21:07:45,2.9472575,10.398643,-3.6673045,11.413466,0.1890435109317009,1,-1
2025-01-02 16:23:40,2.3521407,13.656981,-2.0705454,14.011883,0.18903888577470715,1,-1
2025-01-01 07:02:45,-3.2418454,9.259971,-0.55397457,9.826673,0.18898624086725274,1,-1
2025-01-02 22:54:30,-1.3460159,6.4896903,-0.721098,6.66692,0.18896169016776979,1,-1
2025-01-02 21:09:15,-0.94795936,13.540705,-0.6716714,13.590454,0.18894875851710896,1,-1
2025-01-02 05:54:25,0.9300988,12.350752,-3.1432183,12.77834,0.18892578291312714,1,-1
2025-01-03 00:16:50,1.116658,9.117375,-3.6553257,9.886094,0.18891967380826424,1,-1
2025-01-01 05:21:55,3.1118379,6.363401,2.4894605,7.50825,0.18891844167175298,1,-1
2025-01-03 09:12:55,-1.6043866,13.666531,-2.0602243,13.913757,0.18891093463750117,1,-1
2025-01-02 21:54:25,0.056866325,8.003159,2.4531252,8.370878,0.1888989668232723,1,-1
2025-01-02 17:56:00,0.1075264,5.6690884,-2.3092198,6.122305,0.18888630508981938,1,-1
2025-01-02 17:58:50,0.58333564,5.217795,0.1435447,5.252263,0.18888058991469184,1,-1
2025-01-03 06:43:10,-1.9997133,8.160808,2.0535712,8.649554,0.18887236694334777,1,-1
2025-01-02 01:42:20,-3.148404,9.160086,-1.521386,9.804807,0.18887059534279452,1,-1
2025-01-01 19:28:55,3.6717634,8.345517,0.41551962,9.127002,0.18885239546839572,1,-1
2025-01-01 01:34:40,0.7478866,13.962893,0.7974857,14.005631,0.18880729079850309,1,-1
2025-01-02 18:03:05,-0.304002,6.563054,2.1868393,6.9244757,0.18879430930668506,1,-1
2025-01-01 16:46:40,2.3710058,10.657152,2.33421,11.164456,0.18877555622375605,1,-1
2025-01-03 13:04:50,0.069606364,5.311428,0.3338131,5.3223624,0.18874563508671965,1,-1
2025-01-02 08:05:00,-4.0232124,11.568797,1.2398883,12.310996,0.18872806019693567,1,-1
2025-01-03 10:45:55,-0.6022398,13.076336,-0.5780174,13.102952,0.18862466990318744,1,-1
2025-01-01 06:55:05,3.508209,7.6515937,0.057538193,8.417704,0.18853414014273118,1,-1
2025-01-03 20:37:10,-3.5337808,10.555152,-0.82873505,11.161794,0.18851431084082992,1,-1
2025-01-01 07:09:50,-3.7940662,7.19435,-0.27407455,8.1381035,0.18851072197765836,1,-1
2025-01-02 13:48:15,-0.5899091,14.003862,-0.68966573,14.033238,0.18846502064778226,1,-1
2025-01-02 19:19:10,-2.7018602,7.633403,2.2046895,8.392231,0.1883435010318194,1,-1
2025-01-03 17:28:45,-1.3626583,5.572338,-0.21567489,5.740584,0.1883190269407747,1,-1
2025-01-03 18:46:30,2.3542688,10.0634985,1.1892036,10.403402,0.18828256712531857,1,-1
2025-01-01 23:33:10,3.776075,6.3251004,-0.21528554,7.3696666,0.18826813293081912,1,-1
2025-01-03 01:07:40,3.6992657,13.044993,-1.557375,13.648511,0.18824973869224496,1,-1
2025-01-01 23:10:25,-1.8700602,5.5564413,-0.63136053,5.8965907,0.1881929680583354,1,-1
2025-01-01 20:14:05,-0.9100633,6.6223364,2.171111,7.02832,0.18816257945399206,1,-1
2025-01-01 11:21:10,-3.8273895,12.194404,-0.43293735,12.788269,0.1881612805234962,1,-1
2025-01-03 11:20:20,3.9933903,10.028118,0.31140384,10.798486,0.18809816556135947,1,-1
2025-01-02 19:59:10,0.31652722,12.924469,1.9786243,13.078877,0.18807082976785972,1,-1
2025-01-03 01:48:50,2.7752705,7.4611607,-3.7626517,8.805033,0.18804678437057643,1,-1
2025-01-03 16:13:00,3.1374302,11.287005,-1.5566713,11.817918,0.18800815877476237,1,-1
2025-01-03 17:25:50,-0.325695,5.5939503,-0.5277863,5.628225,0.18795104256056291,1,-1
2025-01-01 08:10:10,0.07865929,6.142542,0.31757042,6.1512485,0.18794663774074566,1,-1
2025-01-02 00:12:50,-0.9254024,13.605422,-2.952503,13.952819,0.18788583497960018,1,-1
2025-01-03 11:45:30,-3.0222485,9.039169,0.15488234,9.53229,0.18786688676717445,1,-1
2025-01-02 07:35:40,-0.4353401,13.752774,-2.3931549,13.966227,0.1878585097040737,1,-1
2025-01-02 23:11:50,-3.0944018,5.340828,0.84598327,6.230205,0.1877061795161291,1,-1
2025-01-01 23:07:50,3.389484,11.025577,-1.4372628,11.624012,0.18767409295350101,1,-1
2025-01-02 18:41:00,-2.8844488,8.033525,-0.86245584,8.579126,0.18765576278407572,1,-1
2025-01-01 02:35:10,3.1523297,10.714173,0.82010984,11.19836,0.1875914197495093,1,-1
2025-01-03 15:19:15,-3.2876568,11.426839,0.84530044,11.920397,0.18751434725552124,1,-1
2025-01-03 17:10:10,0.68145615,7.5402613,-2.8791573,8.099967,0.18751101545878437,1,-1
2025-01-01 16:22:50,1.0698396,6.650486,-0.026710728,6.73604,0.18749637111431913,1,-1
2025-01-03 17:34:50,-3.2057111,8.917982,-1.4941384,9.593719,0.18745077627374152,1,-1
2025-01-03 11:48:35,-3.0104413,7.909943,-1.2891724,8.56107,0.18743487422180585,1,-1
2025-01-03 18:20:15,1.5993775,13.8059435,-1.3248944,13.961284,0.18743411208724137,1,-1
2025-01-03 16:31:35,-4.1058517,11.34244,-0.96567124,12.101301,0.1874251829713972,1,-1
2025-01-01 22:30:40,1.7561696,11.094206,1.3197328,11.3096075,0.18735097127097364,1,-1
2025-01-03 18:55:20,0.59894973,7.3347735,1.4531858,7.5012927,0.18733106425022045,1,-1
2025-01-03 18:48:00,-2.1863487,8.620433,-3.7779424,9.662548,0.18732136718233391,1,-1
2025-01-02 21:55:15,-3.888477,12.010428,0.39204466,12.630295,0.18730926264255449,1,-1
2025-01-03 17:44:20,-2.32845,13.441684,-0.9155304,13.672554,0.18728239114490505,1,-1
2025-01-01 09:23:25,3.2941728,11.703202,-3.2694209,12.589902,0.18721690763077847,1,-1
2025-01-02 06:08:50,0.9546812,5.550758,-0.33727086,5.6423473,0.18714384454346558,1,-1
2025-01-02 16:50:15,-0.041665275,5.3909583,0.6032931,5.42477,0.18714055949749162,1,-1
2025-01-01 02:40:05,-3.8661194,9.791268,-2.3245592,10.780509,0.18713817027899454,1,-1
2025-01-02 17:49:45,2.9456973,5.3587775,1.7198272,6.352278,0.18705508629106904,1,-1
2025-01-01 10:53:20,-0.068514735,10.649866,2.0015483,10.836537,0.18702473024489288,1,-1
2025-01-03 01:28:05,-2.574084,10.63697,1.973397,11.120491,0.18701177117808307,1,-1
2025-01-01 14:10:50,-0.98102385,7.5906057,-3.4010477,8.37537,0.1870081787015604,1,-1
2025-01-01 17:05:35,0.6660703,12.643828,-1.8633875,12.797744,0.18699524555994895,1,-1
2025-01-02 05:33:00,-3.3737638,9.046496,-0.8526858,9.6927,0.18696587283156815,1,-1
2025-01-02 03:32:00,0.67759657,11.900199,2.3463323,12.148216,0.18695023976213246,1,-1
2025-01-02 04:58:40,-3.078191,8.79679,-0.65871334,9.343055,0.18687761714042972,1,-1
2025-01-02 22:52:40,3.2494886,9.243266,-2.9549806,10.233721,0.18684941889171833,1,-1
2025-01-03 06:33:15,2.6147404,10.127818,0.9701656,10.504799,0.1867796946867854,1,-1
2025-01-01 00:24:10,-3.3043013,13.953103,-0.2416791,14.341057,0.18676998142335074,1,-1
2025-01-03 11:02:35,0.36242166,6.6260166,0.22114258,6.6396046,0.18674663137899372,1,-1
2025-01-01 03:33:50,-3.8570962,9.68769,-0.024075828,10.427325,0.18673054814343687,1,-1
2025-01-03 14:38:20,1.2660336,13.77709,-0.6976286,13.8527155,0.18670172460543696,1,-1
2025-01-01 12:43:55,0.11552515,9.639431,-3.4513922,10.23934,0.18669944355217963,1,-1
2025-01-01 22:15:40,-3.2229795,12.943391,-0.6343984,13.353705,0.18669612035973968,1,-1
2025-01-02 21:55:40,-2.5274773,13.728474,-2.4822686,14.17818,0.18668694605320507,1,-1
2025-01-03 11:57:20,3.5565655,8.556374,-0.30247906,9.27104,0.1866742309477536,1,-1
2025-01-01 08:57:20,-1.5900817,12.53275,-1.6724718,12.7434435,0.18665816588465448,1,-1
2025-01-02 06:23:35,-1.8065362,5.2473793,1.7107366,5.8073387,0.1866215086606147,1,-1
2025-01-01 10:38:05,-2.1818414,10.208499,-3.2821524,10.94287,0.18655352591542368,1,-1
2025-01-03 08:07:50,1.94487,13.996537,-2.894876,14.424489,0.18651477037528885,1,-1
2025-01-01 10:43:35,2.5752013,7.755935,-3.600928,8.930447,0.18646235169872685,1,-1
2025-01-02 19:49:00,0.72570854,14.030626,-0.23919646,14.051418,0.18646227664434545,1,-1
2025-01-02 01:55:20,-3.9550273,8.384018,-1.2913736,9.359575,0.18643287281397605,1,-1
2025-01-01 13:49:15,-2.1479003,13.246832,-1.4160028,13.494336,0.18642577357989504,1,-1
2025-01-03 18:19:25,3.9958434,6.1284585,0.8217527,7.3620677,0.18642221063108638,1,-1
2025-01-03 18:43:10,-0.44259334,7.818072,-3.7021952,8.661662,0.18640077591566154,1,-1
2025-01-03 05:53:15,-0.50898165,11.468385,-3.111175,11.893794,0.1863953743363036,1,-1
2025-01-01 22:23:00,3.9522443,7.2959723,-0.16029705,8.299226,0.186347239328021,1,-1
2025-01-03 01:26:55,-4.069281,8.906614,-0.38489074,9.799744,0.1863370631918029,1,-1
2025-01-01 14:07:15,-3.618673,7.296713,-2.5414484,8.532044,0.1862676822754403,1,-1
2025-01-01 20:58:10,-2.4212568,5.737886,0.11117768,6.2288184,0.18625920949537672,1,-1
2025-01-01 22:14:30,3.307144,6.527765,-1.3675455,7.4444003,0.18625198126833337,1,-1
2025-01-01 20:19:35,0.68543184,5.328123,-0.62149864,5.407862,0.18618581794047045,1,-1
2025-01-01 18:18:25,-2.903762,9.074305,-0.45968062,9.538666,0.18618225437429758,1,-1
2025-01-02 08:53:40,-1.1515764,5.578202,-1.788648,5.970069,0.18617165154896623,1,-1
2025-01-02 12:28:45,2.4890723,9.163778,-1.5512307,9.621675,0.18615759914884222,1,-1
2025-01-02 13:12:45,3.738296,11.5225115,0.78913665,12.139434,0.18615244312275314,1,-1
2025-01-02 16:15:00,-3.704993,12.300704,0.19841571,12.8481,0.1861335527518297,1,-1
2025-01-01 00:28:20,3.8075292,9.003867,0.13221224,9.776727,0.1861279974901223,1,-1
2025-01-01 02:45:05,2.8169913,11.869651,-3.4062214,12.665954,0.18612281034683084,1,-1
2025-01-03 08:51:15,1.1217463,6.465461,-3.5193245,7.4462166,0.18611986409301998,1,-1
2025-01-02 23:05:10,-3.4713838,6.2493277,0.7658139,7.1896505,0.18609191952860843,1,-1
2025-01-01 17:20:45,2.736999,13.33621,-0.19404736,13.615555,0.18604663720047301,1,-1
2025-01-01 00:36:20,2.6869254,5.8119106,-0.5339966,6.4251866,0.1860257571404748,1,-1
2025-01-03 00:45:10,-2.4229453,5.78003,-1.6270475,6.4750824,0.1860239815562763,1,-1
2025-01-03 11:10:30,-2.6678414,11.231248,-3.5003664,12.062788,0.18601449794036642,1,-1
2025-01-01 08:16:20,-1.8875726,8.585843,1.9207311,8.998268,0.18601401262721376,1,-1
2025-01-03 06:11:25,-2.7804866,8.114693,-3.6742578,9.33164,0.1859938920196423,1,-1
2025-01-03 13:27:15,-3.6891792,10.668347,-0.93648416,11.326989,0.1859835105295596,1,-1
2025-01-03 15:11:15,-1.7285895,11.772594,-3.621122,12.437625,0.18598232309843127,1,-1
2025-01-02 10:01:40,-1.6990689,9.513273,1.6128564,9.797474,0.18589933426429442,1,-1
2025-01-02 18:00:25,1.8032137,6.1218777,-3.7718883,7.4132385,0.18589416703086503,1,-1
2025-01-03 17:37:35,-3.7994564,9.950251,-0.14481302,10.651963,0.18589075709245056,1,-1
2025-01-03 08:17:45,1.5883719,5.941193,-1.8066014,6.40972,0.18585717412811978,1,-1
2025-01-01 06:05:40,3.4696338,6.8122964,-1.6311874,7.8170657,0.18584510749187355,1,-1
2025-01-03 06:48:40,2.4655495,13.594047,-0.9155762,13.84613,0.18579541270020586,1,-1
2025-01-02 01:55:30,3.5325642,9.2212105,-1.0221033,9.927459,0.18578767713681738,1,-1
2025-01-02 02:24:45,-3.0097847,11.580926,0.670251,11.984402,0.18574547044305287,1,-1
2025-01-03 17:39:25,3.7681496,11.996031,-2.3590503,12.793312,0.18572791183846712,1,-1
2025-01-01 02:40:50,2.1023705,5.23413,1.6718456,5.883124,0.18551740835871397,1,-1
2025-01-03 16:38:55,-4.1720157,8.760277,-0.45668468,9.713738,0.18551161552114678,1,-1
2025-01-03 09:44:30,-4.0118666,12.313637,1.6613003,13.056824,0.18549382180607446,1,-1
2025-01-03 14:53:20,1.1989689,5.3775916,0.8606431,5.5764437,0.1854804659937567,1,-1
2025-01-01 18:16:20,2.453686,13.039291,2.344265,13.473651,0.18541106800542098,1,-1
2025-01-01 18:13:10,2.513591,9.0744095,2.4722135,9.735239,0.18539958618269378,1,-1
2025-01-02 06:03:10,3.4844491,12.0184145,-0.1636349,12.51441,0.18539223579865047,1,-1
2025-01-01 22:42:25,-2.8677933,11.451264,-0.4941445,11.81524,0.18538634126294062,1,-1
2025-01-02 07:02:30,1.6551839,13.907899,0.6040038,14.019063,0.18531817291638297,1,-1
2025-01-01 03:36:55,-1.2514743,6.437402,-2.506276,7.020523,0.18530142062712682,1,-1
2025-01-02 00:35:55,-3.852138,10.877971,-2.992175,11.921507,0.18527991811361702,1,-1
2025-01-01 06:08:45,3.879062,12.534144,0.051841516,13.1207695,0.1851004950137978,1,-1
2025-01-01 12:32:25,3.3536325,7.446003,0.48886552,8.181003,0.18507804757519067,1,-1
2025-01-01 16:49:10,-0.19951716,5.9193625,-1.5699775,6.127274,0.18507744496907746,1,-1
2025-01-02 10:00:40,-3.897519,10.511677,0.8848958,11.245846,0.18507609240777737,1,-1
2025-01-03 09:43:15,-2.3481283,5.5551114,-0.24235193,6.035868,0.18505240999688252,1,-1
2025-01-02 20:10:35,3.801212,9.004569,-1.5704954,9.89939,0.18505043204984814,1,-1
2025-01-01 10:39:25,-2.2203996,7.964232,1.6387262,8.428795,0.1850498584627051,1,-1
2025-01-01 04:42:30,3.6893153,9.122952,-0.14411406,9.841752,0.18504963090401852,1,-1
2025-01-02 21:09:05,2.2126935,9.959217,1.3152188,10.286487,0.1850146087650198,1,-1
2025-01-03 19:38:35,-2.5107882,13.87298,-0.8247766,14.12246,0.18501397634747896,1,-1
2025-01-03 06:19:35,-1.059248,5.6866326,-1.7622732,6.046933,0.18499026416080452,1,-1
2025-01-02 08:41:45,-1.7058834,5.9577117,-2.7389874,6.7754273,0.1849855533872115,1,-1
2025-01-01 13:53:15,3.5359688,7.083051,-0.17040409,7.9184422,0.1849833467857933,1,-1
2025-01-02 13:04:05,3.1051784,10.533891,2.1496363,11.190439,0.1849217124507346,1,-1
2025-01-03 16:00:25,-3.5799243,10.703168,-0.099583864,11.286433,0.1848922571950269,1,-1
2025-01-01 23:03:40,0.5621381,11.489925,2.3302567,11.737311,0.18487057637880178,1,-1
2025-01-01 19:49:35,3.1571593,6.588713,-1.2981716,7.420515,0.18482838486794312,1,-1
2025-01-01 18:22:15,0.029320555,13.10187,-1.1654277,13.153632,0.1847829635112069,1,-1
2025-01-02 16:18:25,-3.1050255,5.796976,0.53321236,6.5977597,0.184768426374474,1,-1
2025-01-03 03:52:00,-1.3180915,13.830506,0.07605083,13.893381,0.18474896666626808,1,-1
2025-01-01 21:05:05,-0.1347303,11.021083,2.1751034,11.234478,0.18465541024776017,1,-1
2025-01-01 13:32:40,1.9018142,8.055523,-3.0873516,8.83403,0.18464616499101552,1,-1
2025-01-02 16:32:25,-2.6583264,13.968667,-2.4423313,14.427589,0.18461121686596318,1,-1
2025-01-01 14:04:30,-1.7355499,10.829129,2.0715165,11.161243,0.18460360343911505,1,-1
2025-01-03 14:12:35,-3.995991,8.253281,0.74209356,9.199743,0.1845596800900391,1,-1
2025-01-01 07:13:55,2.8145475,13.780307,-1.5758635,14.152804,0.184490190216828,1,-1
2025-01-03 06:31:50,-2.6955144,5.559921,-1.1813694,6.2907987,0.184449851570897,1,-1
2025-01-02 22:26:10,3.9975517,7.2711425,-0.11262761,8.29835,0.18444191207761657,1,-1
2025-01-01 05:10:00,-3.9756672,10.782014,1.08274,11.542534,0.1844391923345128,1,-1
2025-01-03 14:27:40,0.40373057,11.396574,-3.759538,12.007457,0.18433494458852717,1,-1
2025-01-01 16:37:25,3.4352229,12.53491,-1.8474382,13.127748,0.18431458845704657,1,-1
2025-01-01 16:24:25,-2.0758872,13.674886,1.2953253,13.892073,0.18430664618355913,1,-1
2025-01-01 10:14:40,-0.18518558,11.463957,-2.7052736,11.780285,0.18430157876253422,1,-1
2025-01-02 04:46:00,1.8600918,13.415612,-2.0782695,13.702475,0.18426679394638346,1,-1
2025-01-02 03:26:15,-3.8622062,11.709257,-0.73360646,12.35158,0.18422680517771226,1,-1
2025-01-01 01:52:45,0.29068792,6.995225,2.3374984,7.381163,0.18420246185704608,1,-1
2025-01-03 11:21:10,-1.0276766,5.6579156,1.5997576,5.968865,0.18419981296624524,1,-1
2025-01-02 14:37:35,1.519378,6.3588133,-0.5086742,6.5575733,0.1841774807970918,1,-1
2025-01-03 07:35:05,3.567483,10.647292,-2.618823,11.530395,0.18417415842753762,1,-1
2025-01-01 11:24:55,-3.4413502,11.943425,0.099098966,12.429728,0.18413647982809686,1,-1
2025-01-01 04:13:05,2.9993315,5.4165115,-1.2206466,6.310671,0.18412373583280317,1,-1
2025-01-03 14:34:40,0.9262598,12.5090475,-0.6203512,12.558625,0.18406094936441542,1,-1
2025-01-02 05:36:40,0.545562,6.818917,-1.5514265,7.014427,0.18404430144423467,1,-1
2025-01-01 18:11:50,3.9755168,10.896605,0.19896156,11.600875,0.18403715452209185,1,-1
2025-01-03 00:18:20,3.180215,8.751113,-1.1472787,9.381471,0.1840339495665812,1,-1
2025-01-01 20:36:40,0.004206643,7.4589567,2.004824,7.723689,0.18401404263703638,1,-1
2025-01-02 12:38:15,1.4948523,13.3964,0.85803884,13.506826,0.18401173588809883,1,-1
2025-01-03 04:43:05,-2.71081,9.096841,-1.9793911,9.696339,0.18399094618276374,1,-1
2025-01-02 08:34:25,0.104860015,11.464939,-3.5500836,12.002455,0.1839813070760288,1,-1
2025-01-03 10:22:55,3.141981,11.821295,-0.11831914,12.232295,0.1839737874219188,1,-1
2025-01-03 04:20:00,0.14916247,5.499212,-1.5622606,5.718762,0.1839596831558472,1,-1
2025-01-01 00:17:35,-0.8755139,12.444387,2.1858063,12.665191,0.18392288428641002,1,-1
2025-01-02 04:06:40,-2.7898254,5.7738514,0.28938407,6.419052,0.1838992172601022,1,-1
2025-01-01 10:51:30,-0.6694029,10.67261,1.6887572,10.826108,0.18384395128385184,1,-1
2025-01-01 03:25:15,2.0756385,5.493144,0.5250031,5.895637,0.18382679203371502,1,-1
2025-01-03 15:14:45,-3.3020582,9.224237,1.1482989,9.864519,0.1838225599601131,1,-1
2025-01-01 13:42:00,-1.0774271,6.2506566,-3.6171238,7.301722,0.18380682192700723,1,-1
2025-01-03 02:04:10,0.16382289,10.594603,1.6344934,10.721194,0.1837853192501231,1,-1
2025-01-02 00:32:10,-3.4752197,12.43526,-1.5966877,13.010082,0.18376404072756178,1,-1
2025-01-01 00:53:15,1.8592907,13.504817,-2.1707408,13.803954,0.18375278814308363,1,-1
2025-01-03 16:26:00,2.425202,10.122889,0.6411243,10.42907,0.18372163286267829,1,-1
2025-01-02 09:50:35,-3.80294,10.582476,0.396191,11.252027,0.18371760562592265,1,-1
2025-01-01 03:58:30,0.049530223,6.810668,-3.432578,7.6269417,0.18370591105403086,1,-1
2025-01-03 00:26:45,-0.029071584,6.4364476,-0.7253294,6.477253,0.1836796185496964,1,-1
2025-01-02 14:32:40,0.27005687,5.46653,-2.6341357,6.0740886,0.18359045412155314,1,-1
2025-01-01 20:12:35,2.229193,10.266609,2.1903737,10.731743,0.18358893160485798,1,-1
2025-01-02 21:04:35,-1.1713465,7.848069,1.9269979,8.165633,0.18356167705934487,1,-1
2025-01-02 18:50:40,-2.7617738,10.975689,-3.408531,11.81995,0.18355367264529784,1,-1
2025-01-03 00:53:40,-0.30415457,6.0340924,-1.4040639,6.2027555,0.18355054059592926,1,-1
2025-01-02 18:53:50,-1.568531,6.173514,-3.1383996,7.100853,0.1835428388858545,1,-1
2025-01-03 07:19:35,-1.9834179,6.670965,-1.0739809,7.041957,0.18353480692004995,1,-1
2025-01-03 20:14:10,2.5358028,14.046759,-0.26220694,14.276221,0.18352771948294888,1,-1
2025-01-01 17:31:45,2.0316985,11.766595,-3.5863118,12.467646,0.1835276243459114,1,-1
2025-01-02 09:35:15,-0.73473114,13.369111,-0.38980967,13.394958,0.18351635728357632,1,-1
2025-01-01 08:21:20,1.7799851,5.6691656,0.42652175,5.9573236,0.18350858669349582,1,-1
2025-01-03 01:52:40,1.8516408,5.9827795,-1.7350124,6.4986534,0.1834994865473799,1,-1
2025-01-03 13:21:30,3.5325806,7.333502,-1.3468874,8.250666,0.183465042179244,1,-1
2025-01-02 06:35:05,3.4495125,8.679619,-0.22823386,9.342752,0.18342192209144537,1,-1
2025-01-03 13:12:20,-2.877433,9.01027,-0.004376571,9.458573,0.18341851680681998,1,-1
2025-01-02 22:14:15,2.1454835,14.016544,-2.4551077,14.390767,0.18341456569433878,1,-1
2025-01-02 08:48:45,-0.7735554,14.025461,-0.62267464,14.060572,0.18336710241409057,1,-1
2025-01-03 13:48:45,2.8834162,13.362024,0.96313584,13.703482,0.18333972575885837,1,-1
2025-01-01 21:27:10,1.3704358,11.697577,1.8370961,11.919997,0.18327245742255532,1,-1
2025-01-03 13:34:25,0.26321012,10.430499,2.1998963,10.663215,0.18325658431245742,1,-1
2025-01-03 05:09:15,-1.7335688,12.341389,-3.476135,12.938263,0.18322645081210698,1,-1
2025-01-02 14:06:45,0.20601386,7.4426703,-3.6271183,8.282015,0.1832082281346261,1,-1
2025-01-02 12:55:25,0.57271,6.5022273,-0.21406838,6.5309095,0.1832054778653075,1,-1
2025-01-03 08:48:20,-3.1466744,5.5414777,0.30355626,6.379787,0.18319302280521493,1,-1
2025-01-01 12:10:55,0.83292145,12.067457,2.3055432,12.313928,0.18319122397802215,1,-1
2025-01-01 21:53:20,-1.1340278,7.356208,1.4855828,7.589912,0.1831894208953295,1,-1
2025-01-01 04:11:05,-0.87029546,11.964459,2.256777,12.206505,0.18315882170067652,1,-1
2025-01-02 15:34:50,3.5525038,11.084582,-1.6801547,11.760577,0.18314130578036544,1,-1
2025-01-02 08:43:00,0.4668904,12.794226,-1.7855922,12.926661,0.18312147069215937,1,-1
2025-01-03 19:47:40,0.90305537,12.498449,-0.6606063,12.548432,0.1831082253528643,1,-1
2025-01-01 05:03:35,-1.1577104,5.3817825,-1.4221078,5.6856194,0.18309811926763273,1,-1
2025-01-03 01:00:50,-0.89798486,6.8618283,0.798588,6.966262,0.1830786998066494,1,-1
2025-01-03 09:32:10,2.887807,5.46393,-0.5384329,6.203537,0.18305804579252297,1,-1
2025-01-03 10:57:40,0.7174528,5.3290186,-0.6140004,5.4120398,0.1830429191123963,1,-1
2025-01-01 02:24:50,3.6159673,12.221738,-0.060703076,12.745579,0.18303605727848024,1,-1
2025-01-01 00:09:10,-4.11096,8.58149,0.2465381,9.518547,0.18300481493977633,1,-1
2025-01-03 08:26:30,-2.0260065,9.791577,2.3387816,10.268866,0.1829792513048377,1,-1
2025-01-01 02:44:25,-3.1820161,9.12134,-1.717552,9.8119335,0.18293881253271607,1,-1
2025-01-03 11:23:40,-0.32411873,5.9769197,-0.7878029,6.0373216,0.18292674304057457,1,-1
2025-01-01 07:20:15,-3.755619,11.939189,1.349415,12.58848,0.18292605063780712,1,-1
2025-01-02 06:19:50,3.7794197,12.992058,1.719191,13.639399,0.18290706688060454,1,-1
2025-01-02 06:38:25,-2.1453257,10.41372,2.2284346,10.8634205,0.18288667304612322,1,-1
2025-01-02 20:41:45,2.4959042,6.149582,2.4104888,7.0609736,0.18287588214104838,1,-1
2025-01-03 06:50:35,-1.2700382,13.17034,0.45265242,13.239174,0.18283027666558507,1,-1
2025-01-01 03:11:40,-3.0840511,7.95541,-1.4412224,8.653152,0.18279155675986786,1,-1
2025-01-01 05:08:55,3.0286658,9.310212,-2.0854592,10.010096,0.182749831306892,1,-1
2025-01-03 14:48:40,1.1221462,12.95311,-3.7328362,13.526875,0.18273960843497164,1,-1
2025-01-03 20:01:30,-0.57641083,11.331934,2.2284305,11.563342,0.18273099292261985,1,-1
2025-01-03 17:24:50,1.5167158,6.2274966,-0.76200235,6.454672,0.18273094997007647,1,-1
2025-01-02 16:52:30,-2.0404553,9.644815,-3.1031957,10.335171,0.18273091407997846,1,-1
2025-01-03 16:43:55,-3.1260033,5.6646023,-1.6136712,6.6680994,0.1826904566041658,1,-1
2025-01-02 02:23:45,-0.89123136,6.409486,-1.0093157,6.549391,0.1826863530786966,1,-1
2025-01-03 12:26:55,-2.6158874,12.118747,-3.6058302,12.91158,0.18268277596844892,1,-1
2025-01-03 03:26:15,-1.9763453,13.581327,1.2144829,13.778004,0.18264556822332528,1,-1
2025-01-01 19:13:10,-2.2001102,5.523598,0.64359814,5.9803715,0.18262307969386343,1,-1
2025-01-01 15:46:35,1.2358791,11.252761,-3.2226021,11.770182,0.18258565851433503,1,-1
2025-01-02 02:19:50,-1.1790029,9.141546,2.3587646,9.514289,0.1825730414464219,1,-1
2025-01-03 13:45:30,0.9081255,8.112761,1.4367474,8.2888975,0.1825002398460148,1,-1
2025-01-01 11:33:00,-3.9300165,9.3977,-2.3024688,10.443331,0.182486747195541,1,-1
2025-01-03 00:43:45,1.1225169,11.932213,1.955678,12.143411,0.18248473255112826,1,-1
2025-01-03 11:40:50,-0.43172398,10.454276,2.3559678,10.72515,0.1824629861221497,1,-1
2025-01-03 10:50:05,-1.798292,6.591525,-3.286033,7.581561,0.1824474091635309,1,-1
2025-01-03 10:46:10,-2.5825267,9.026714,2.2088795,9.645215,0.18240121191797065,1,-1
2025-01-01 18:54:50,3.012312,13.915667,1.4375516,14.310359,0.1823906726994207,1,-1
2025-01-03 01:11:05,-4.1607842,8.392767,-0.43809608,9.377771,0.18231684717984192,1,-1
2025-01-01 04:26:00,-4.057013,12.712404,-2.0083532,13.494371,0.1823133693659466,1,-1
2025-01-03 05:19:25,3.4589305,7.864795,0.328936,8.5981045,0.18224526075757094,1,-1
2025-01-01 12:14:55,-1.7207243,10.185001,2.108641,10.542367,0.18223321794157687,1,-1
2025-01-03 21:15:05,-0.8155045,6.045584,-0.2297559,6.104664,0.18222480892093235,1,-1
2025-01-02 19:12:30,-2.392823,6.0875,-1.9743012,6.832359,0.18217001331792262,1,-1
2025-01-01 10:09:05,-4.0961957,10.091628,-0.37102804,10.897589,0.18215355674016137,1,-1
2025-01-03 12:12:50,-4.165774,9.458638,-1.0221626,10.385775,0.1821384735485982,1,-1
2025-01-03 00:53:35,3.8129706,10.453488,1.0151155,11.1733885,0.182100401729323,1,-1
2025-01-03 05:31:30,0.1618139,5.454133,-0.22802083,5.461295,0.1820974845260316,1,-1
2025-01-01 18:25:10,2.3511884,13.573258,-1.8110061,13.893926,0.18209726246743727,1,-1
2025-01-02 01:18:45,-0.35867232,7.0847983,-3.5352848,7.925986,0.1820628635686666,1,-1
2025-01-02 16:13:00,-3.815011,7.8219647,0.19086684,8.704819,0.1820197193718635,1,-1
2025-01-01 22:03:45,2.4304726,5.5927067,-1.9417052,6.3996706,0.18201089132074807,1,-1
2025-01-03 20:48:25,-2.0362413,12.411229,-3.4627755,13.04514,0.18193231446878994,1,-1
2025-01-01 00:46:30,-1.9472854,10.040556,-2.933137,10.639924,0.18190935202731334,1,-1
2025-01-02 08:07:30,2.8898163,9.386702,-3.375488,10.385332,0.18186343691196505,1,-1
2025-01-02 16:18:10,3.7785861,12.640851,-1.0456634,13.234887,0.18185430632529592,1,-1
2025-01-02 11:09:05,-0.44237742,11.525724,-3.7767885,12.136809,0.18182639862038746,1,-1
2025-01-03 03:39:45,3.6293378,7.234797,-0.46558717,8.107475,0.18173705520969818,1,-1
2025-01-03 12:53:40,-1.2136657,6.3240676,-2.3177445,6.8438845,0.18171485975301963,1,-1
2025-01-02 17:49:10,-3.6695063,12.788029,-0.6808289,13.321505,0.18170858202212362,1,-1
2025-01-03 13:05:50,-3.2479837,5.5307713,-0.55036664,6.4375253,0.18165288553775433,1,-1
2025-01-03 01:34:00,0.74497294,6.5693603,2.35037,7.0168166,0.18158320758949864,1,-1
2025-01-01 03:35:30,-3.8424735,6.64096,-2.0822198,7.950006,0.18157409449726006,1,-1
2025-01-03 13:22:30,-0.4480299,7.481815,-3.3357446,8.203991,0.18151371467038782,1,-1
2025-01-02 09:56:30,2.42577,9.739243,1.3790503,10.13109,0.18148160941447536,1,-1
2025-01-01 10:22:40,-4.093666,6.3096395,-2.7549305,8.00995,0.18146961818906862,1,-1
2025-01-03 03:57:10,0.6142192,12.88688,0.33778104,12.90593,0.18146017664101305,1,-1
2025-01-01 14:37:05,-2.8612034,9.915922,-0.13686095,10.321373,0.18145359293249144,1,-1
2025-01-03 05:39:45,3.588636,11.208608,-2.3509793,12.0015955,0.1814491541948021,1,-1
2025-01-02 01:23:10,3.7092266,12.802103,1.7039479,13.437099,0.18143756021230553,1,-1
2025-01-01 14:13:20,3.6410174,11.038033,-3.063446,12.019979,0.18139158564553295,1,-1
2025-01-02 12:18:20,-4.075327,10.224991,0.52055496,11.019515,0.18138767730565544,1,-1
2025-01-02 09:59:05,-2.7781098,13.054404,2.374521,13.556316,0.18135051678242498,1,-1
2025-01-03 06:33:55,-1.9633157,9.135326,1.5865809,9.47766,0.18135001807170076,1,-1
2025-01-02 18:16:55,0.60376644,13.993115,-1.2174797,14.058949,0.1813496115868859,1,-1
2025-01-03 13:56:10,-1.1801927,11.521846,1.4100977,11.667654,0.18133896687449555,1,-1
2025-01-03 14:38:50,1.9768039,8.587647,2.0907993,9.0568695,0.1813355071384197,1,-1
2025-01-01 13:43:30,3.558311,12.001326,-0.10538223,12.518167,0.18130120440859182,1,-1
2025-01-03 20:44:25,-4.108615,11.974106,-2.9322717,12.994543,0.18130079018310083,1,-1
2025-01-02 04:08:35,-2.1814415,7.484443,1.9719098,8.041393,0.18129144830181917,1,-1
2025-01-03 12:38:35,0.37079242,6.5658073,-2.1300802,6.912637,0.18122101512513192,1,-1
2025-01-02 18:40:40,-1.7912819,9.268858,1.6998371,9.592177,0.18119242102616437,1,-1
2025-01-01 16:30:25,-2.8684597,9.851916,0.55013925,10.275746,0.18115740607323483,1,-1
2025-01-01 08:41:30,-1.2854464,5.612207,-1.4585316,5.939407,0.18114843137156975,1,-1
2025-01-03 20:23:20,-1.893262,12.638489,-0.82197285,12.805916,0.1811189412088703,1,-1
2025-01-01 04:21:45,3.48731,10.520387,-1.0725939,11.135095,0.18108255043490087,1,-1
2025-01-01 04:29:20,-1.4957074,5.2240787,-0.48358047,5.455455,0.18106869380613994,1,-1
2025-01-03 05:00:05,-0.26700145,8.025483,-3.4238138,8.729385,0.1810674049687247,1,-1
2025-01-02 07:53:10,0.2930897,6.3618393,-0.39576036,6.3808722,0.18106674674263584,1,-1
2025-01-03 14:31:15,3.73621,12.877427,0.050178524,13.408576,0.18103941442570656,1,-1
2025-01-02 00:34:00,-2.921037,13.766012,-2.4351158,14.281644,0.1810358286857396,1,-1
2025-01-02 12:37:45,0.62238127,5.2184277,-0.07762851,5.2559843,0.1810058474564986,1,-1
2025-01-03 04:58:30,-3.070828,8.973942,-0.6135205,9.504632,0.18100016386130274,1,-1
2025-01-02 19:35:15,0.026137406,10.225408,1.7906975,10.381052,0.18099306597586734,1,-1
2025-01-02 22:36:05,0.16132948,13.703898,-2.35356,13.905471,0.18093970806294923,1,-1
2025-01-03 11:40:40,-1.8760751,7.28299,-3.7609856,8.408722,0.18093275016079116,1,-1
2025-01-01 11:13:40,1.366849,11.819678,2.0121682,12.0673895,0.1808927074953159,1,-1
2025-01-02 09:36:10,0.762543,12.7043295,-1.5565317,12.822022,0.18087777377238534,1,-1
2025-01-01 10:48:45,-0.5604463,10.429983,-3.1679757,10.9148855,0.18085353131351525,1,-1
2025-01-02 20:44:00,0.7086946,11.392596,2.4210265,11.668542,0.18083143330046803,1,-1
2025-01-02 12:57:25,-0.09510565,13.647924,-1.7726252,13.762888,0.18082219918496006,1,-1
2025-01-01 03:38:10,2.0176096,5.9332447,-1.364555,6.413747,0.18076576079834578,1,-1
2025-01-02 21:32:55,3.3779106,12.7086,-0.52468306,13.160322,0.18075967878157317,1,-1
2025-01-01 14:25:00,-4.0205536,12.131303,1.6285113,12.883533,0.18072852677868806,1,-1
2025-01-02 18:37:50,0.75081074,6.5070457,-2.1092675,6.881451,0.18072672302622805,1,-1
2025-01-03 11:06:10,1.9371773,9.140024,2.4853969,9.667983,0.18063371908713122,1,-1
2025-01-02 22:04:40,-2.1310787,10.371154,2.259248,10.826197,0.18062527180128102,1,-1
2025-01-02 21:44:30,-3.971982,10.829856,-0.5849481,11.550091,0.18060465239489584,1,-1
2025-01-01 23:01:55,3.445364,9.543255,0.6878139,10.169432,0.18060159381646118,1,-1
2025-01-02 11:28:30,1.936885,13.113069,2.2268784,13.441096,0.18057157508791138,1,-1
2025-01-02 23:28:50,3.4351811,10.598353,1.4703314,11.237768,0.1805388204561562,1,-1
2025-01-01 05:44:50,1.6126431,8.919691,2.117076,9.308249,0.1805349490933267,1,-1
2025-01-01 14:43:35,-4.0870667,6.1561923,0.8800881,7.4415975,0.18049296224875971,1,-1
2025-01-02 22:02:35,2.4874744,5.7085457,0.39545217,6.239504,0.18041284345553896,1,-1
2025-01-01 08:20:35,-2.3368216,8.626271,2.1969295,9.203249,0.1803811748237902,1,-1
2025-01-02 11:50:15,-0.63708293,6.9953723,-3.2969,7.759553,0.18036833005652944,1,-1
2025-01-01 01:30:25,1.6906211,7.025809,2.4056172,7.616245,0.18031685428273073,1,-1
2025-01-01 18:27:35,0.5842054,12.997794,-1.5633376,13.104503,0.18030287889015492,1,-1
2025-01-03 11:12:50,-3.1687205,13.847169,-0.4618551,14.212606,0.18025287987440305,1,-1
2025-01-01 15:55:30,0.6311643,9.862024,2.230075,10.130702,0.1802147130143526,1,-1
2025-01-02 21:29:35,-0.34250042,5.402341,-2.8934822,6.137983,0.18021208617667045,1,-1
2025-01-03 03:15:15,0.28428543,6.5531154,-3.524476,7.446212,0.18017790252195792,1,-1
2025-01-01 08:53:10,-0.68367696,9.942192,-3.7631257,10.652498,0.18014066786496916,1,-1
2025-01-02 15:30:55,-1.5926926,6.195843,-0.9915042,6.473656,0.18013506499992765,1,-1
2025-01-03 10:24:15,2.0519576,10.180515,-3.3045745,10.898332,0.18013286060062395,1,-1
2025-01-02 11:20:45,-4.18126,7.4325933,-2.3396063,8.843084,0.18011286693732068,1,-1
2025-01-02 21:22:15,0.07971795,6.6688285,0.30931088,6.6764736,0.1801024778122983,1,-1
2025-01-03 11:13:55,1.0528014,13.119745,-3.0415006,13.508769,0.18008651533935263,1,-1
2025-01-02 11:13:15,1.2353908,12.782414,-3.579399,13.331482,0.18008387960801298,1,-1
2025-01-03 11:44:15,-3.6632674,10.316204,-0.037624866,10.947374,0.18008282563407885,1,-1
2025-01-01 19:41:55,1.1880617,13.406756,0.1993856,13.460771,0.18004262441525448,1,-1
2025-01-02 07:10:30,-2.3753133,9.8322115,-3.4961936,10.702237,0.18004108081289402,1,-1
2025-01-02 13:24:15,2.9745967,13.870375,-2.2916598,14.369663,0.18003788220607161,1,-1
2025-01-01 06:27:35,1.2542579,10.037478,-3.395382,10.670181,0.17999532254440895,1,-1
2025-01-01 22:31:40,-1.0239623,10.687977,1.7546983,10.879353,0.17998154119989218,1,-1
2025-01-02 06:53:20,-1.1065371,5.302571,1.7618892,5.696133,0.1799590697041958,1,-1
2025-01-03 04:08:15,-3.8080802,12.405586,1.0012317,13.015472,0.17995528773547947,1,-1
2025-01-03 20:26:00,2.4753072,13.080571,-0.062255457,13.312865,0.17991500881080114,1,-1
2025-01-03 09:40:30,-0.0943112,13.548276,-1.1528921,13.597568,0.17991156221762064,1,-1
2025-01-02 07:45:50,0.68489254,5.9625134,-2.0523813,6.342942,0.1798471716499277,1,-1
2025-01-01 06:53:45,-2.680707,7.759523,-3.73815,9.02054,0.1798456315280671,1,-1
2025-01-03 01:33:50,-3.500209,9.956312,-1.022401,10.603062,0.17983417997184015,1,-1
2025-01-01 06:50:20,2.2893672,10.046249,2.275166,10.552,0.17981267773000129,1,-1
2025-01-01 19:50:00,1.3126252,13.257327,-1.160892,13.372636,0.17977536413473738,1,-1
2025-01-01 13:26:05,-3.7882218,7.2965693,1.2117835,8.310173,0.1797742394754374,1,-1
2025-01-02 00:30:10,3.7921138,11.56889,-1.8934731,12.3209,0.17976907326322775,1,-1
2025-01-02 15:27:55,-2.207985,6.3475432,-0.27705833,6.7263117,0.17975388924555677,1,-1
2025-01-02 23:58:40,-1.2369169,10.757939,2.5031025,11.114348,0.1797268141766807,1,-1
2025-01-02 19:51:10,-1.9944452,6.339708,-3.1686943,7.3627663,0.17970246001891896,1,-1
2025-01-01 12:53:35,-0.5950805,6.858463,-3.2198555,7.600007,0.17967398173484073,1,-1
2025-01-01 00:33:40,3.1300664,5.4230804,1.260172,6.387108,0.1796242805960043,1,-1
2025-01-02 21:38:25,-3.675445,9.703409,0.48993134,10.387737,0.17961785565530874,1,-1
2025-01-03 08:22:50,0.12322615,13.868381,0.18797283,13.870202,0.17955931704777237,1,-1
2025-01-01 18:46:35,2.467341,6.741372,2.3474205,7.552765,0.17947395561740126,1,-1
2025-01-01 00:13:25,0.005393044,8.65692,-3.7231169,9.423582,0.17946464397781758,1,-1
2025-01-03 09:50:35,-1.0180662,9.115152,2.34731,9.467435,0.1794037215516111,1,-1
2025-01-01 04:36:15,3.655657,11.556051,1.364751,12.197078,0.17939369396395954,1,-1
2025-01-02 03:42:15,-2.4091978,13.845447,-1.0805779,14.094974,0.17936262660871907,1,-1
2025-01-02 15:15:50,-0.7013861,5.660892,0.042611983,5.7043366,0.17935288119564163,1,-1
2025-01-02 14:06:35,3.1044354,5.505647,-0.90759313,6.385405,0.17935014875018196,1,-1
2025-01-01 11:30:30,2.9716728,5.670414,1.1753525,6.5089087,0.17934593760082587,1,-1
2025-01-02 19:44:25,-1.5197827,12.986466,-3.4183998,13.514566,0.17921159663861957,1,-1
2025-01-01 14:45:20,3.273874,10.769493,1.2112525,11.321102,0.1792045178489461,1,-1
2025-01-01 07:36:50,-4.1027646,7.7771826,-2.9262555,9.2671585,0.17916329310609702,1,-1
2025-01-02 00:15:15,-3.2098007,8.933529,-0.80132693,9.526431,0.1791330646770956,1,-1
2025-01-01 05:34:05,-1.2694647,13.240179,-2.3700092,13.510397,0.1791179819807456,1,-1
2025-01-01 14:50:45,3.4988441,10.396928,-1.2309346,11.038714,0.1790738157004813,1,-1
2025-01-01 21:25:30,0.95934826,13.564846,-2.854524,13.895096,0.17904655097289932,1,-1
2025-01-02 05:18:55,1.8455691,8.417849,-3.3728788,9.25433,0.17903366076371816,1,-1
2025-01-02 02:21:00,2.0716925,13.590936,1.3278358,13.811901,0.17901589517083966,1,-1
2025-01-02 20:25:35,2.9481041,9.685485,-0.90629566,10.164709,0.17895992572874955,1,-1
2025-01-03 13:16:40,1.4878287,9.889758,2.066469,10.212308,0.17895088756025337,1,-1
2025-01-01 21:54:30,-2.9946234,10.077959,0.87053514,10.549448,0.17891000546146138,1,-1
2025-01-02 16:38:40,1.4562508,7.7298465,2.4991148,8.253288,0.17890827188980657,1,-1
2025-01-03 00:52:00,-2.683342,12.011246,2.4533217,12.549467,0.1788976589514125,1,-1
2025-01-03 14:49:30,-0.7638944,11.481365,-3.4739015,12.019704,0.1788837832259612,1,-1
2025-01-03 13:02:05,-1.9081796,12.851152,-0.26655856,12.994781,0.17886457603236264,1,-1
2025-01-03 00:34:25,1.456402,12.863126,-0.23424329,12.947432,0.17882959998453085,1,-1
2025-01-03 11:27:00,-3.7776163,7.6351905,1.6950833,8.685611,0.17876930915723369,1,-1
2025-01-01 21:53:40,2.6176307,6.6300235,2.3157089,7.4947786,0.1787605835762527,1,-1
2025-01-02 10:29:40,1.8192881,7.9161077,-3.1209834,8.701443,0.1787482997084269,1,-1
2025-01-01 20:10:30,-1.80711,9.850873,-2.9278343,10.434441,0.17874745307649625,1,-1
2025-01-03 18:49:05,0.22644636,7.7257943,1.8117629,7.938618,0.17872756342711058,1,-1
2025-01-02 14:59:55,3.5945594,12.055021,-2.5703914,12.839443,0.17871046733528037,1,-1
2025-01-03 11:39:35,-3.8035827,11.916174,-1.6647844,12.6187935,0.17869992430874998,1,-1
2025-01-02 08:57:40,0.2776196,9.836646,-3.2880812,10.375363,0.1786439214842148,1,-1
2025-01-03 15:51:50,2.2978356,5.780971,0.22484165,6.224968,0.17863721489611403,1,-1
2025-01-02 04:33:00,-1.6809322,8.624895,-2.6631792,9.181877,0.17859109781297186,1,-1
2025-01-02 16:30:10,-4.146397,12.895802,-1.1460465,13.5944,0.17854954198021655,1,-1
2025-01-03 19:50:10,0.80060905,9.935217,1.4140718,10.067229,0.17852619612281906,1,-1
2025-01-03 16:01:45,-3.28885,12.221762,-1.3022397,12.723357,0.17849689167212415,1,-1
2025-01-03 00:33:25,0.54500073,6.878582,2.3076105,7.2757807,0.17847884230687816,1,-1
2025-01-03 07:53:55,3.642092,11.640477,-2.1107395,12.378237,0.17845984673311052,1,-1
2025-01-02 04:39:15,-1.860986,9.306683,1.7205471,9.645616,0.17845558077929116,1,-1
2025-01-01 12:00:20,2.0616117,13.374474,-2.4162242,13.746451,0.1784456835566883,1,-1
2025-01-01 07:49:55,3.4174974,11.570491,-3.2642634,12.498438,0.17841674833227866,1,-1
2025-01-02 08:10:00,2.4780087,11.462448,1.2119445,11.789701,0.1784083578988316,1,-1
2025-01-03 02:55:05,-1.4250895,5.4067473,0.21343866,5.595476,0.17840810283433228,1,-1
2025-01-01 15:37:55,-3.5945826,12.406054,0.4828962,12.925339,0.17840667354587011,1,-1
2025-01-02 23:40:55,3.556239,10.663817,-0.87891006,11.275475,0.17839566795895542,1,-1
2025-01-02 06:32:40,1.2823712,9.76761,2.472011,10.156846,0.1783301687399794,1,-1
2025-01-03 16:48:55,-1.1085314,14.047405,-2.5431192,14.318725,0.1783157949345145,1,-1
2025-01-02 10:58:20,0.97983956,9.695651,-3.0757444,10.218901,0.1782635780192646,1,-1
2025-01-03 18:51:05,1.2703371,10.752471,2.305215,11.069932,0.17824521701970494,1,-1
2025-01-01 06:07:45,1.5640516,13.795523,-1.5412426,13.969185,0.1782156794594703,1,-1
2025-01-02 15:35:30,0.26927724,6.0532784,0.9004516,6.1258063,0.17808842579959025,1,-1
2025-01-01 01:48:05,-3.5642679,9.970115,-1.0351871,10.638553,0.17805074114703712,1,-1
2025-01-01 16:44:55,-0.34882793,9.712994,2.35086,9.999523,0.1780421034428499,1,-1
2025-01-02 18:54:40,0.17767166,13.7177925,1.0215958,13.7569275,0.1780358173278112,1,-1
2025-01-03 20:21:20,-1.314195,5.550949,1.2092841,5.831167,0.1780133705586106,1,-1
2025-01-03 14:12:45,-3.3152018,11.254534,-2.1408281,11.926367,0.1780079012456421,1,-1
2025-01-02 18:26:50,-1.7658862,6.7795362,2.2213871,7.3494916,0.17796361265522495,1,-1
2025-01-02 23:22:30,3.365565,6.3256617,-0.61540705,7.1916447,0.17795479811446296,1,-1
2025-01-03 16:21:10,1.9503529,7.082278,1.7090278,7.5421023,0.17794033359015973,1,-1
2025-01-01 01:33:00,2.9722724,13.50312,-1.7289612,13.934057,0.17793374727172823,1,-1
2025-01-03 12:47:50,-0.61013234,14.029443,0.08381384,14.042954,0.17793294950512784,1,-1
2025-01-03 03:42:00,3.2581198,9.314947,-2.8358567,10.2677,0.17786343109425734,1,-1
2025-01-03 19:48:10,3.1948981,11.133864,-0.7317026,11.606278,0.17785890257752604,1,-1
2025-01-01 18:07:15,-3.5824242,12.179829,0.9659834,12.732443,0.1778437014465487,1,-1
2025-01-01 00:27:35,3.2428606,11.8548355,-0.28116176,12.293589,0.17783952980718387,1,-1
2025-01-02 01:02:05,-3.0919893,13.5716505,0.307933,13.92282,0.17783883949999912,1,-1
2025-01-03 00:44:50,-3.7288601,10.529046,-1.9040184,11.330953,0.17783004418274567,1,-1
2025-01-01 11:16:15,-1.4825985,13.793806,-2.4131444,14.081565,0.1778234723753294,1,-1
2025-01-03 20:23:35,2.5997376,11.133857,-3.458329,11.944934,0.1778225152427482,1,-1
2025-01-02 15:09:10,2.6141233,5.987344,-2.0551417,6.8487616,0.17782195713926616,1,-1
2025-01-02 16:38:15,3.7003005,6.7035,-1.6053395,7.823442,0.17781679158593813,1,-1
2025-01-03 14:18:15,2.993616,9.386765,-3.5422935,10.470001,0.17779884287160513,1,-1
2025-01-02 05:11:20,-0.013220183,5.875194,1.2013568,5.9967775,0.17779087153211653,1,-1
2025-01-02 01:03:05,-1.2277106,12.776405,0.31253362,12.839061,0.17778858734892666,1,-1
2025-01-01 11:06:45,-2.1189148,13.800084,-2.1388173,14.124683,0.17773560524760731,1,-1
2025-01-01 03:12:10,-3.4712307,12.329295,-0.7786592,12.832274,0.1776638243806725,1,-1
2025-01-01 05:57:10,3.5716767,12.735415,-0.7812601,13.249832,0.17762354770047842,1,-1
2025-01-01 17:24:10,-2.420533,13.943875,0.16065471,14.153319,0.17760344746505183,1,-1
2025-01-03 11:30:00,-4.072333,13.003687,-2.267806,13.813859,0.17759650529475665,1,-1
2025-01-02 02:01:20,2.520237,5.4010096,-0.6716667,5.9978027,0.17758226060632415,1,-1
2025-01-03 18:51:40,3.5221937,10.316503,-1.2418092,10.971698,0.17756389374997308,1,-1
2025-01-03 18:54:30,3.6240327,6.7751546,-2.5148227,8.084595,0.17755488257699462,1,-1
2025-01-01 20:00:10,2.5968797,9.343398,0.5530715,9.713328,0.17751164626823526,1,-1
2025-01-01 09:49:15,-1.9313406,8.7655115,-2.7040837,9.374238,0.17749772213078815,1,-1
2025-01-02 23:05:45,1.4315813,10.63729,2.332994,10.983816,0.17749391530060463,1,-1
2025-01-03 12:28:55,3.032279,6.8023095,-0.93331647,7.5058117,0.17748524119814435,1,-1
2025-01-02 21:22:20,-2.2881176,10.931095,-3.6527104,11.750175,0.1774729518913808,1,-1
2025-01-01 08:22:10,-1.4343883,13.552872,-1.2027336,13.681534,0.17747213920060323,1,-1
2025-01-02 08:57:50,0.9904042,13.313557,0.49286482,13.359439,0.17739593255305053,1,-1
2025-01-03 07:37:55,3.920251,8.255318,-2.458974,9.463889,0.17736829553513264,1,-1
2025-01-02 07:15:35,2.0741546,13.615147,-2.2861733,13.960692,0.1773606438381246,1,-1
2025-01-03 03:35:50,-3.137799,9.925381,0.81895816,10.441727,0.17735922757883685,1,-1
2025-01-02 21:50:35,-3.0505433,10.003226,-3.782312,11.120982,0.1773198185324607,1,-1
2025-01-01 20:23:15,3.947424,6.300215,1.4246956,7.5699816,0.17731590398553884,1,-1
2025-01-01 17:14:25,1.213456,13.599388,-0.8873696,13.682224,0.17727925858006457,1,-1
2025-01-02 04:48:50,-0.8623234,6.6763434,0.7689344,6.7755756,0.17726139850558173,1,-1
2025-01-02 13:33:05,2.5562365,8.545112,-0.8585184,8.960487,0.1772461814364903,1,-1
2025-01-01 19:07:55,-2.9920294,7.818151,-0.6759255,8.39837,0.17720329676397623,1,-1
2025-01-01 14:02:05,0.08407117,13.024111,-1.2073898,13.080226,0.17718246356540976,1,-1
2025-01-02 08:20:10,0.25321835,8.259001,-3.7309895,9.066173,0.17716564753200517,1,-1
2025-01-03 07:36:05,0.071444765,10.572563,1.7635227,10.718872,0.17715040656304087,1,-1
2025-01-01 00:11:35,2.6204576,6.3859177,-0.31801555,6.909984,0.17713657334255975,1,-1
2025-01-03 06:33:35,-2.2358766,13.967455,-2.9206774,14.443659,0.17712927660032607,1,-1
2025-01-02 06:15:35,-0.32248724,10.845859,-3.610617,11.435611,0.17712678804370804,1,-1
2025-01-02 07:17:20,-3.5978985,10.068274,-1.886505,10.856975,0.1770575974148001,1,-1
2025-01-01 15:07:30,1.9306909,6.7577734,0.25831044,7.0329075,0.17700788541571832,1,-1
2025-01-02 19:06:25,2.6075988,10.063314,-3.5636983,10.9895315,0.1769841234137261,1,-1
2025-01-01 20:36:20,2.684324,8.905768,0.4465354,9.312234,0.17694393960231006,1,-1
2025-01-01 09:45:45,0.2939461,14.030988,-0.74312896,14.053728,0.17693128819609535,1,-1
2025-01-02 20:01:25,2.6283627,8.783697,0.93346435,9.215909,0.17690013019461398,1,-1
2025-01-01 07:37:00,0.19259544,12.988248,-1.0072426,13.028669,0.17689530065691417,1,-1
2025-01-03 06:33:20,0.13767919,13.559318,-1.8935738,13.69159,0.17688212674335058,1,-1
2025-01-02 02:14:00,-2.6017802,13.102799,-1.1829454,13.41089,0.17687842669422849,1,-1
2025-01-01 18:06:20,0.2185362,12.870287,-1.146777,12.923124,0.1767929083451007,1,-1
2025-01-01 08:55:00,2.5596554,11.684523,0.47242334,11.970927,0.17677270333913805,1,-1
2025-01-01 05:18:45,-3.9734347,12.258805,0.83799475,12.913897,0.176761849971095,1,-1
2025-01-01 17:36:35,2.8380075,5.6405997,0.20022725,6.317495,0.1767293574699512,1,-1
2025-01-01 18:20:30,3.9020908,9.896664,-2.3773158,10.900546,0.17670100866961783,1,-1
2025-01-02 22:34:50,-2.0323887,13.192427,0.19092534,13.349425,0.17667219389507668,1,-1
2025-01-01 02:03:50,2.8993075,6.0015597,-0.43678236,6.679482,0.17666405917299602,1,-1
2025-01-02 00:36:10,-1.1103712,9.886259,-2.8705342,10.354275,0.17665921184595654,1,-1
2025-01-01 17:43:00,1.8871167,11.646511,-2.7901719,12.123839,0.17663395980616745,1,-1
2025-01-03 08:57:30,-4.0270696,10.235576,-2.3743525,11.252638,0.1766332127641085,1,-1
2025-01-03 06:50:15,0.35082084,13.8565235,0.08929004,13.861252,0.17662619120430126,1,-1
2025-01-03 03:49:00,-3.7355688,11.707796,-2.2137473,12.487099,0.17662291021420456,1,-1
2025-01-01 17:51:40,1.0441154,6.5834317,-1.6795797,6.8740625,0.1766197208607664,1,-1
2025-01-03 10:49:15,2.923184,13.742257,-1.9756421,14.187945,0.17661850588416583,1,-1
2025-01-03 02:40:50,1.9523116,13.6833515,-1.8177751,13.940945,0.1765913699892346,1,-1
2025-01-03 19:52:30,-3.4823585,12.001126,0.70491195,12.51602,0.17657291427145327,1,-1
2025-01-01 15:30:55,3.2459545,6.6154456,-1.0672926,7.445768,0.17654633521208885,1,-1
2025-01-01 22:24:40,-0.56723905,6.590804,-3.3987298,7.437192,0.17653624826686903,1,-1
2025-01-01 17:28:35,3.7475243,7.206434,-1.0978923,8.196462,0.1764981818516134,1,-1
2025-01-01 04:36:50,0.6462209,13.756769,1.386179,13.841524,0.17646449379995716,1,-1
2025-01-03 12:13:05,-2.528952,5.613241,-1.7856203,6.410344,0.17643827418476055,1,-1
2025-01-03 04:07:20,-4.134539,7.8336287,-0.6547683,8.881941,0.17643615952063707,1,-1
2025-01-03 20:02:20,-2.4062319,13.728686,1.6772187,14.038512,0.17642594410425724,1,-1
2025-01-01 02:55:30,0.002346351,13.354644,-1.2570105,13.4136715,0.17637195445973355,1,-1
2025-01-01 17:43:55,-1.5945219,11.520083,-3.5844266,12.169755,0.17627265757108138,1,-1
2025-01-01 12:19:15,-3.7419562,8.163657,-1.1216373,9.050172,0.17626353225559113,1,-1
2025-01-01 09:47:05,-1.5240595,13.819021,-1.2644596,13.960192,0.17626030336333146,1,-1
2025-01-03 05:29:20,-0.19994527,6.221807,2.4086301,6.6747556,0.17625533815270078,1,-1
2025-01-01 13:32:55,-3.146234,8.644913,0.9287798,9.246401,0.17625380432851115,1,-1
2025-01-01 15:33:50,2.200712,8.852771,-3.3677652,9.724018,0.17623231271051237,1,-1
2025-01-02 16:00:55,-4.076917,10.124045,-0.5380694,10.927354,0.17622254007532318,1,-1
2025-01-03 09:00:15,-3.0153131,7.8040247,-1.2447853,8.458393,0.17618931327013382,1,-1
2025-01-01 11:34:20,3.680213,12.437605,1.2332872,13.029159,0.1761759266652183,1,-1
2025-01-02 12:05:15,-3.8188663,11.475116,0.9806574,12.133577,0.17617507635002552,1,-1
2025-01-02 16:42:50,-2.8067908,8.054092,-1.0971471,8.599431,0.17616414273455058,1,-1
2025-01-03 12:49:30,0.72694594,8.551827,2.347263,8.897856,0.17608321426371953,1,-1
2025-01-03 02:10:05,0.26038146,9.153784,1.7574786,9.324606,0.17608119248843151,1,-1
2025-01-01 09:22:30,0.46642724,5.4249625,-2.4795444,5.982969,0.176025107422182,1,-1
2025-01-02 16:31:45,1.8243114,10.862544,-3.34263,11.510697,0.1760212594860294,1,-1
2025-01-03 14:04:20,-3.1518798,10.051849,-0.47472358,10.545112,0.17601459102218703,1,-1
2025-01-02 04:19:40,2.0279493,6.4023857,-3.6141617,7.626617,0.17600698131710996,1,-1
2025-01-02 08:07:15,-1.2677586,5.5752068,-1.8474627,6.0085983,0.17597663460056645,1,-1
2025-01-01 05:41:50,3.964521,6.560575,0.90549767,7.718711,0.17591611948625813,1,-1
2025-01-01 10:06:10,-0.0092141265,8.217047,2.2649717,8.5234995,0.17586998023757489,1,-1
2025-01-02 12:20:40,0.28313914,7.6149936,1.7811699,7.825654,0.1758400407691517,1,-1
2025-01-01 06:27:15,-1.7731383,9.907023,-3.4425209,10.636921,0.17583099147191955,1,-1
2025-01-02 13:13:40,1.3200756,6.7350383,0.72576517,6.9014544,0.17581895453080168,1,-1
2025-01-03 19:08:35,-1.3663132,9.102947,-3.6306696,9.895061,0.17581669667716904,1,-1
2025-01-01 07:49:40,-2.7233622,7.9399314,-1.9246315,8.611818,0.17581435285866095,1,-1
2025-01-01 18:12:10,0.02712343,7.6574597,1.6307403,7.829223,0.17576113564724874,1,-1
2025-01-01 10:10:55,-1.5261022,5.647131,-2.450766,6.3423448,0.17575926484544863,1,-1
2025-01-03 11:57:55,0.63271695,12.990562,2.2785578,13.204047,0.17568161371951074,1,-1
2025-01-01 02:24:30,-3.812064,11.071636,-2.5997102,11.994643,0.17565096342883507,1,-1
2025-01-02 18:38:30,-4.158296,6.7456675,-2.9088745,8.441386,0.17564443905643523,1,-1
2025-01-02 17:21:05,-2.3955407,5.9624586,-1.6907507,6.6444087,0.17564067212155887,1,-1
2025-01-01 21:25:40,0.14569543,7.6758556,2.2793598,8.008462,0.17562394267038162,1,-1
2025-01-02 11:38:45,-2.005057,13.321786,-1.6670996,13.574589,0.17560899482457687,1,-1
2025-01-01 19:20:30,-3.04918,10.5189085,0.5650881,10.966507,0.1755800774893854,1,-1
2025-01-02 09:25:05,1.9008061,7.0204782,1.2295896,7.3764534,0.1755443309039677,1,-1
2025-01-01 10:18:55,-1.3188343,13.717011,1.1738449,13.830172,0.17550303756817862,1,-1
2025-01-03 14:42:00,1.1689484,7.1353483,1.8683627,7.4679594,0.1754962291355027,1,-1
2025-01-03 08:55:30,-4.1376076,6.359034,-3.0105426,8.162137,0.17546614816149356,1,-1
2025-01-01 14:09:10,0.67467576,11.2066145,-3.6924586,11.81853,0.1754377347614784,1,-1
2025-01-01 00:41:20,-0.09578409,8.658904,2.4623675,9.002725,0.17535327528852426,1,-1
2025-01-03 09:24:20,-2.1655338,10.770799,1.4273051,11.078666,0.17525788201417378,1,-1
2025-01-02 14:49:35,2.862097,9.766058,-1.7193195,10.321024,0.17523663988788638,1,-1
2025-01-02 16:19:55,1.1906037,5.322199,0.27950945,5.460903,0.17523399573562676,1,-1
2025-01-03 14:51:00,2.8530607,5.953906,-0.0830685,6.6027155,0.17521924109995332,1,-1
2025-01-02 10:38:10,-0.37249762,12.39392,1.701792,12.515755,0.1752035811784703,1,-1
2025-01-02 20:15:25,-1.8278906,7.1998,-3.2926831,8.125274,0.17520217606836136,1,-1
2025-01-01 00:51:30,3.342409,9.111704,0.82572556,9.740465,0.1751980332631628,1,-1
2025-01-02 10:33:25,1.4471934,13.255917,-2.7561662,13.61654,0.1751865323829565,1,-1
2025-01-01 08:51:25,-2.1359718,8.625861,-2.8451786,9.33075,0.1751779204109243,1,-1
2025-01-02 21:57:10,0.48996255,13.683658,-1.78219,13.807924,0.17514079324490264,1,-1
2025-01-03 02:32:45,2.5354445,8.908914,0.7733677,9.294909,0.1751287020217148,1,-1
2025-01-02 15:41:05,-1.9796103,7.6858106,1.6257082,8.101449,0.17511347558270926,1,-1
2025-01-03 16:16:00,0.37944737,9.7951145,-3.2028158,10.312433,0.17509897286362758,1,-1
2025-01-03 15:00:10,3.7279518,10.453438,-2.0048225,11.277912,0.1750524073021907,1,-1
2025-01-03 19:54:10,-3.9365,10.124372,0.2758376,10.866233,0.17505216355398245,1,-1
2025-01-03 11:25:45,-0.26164243,6.6178775,-0.375859,6.633704,0.17504607667874872,1,-1
2025-01-01 05:24:20,2.079047,9.161804,2.436868,9.705639,0.17504449290292914,1,-1
2025-01-02 21:53:55,-2.6831417,7.870335,-0.5051681,8.330463,0.17501100984221865,1,-1
2025-01-01 06:56:20,-3.0587611,13.826143,0.27326658,14.163083,0.17500522681581954,1,-1
2025-01-01 02:10:20,-1.271829,8.04107,2.3825626,8.482509,0.1749113500719984,1,-1
2025-01-02 21:12:30,-1.098732,11.6656885,1.6733459,11.836198,0.1749030454476413,1,-1
2025-01-03 10:25:35,-2.86544,10.411522,0.9178853,10.837576,0.17489702475712984,1,-1
2025-01-01 03:22:30,2.255925,6.05909,-2.0939612,6.796061,0.1748702618771452,1,-1
2025-01-01 17:55:50,-3.6673343,7.697575,0.91128266,8.575106,0.1748138179406821,1,-1
2025-01-03 20:36:25,1.2695972,9.935776,2.3344927,10.285007,0.17479774664270142,1,-1
2025-01-02 10:33:40,-0.0062325005,12.552432,-3.2397294,12.963775,0.17479599326477874,1,-1
2025-01-03 14:09:10,3.1870759,10.985976,-1.2431653,11.506285,0.17476789276261667,1,-1
2025-01-03 15:54:00,0.9527729,12.584674,-2.130955,12.799327,0.1747647827307242,1,-1
2025-01-01 09:49:35,-4.120868,6.5894294,-2.6715336,8.2182255,0.17473360824028666,1,-1
2025-01-02 19:16:50,3.8202252,9.645738,-2.5072153,10.673355,0.17465488442415456,1,-1
2025-01-01 10:52:05,0.38853338,8.263888,-2.750357,8.718214,0.1746463866598809,1,-1
2025-01-03 04:09:20,2.730079,9.221878,-2.0014617,9.823554,0.1746433030492054,1,-1
2025-01-01 08:48:15,1.9963341,8.5956745,1.4710249,8.946222,0.17459216768447838,1,-1
2025-01-03 06:15:55,1.3927369,6.483944,0.63716495,6.662374,0.17456662075939247,1,-1
2025-01-01 03:20:25,0.20430505,5.4345207,-0.2453196,5.44389,0.17453070506397486,1,-1
2025-01-02 13:24:55,0.21922791,12.608743,-3.483172,13.0828495,0.1745080235194504,1,-1
2025-01-01 13:18:40,1.7039202,9.551809,1.9732103,9.901211,0.17449725528935225,1,-1
2025-01-02 20:15:35,-2.775352,5.760078,-0.038740423,6.3939486,0.17445617316494733,1,-1
2025-01-03 14:32:30,1.9979588,11.156947,2.3738282,11.580344,0.17442445976500753,1,-1
2025-01-01 00:26:45,-1.7317543,13.455686,-0.9222915,13.5979805,0.17441690034627075,1,-1
2025-01-03 21:22:00,0.33677652,5.555731,-2.8540552,6.2550135,0.1744014181142267,1,-1
2025-01-03 06:05:30,-1.4051613,12.417467,0.4329786,12.504217,0.17437204738305767,1,-1
2025-01-03 03:20:40,3.8888378,7.744853,-1.0002924,8.723898,0.17436325711020284,1,-1
2025-01-01 09:21:05,-0.90963405,13.57341,-0.26763278,13.606488,0.174352270675404,1,-1
2025-01-02 02:09:00,1.3660809,6.4309793,2.5023696,7.0345945,0.17433809381548832,1,-1
2025-01-02 16:35:40,-1.7060564,14.033151,0.7165184,14.154623,0.17433562714612966,1,-1
2025-01-01 17:43:10,-1.9657319,6.3581963,-3.4122958,7.4789386,0.1743290612849846,1,-1
2025-01-02 16:51:00,-0.4568997,12.771654,0.40217254,12.78615,0.17432461787069434,1,-1
2025-01-02 03:56:40,0.9380878,13.938172,-0.29037255,13.972722,0.17432357165974346,1,-1
2025-01-01 06:39:00,-1.2499454,7.351266,1.4900364,7.6041884,0.17431084009693845,1,-1
2025-01-02 12:08:15,0.22731979,7.6730766,-3.5899441,8.474401,0.17430883545479675,1,-1
2025-01-03 10:04:50,3.4775596,10.942364,-1.9702027,11.649482,0.17428309077023202,1,-1
2025-01-02 22:01:20,-2.579772,5.9142904,-2.071719,6.776878,0.17428207373097987,1,-1
2025-01-02 09:02:30,0.70114,6.845901,-1.6995785,7.088478,0.1742653357727153,1,-1
2025-01-01 14:09:35,-0.38242328,5.437958,-1.952016,5.7903366,0.17424531990042866,1,-1
2025-01-02 10:34:15,-4.0395675,11.343087,1.0643351,12.087868,0.17423960169576572,1,-1
2025-01-02 23:44:35,1.2910969,11.797475,1.6479954,11.981788,0.1742187643534637,1,-1
2025-01-01 00:33:20,0.28252265,13.157669,-1.2774763,13.222557,0.17421243306903847,1,-1
2025-01-03 08:46:35,-0.7016877,13.839759,-2.7847214,14.134566,0.1741979375221723,1,-1
2025-01-03 17:11:05,3.8331854,8.900982,0.3171735,9.696463,0.17418138550273005,1,-1
2025-01-03 14:33:45,-2.3306608,13.778902,0.16492267,13.975597,0.17415986176819812,1,-1
2025-01-01 22:45:25,1.4808022,11.082534,2.318567,11.418892,0.1741057608839529,1,-1
2025-01-01 07:29:45,-1.0113475,13.668447,1.7401605,13.815839,0.17404563120002342,1,-1
2025-01-02 23:21:45,2.4213006,11.005511,2.052261,11.454071,0.17398627831432478,1,-1
2025-01-01 07:22:05,0.98804706,7.152364,1.9220487,7.4717345,0.17396100173705284,1,-1
2025-01-03 10:23:40,1.4240725,12.924411,2.3806722,13.218774,0.17394095715590713,1,-1
2025-01-03 09:21:15,-0.33677816,13.757149,-2.1207516,13.923726,0.17393622299071532,1,-1
2025-01-01 01:53:35,1.2943798,10.058874,-2.8227367,10.5273075,0.1739246849546064,1,-1
2025-01-03 06:53:30,0.58495474,12.697528,2.3188791,12.920781,0.17392352094159305,1,-1
2025-01-03 17:35:25,3.3305416,9.139781,1.0555733,9.7848015,0.17391697268348932,1,-1
2025-01-02 20:42:20,-4.0274005,9.801983,1.7171261,10.735332,0.17390270544003508,1,-1
2025-01-02 07:19:25,-4.015528,8.622968,0.549941,9.527984,0.17389403366557699,1,-1
2025-01-01 00:38:15,-2.8909075,5.725715,-2.3699853,6.837981,0.17388407275838721,1,-1
2025-01-01 22:17:50,2.778682,13.899094,1.7408227,14.280627,0.1738509163004339,1,-1
2025-01-03 20:04:40,3.4743946,11.684488,1.7438383,12.314205,0.17384001558099108,1,-1
2025-01-02 04:29:50,-2.087144,13.798635,-2.1329334,14.117644,0.17383842814676878,1,-1
2025-01-02 17:28:15,-0.81965744,11.850639,2.0187163,12.049262,0.17375134409929527,1,-1
2025-01-02 23:06:10,0.82747996,7.6714907,-3.1521442,8.335016,0.17373502658795467,1,-1
2025-01-03 09:26:05,0.3624708,13.856231,-3.094067,14.202105,0.17370995490465638,1,-1
2025-01-02 21:27:15,3.0323362,11.6872015,0.37294793,12.079935,0.17365196444981443,1,-1
2025-01-03 02:54:20,2.583615,5.695272,0.15038116,6.2557015,0.17364674445133985,1,-1
2025-01-01 00:39:30,-3.7597156,10.097619,0.79749507,10.804322,0.17361393300440647,1,-1
2025-01-03 03:13:20,-1.2467221,12.675606,-0.44937035,12.744694,0.1735860077387594,1,-1
2025-01-01 00:21:15,-0.77400076,13.987564,-3.1216457,14.3525505,0.17356714942602808,1,-1
2025-01-01 01:17:05,-1.877253,13.311256,0.24574667,13.445223,0.17353982085751596,1,-1
2025-01-03 03:20:50,-1.1289128,6.8582916,0.8934422,7.0077705,0.17352673999822008,1,-1
2025-01-02 13:09:45,-2.1415522,10.396631,2.2013328,10.840758,0.17347201280762578,1,-1
2025-01-01 17:52:50,1.1872087,6.264534,-1.2022667,6.488397,0.17343490249025573,1,-1
2025-01-01 10:41:10,0.09123303,12.903885,-2.0246816,13.062078,0.17340462060782563,1,-1
2025-01-03 10:20:30,3.8494895,10.549709,-0.42511013,11.238133,0.17338589056412404,1,-1
2025-01-01 18:34:55,3.708126,8.375263,-0.8763702,9.201264,0.17336242652463982,1,-1
2025-01-01 06:29:05,-2.398859,9.945458,1.5292639,10.344337,0.17335122246788948,1,-1
2025-01-02 06:44:10,-4.004488,11.200841,-0.40350926,11.901999,0.1733274244788925,1,-1
2025-01-03 14:41:40,-2.6348934,5.633909,0.5769034,6.2463117,0.17332660356870547,1,-1
2025-01-02 11:51:00,3.960973,11.404915,-2.8078375,12.395376,0.17330293054014453,1,-1
2025-01-01 00:16:00,-3.5971708,11.532518,1.0156159,12.123122,0.17328781558078185,1,-1
2025-01-03 20:27:45,-3.15026,6.540124,-1.4269347,7.3982096,0.17326674917014714,1,-1
2025-01-02 04:14:40,-3.4332528,9.828113,0.62355167,10.429182,0.17325828353333722,1,-1
2025-01-02 05:03:45,0.08247246,13.709032,-0.6030543,13.722538,0.17325669590981915,1,-1
2025-01-02 03:24:55,-3.4826627,8.838327,-0.30352622,9.504582,0.1732482603697946,1,-1
2025-01-02 04:55:05,-1.6030573,12.178418,1.9697372,12.440399,0.17322338826340153,1,-1
2025-01-03 06:47:50,-3.4792774,12.404817,-1.4684646,12.9669285,0.1732176913301217,1,-1
2025-01-02 04:51:35,-1.292572,12.966203,-3.405333,13.46809,0.17321440491760576,1,-1
2025-01-01 13:09:25,-3.5532312,11.622832,-1.0834285,12.202028,0.17321120851447228,1,-1
2025-01-02 16:23:15,2.4276586,11.240611,-1.0173438,11.544689,0.173205935727852,1,-1
2025-01-01 08:34:15,1.6023555,5.711647,-0.44246054,5.9486322,0.17318446236186108,1,-1
2025-01-02 21:40:30,-0.041139804,11.328834,2.1517794,11.531449,0.17318313353270062,1,-1
2025-01-01 08:13:25,3.9137442,10.857043,1.6313229,11.655642,0.17313913738415107,1,-1
2025-01-02 07:27:40,-0.71927476,10.255893,-2.872363,10.674791,0.17313404211724231,1,-1
2025-01-03 15:22:00,3.5621133,9.024684,-0.0098131485,9.702251,0.17312543317136653,1,-1
2025-01-03 15:33:10,1.1492922,5.892946,-1.4526491,6.177206,0.17310277101358237,1,-1
2025-01-02 12:33:40,0.060569216,12.990973,-1.8518745,13.122442,0.17307851893991338,1,-1
2025-01-02 01:01:50,2.7173755,9.090211,1.0278038,9.543189,0.1730673172708623,1,-1
2025-01-03 20:43:05,1.6543529,5.740594,-1.8682654,6.25953,0.17305969569403304,1,-1
2025-01-02 20:48:50,-2.4877949,8.7381,-3.7496228,9.828692,0.17305928551333633,1,-1
2025-01-01 01:48:55,1.9754056,13.012123,-3.560171,13.634236,0.17305579397567472,1,-1
2025-01-02 19:34:10,-4.0390735,9.450577,-2.8332531,10.660902,0.17303038032440107,1,-1
2025-01-03 18:56:25,-1.3237761,12.906683,0.21677642,12.976203,0.17301804060795098,1,-1
2025-01-02 14:04:25,-3.8174753,8.680916,0.23523274,9.486135,0.17298184944285686,1,-1
2025-01-01 10:17:55,0.5641225,6.5152903,-0.7578012,6.5834265,0.17288183931046208,1,-1
2025-01-02 13:39:30,-1.0479903,13.757912,-3.0074105,14.121718,0.172863919722119,1,-1
2025-01-03 07:04:25,1.3512464,8.418568,1.7912819,8.712454,0.17283191848226395,1,-1
2025-01-02 13:06:25,-3.1774926,5.2989697,-2.3194108,6.599637,0.1728233323834849,1,-1
2025-01-01 23:44:35,-1.9665203,13.72434,1.5622072,13.952248,0.17280633729973505,1,-1
2025-01-02 10:46:10,-4.1771374,11.525723,1.5651842,12.358826,0.17280073985959343,1,-1
2025-01-01 11:14:55,-1.4790236,12.965938,-3.6443331,13.549325,0.17279268926370517,1,-1
2025-01-02 00:44:55,0.3124798,6.4894304,-3.5060387,7.3825917,0.17277932354464398,1,-1
2025-01-02 01:17:35,0.49488723,8.962842,-3.4404206,9.613217,0.17276661570950766,1,-1
2025-01-03 08:59:50,-3.9687378,6.9826503,0.55697435,8.050994,0.1727598245894252,1,-1
2025-01-03 05:21:30,0.9190955,6.3738728,2.4695897,6.897091,0.17272967313931928,1,-1
2025-01-03 15:56:05,-2.2877796,6.39674,-1.0673425,6.8768773,0.17269865818895921,1,-1
2025-01-01 03:05:05,-0.8850345,12.785126,-0.6460737,12.831996,0.1726903061246298,1,-1
2025-01-03 15:47:05,-0.43238398,5.3073916,-3.7789304,6.5296,0.17268151391164302,1,-1
2025-01-01 22:54:30,-0.10928997,12.977381,0.39194128,12.983759,0.1726374799916107,1,-1
2025-01-01 15:45:15,0.38493565,13.390399,0.72370225,13.415465,0.1725840816350461,1,-1
2025-01-03 13:06:10,2.8090184,10.318262,-3.766781,11.337802,0.17258154422721,1,-1
2025-01-01 15:05:50,3.492456,8.71983,-1.8726549,9.578074,0.17252545431594618,1,-1
2025-01-01 15:04:25,3.6757169,12.39489,1.0117354,12.967953,0.1725183371906141,1,-1
2025-01-01 20:53:25,-0.2457223,11.1849165,1.79532,11.33075,0.1725178415864737,1,-1
2025-01-01 09:11:10,0.5203522,13.902295,-1.7563062,14.022452,0.17246648934112307,1,-1
2025-01-03 00:02:05,-0.4816385,5.8938084,-1.4681425,6.092979,0.17245893952094812,1,-1
2025-01-02 01:32:20,0.6534834,9.831028,-3.5569856,10.475127,0.17242962422477637,1,-1
2025-01-01 20:41:05,-4.035416,12.171942,-2.252559,13.019784,0.17240983796408696,1,-1
2025-01-03 17:51:40,-0.61529106,13.324523,-0.65465987,13.354777,0.172403080486299,1,-1
2025-01-01 09:43:05,-2.4220252,7.851129,2.041542,8.466069,0.17236246640107963,1,-1
2025-01-03 15:52:05,-2.9132326,5.64299,0.89779556,6.4137588,0.17235021635902795,1,-1
2025-01-02 16:37:50,-3.3992088,11.645758,0.74509513,12.154566,0.17231546373476386,1,-1
2025-01-03 17:54:20,3.8682482,12.209517,-1.2258952,12.866176,0.1723149778539762,1,-1
2025-01-03 01:45:05,1.6494952,5.6680236,-0.37303957,5.9149375,0.17230804845521733,1,-1
2025-01-01 11:24:00,-2.0947933,9.655997,-2.9121249,10.300821,0.17230562754964468,1,-1
2025-01-02 14:20:00,2.69559,5.621606,0.9880624,6.312284,0.17230370169345452,1,-1
2025-01-03 13:02:25,3.1882713,11.998753,-0.28659445,12.418425,0.17229775041730996,1,-1
2025-01-02 12:18:05,-4.170455,8.778433,-2.6187615,10.065361,0.17220940381726207,1,-1
2025-01-01 20:57:05,1.2519685,5.450124,-2.0093648,5.942123,0.17219257121136616,1,-1
2025-01-01 00:49:05,-0.6603614,12.918446,-0.55920005,12.947394,0.1721544106828973,1,-1
2025-01-01 03:28:20,-2.9054272,5.711187,-1.4094075,6.5609145,0.17214008378710166,1,-1
2025-01-02 00:22:25,3.0187829,10.322051,2.370922,11.012677,0.17209613944822336,1,-1
2025-01-01 12:39:40,-1.8776059,8.826109,1.786605,9.19878,0.17206259789451153,1,-1
2025-01-03 04:06:20,-4.133216,8.099488,-2.9752278,9.567506,0.17199912348944288,1,-1
2025-01-03 05:32:05,-1.3296993,12.591393,-1.8048421,12.789399,0.17195837463983646,1,-1
2025-01-01 20:00:35,0.50057864,6.192407,-0.5341561,6.235528,0.1719529453111359,1,-1
2025-01-03 07:02:50,-0.2932642,6.498773,-3.7465148,7.5070915,0.1719445155896889,1,-1
2025-01-02 16:32:10,-1.6079991,11.345823,1.4674867,11.552787,0.17191314346853073,1,-1
2025-01-03 16:53:30,-2.753168,10.484216,-1.9273556,11.009696,0.17188676152511137,1,-1
2025-01-02 11:08:05,-2.57963,7.844553,1.2921101,8.358292,0.17188238162005148,1,-1
2025-01-01 12:00:50,-1.636465,13.478297,-2.49728,13.805033,0.17187110301480993,1,-1
2025-01-01 12:03:40,3.1513178,11.557443,0.11392213,11.979911,0.17186180937194234,1,-1
2025-01-03 04:34:30,-2.8185189,11.361675,-3.4143527,12.193831,0.17186089918916758,1,-1
2025-01-01 04:08:15,3.317687,12.03563,0.31296086,12.48845,0.1718257117912271,1,-1
2025-01-03 13:49:50,2.177648,7.714805,-3.3766985,8.698417,0.17181574006802247,1,-1
2025-01-03 05:03:40,1.7174041,7.9696903,-2.9914606,8.684139,0.17181448950324218,1,-1
2025-01-03 18:30:05,2.454458,11.237036,-1.0304117,11.548034,0.17181144989265743,1,-1
2025-01-01 15:11:55,0.9971292,10.001936,1.7888739,10.209459,0.1717985460244221,1,-1
2025-01-01 06:21:35,1.6326948,12.941046,-2.3919077,13.26113,0.1717911297355358,1,-1
2025-01-01 07:51:40,-3.021772,9.208519,-0.05106735,9.691776,0.1717821992393187,1,-1
2025-01-03 10:03:45,-1.7387053,12.312413,2.2450175,12.635613,0.17174245489525183,1,-1
2025-01-01 03:54:20,0.84388363,12.799146,2.2328053,13.019819,0.17172061160702,1,-1
2025-01-03 19:47:50,2.912573,13.441541,0.5931775,13.766261,0.1717056728054625,1,-1
2025-01-01 09:39:45,3.5625699,9.652613,0.051290706,10.289191,0.17169700684353265,1,-1
2025-01-02 02:23:35,-0.26290256,12.167721,-3.4456615,12.648919,0.17166801936665674,1,-1
2025-01-01 16:01:15,-0.3262389,7.933758,-3.1624858,8.547062,0.171665796455061,1,-1
2025-01-02 02:04:50,-4.096013,7.034451,1.1587754,8.22214,0.17165820258307046,1,-1
2025-01-01 10:18:00,-0.11374985,6.547421,-3.3994992,7.3782287,0.17162167896949443,1,-1
2025-01-01 18:15:40,2.6501591,8.3869705,2.4578106,9.132659,0.17161896814812966,1,-1
2025-01-01 17:53:20,0.081659906,13.489675,-2.8779562,13.793499,0.1716108352859856,1,-1
2025-01-02 14:43:15,1.4389651,13.12052,-0.28833246,13.20234,0.1716102845338901,1,-1
2025-01-01 20:00:05,2.9932997,8.959202,2.2505727,9.710418,0.1715948165903677,1,-1
2025-01-01 12:15:00,1.5994122,13.673837,1.2873757,13.827121,0.17157639103777292,1,-1
2025-01-03 08:30:50,-1.8262652,13.110085,1.8323241,13.362895,0.17154969339123674,1,-1
2025-01-02 23:34:50,-0.9333686,13.105709,2.42294,13.360442,0.17153846912660625,1,-1
2025-01-02 19:08:20,3.7578578,9.766679,-2.9587352,10.874908,0.17149268835121026,1,-1
2025-01-03 09:19:55,-0.95323914,7.9034996,-3.2156918,8.585723,0.17147711805620147,1,-1
2025-01-02 10:56:25,3.4977877,8.652477,-1.0862852,9.395739,0.17145420868498087,1,-1
2025-01-02 22:12:10,-0.12837465,6.071303,1.0500427,6.162774,0.17140971604348113,1,-1
2025-01-01 07:29:25,-2.6625946,12.294808,0.6079795,12.594498,0.1713848044689088,1,-1
2025-01-01 08:34:10,3.6436753,11.36322,-0.25643218,11.935865,0.17137214159637124,1,-1
2025-01-01 06:12:10,-3.6874523,13.0415745,-1.2185622,13.60753,0.17135511984473864,1,-1
2025-01-01 20:13:30,-2.203904,10.805623,1.6560105,11.151729,0.17134278285009705,1,-1
2025-01-03 12:32:00,-3.384459,12.3100395,-1.4875327,12.853186,0.17131962397076478,1,-1
2025-01-01 08:35:50,-0.62128353,10.65333,-3.0881157,11.109271,0.1713154662979206,1,-1
2025-01-02 21:52:45,-1.3829087,9.678131,-2.5921326,10.114238,0.17129563039465906,1,-1
2025-01-03 16:20:45,3.979456,7.8615837,-3.1720803,9.36497,0.17127327361534855,1,-1
2025-01-02 04:50:15,-3.1735342,7.692471,-0.5569247,8.34,0.17126754938459324,1,-1
2025-01-02 12:06:35,0.62027556,10.406205,1.9558473,10.606564,0.17126664982440298,1,-1
2025-01-03 03:16:05,-0.21800579,12.273385,2.155515,12.463136,0.17126500739032918,1,-1
2025-01-01 06:06:20,0.4934293,6.6698384,0.12992296,6.6893272,0.17126231069769865,1,-1
2025-01-03 03:58:55,0.34953612,13.503225,0.33623487,13.511932,0.17125445172920267,1,-1
2025-01-02 01:22:10,0.15828677,5.83252,1.8014855,6.106447,0.1712282373143141,1,-1
2025-01-01 14:52:50,-0.681582,5.382956,1.115908,5.5394964,0.17121977655542872,1,-1
2025-01-02 20:32:30,2.242222,5.406716,-1.698233,6.0945983,0.17120956347029542,1,-1
2025-01-02 04:25:25,-1.9097934,6.684633,0.22908181,6.9558682,0.1712047977575262,1,-1
2025-01-03 07:13:05,-3.782346,6.307813,-0.23463006,7.358648,0.17118830374347943,1,-1
2025-01-03 14:07:55,1.8152575,5.7796855,-1.8786238,6.3426456,0.17114698619883786,1,-1
2025-01-01 13:22:45,2.6903446,10.358358,1.8904486,10.86772,0.17112356144860508,1,-1
2025-01-03 08:01:30,2.1308866,13.302487,-0.43882754,13.479222,0.1711174664667368,1,-1
2025-01-01 15:04:00,-1.1818295,5.7020607,-2.9170158,6.513002,0.17109044448426347,1,-1
2025-01-01 02:13:05,2.2219274,5.7631817,-1.2353638,6.298996,0.17108391711755547,1,-1
2025-01-01 18:04:30,-2.192932,5.2951765,-1.8637027,6.02671,0.17104599684391014,1,-1
2025-01-01 01:51:45,3.5377605,9.035967,0.103822075,9.704392,0.17104550401216004,1,-1
2025-01-02 10:35:00,3.7423415,12.25943,-0.83658683,12.84518,0.17102947517642694,1,-1
2025-01-01 10:10:00,-0.38177168,6.712001,-0.3922914,6.7342854,0.17102601681583596,1,-1
2025-01-03 14:16:45,-2.9198215,9.8386,0.4898539,10.274404,0.17096056181098684,1,-1
2025-01-03 03:19:15,2.9187696,11.8206,0.1444962,12.17648,0.17094937013272443,1,-1
2025-01-03 11:34:20,-2.532301,11.085767,2.356975,11.613014,0.1709485668045948,1,-1
2025-01-03 11:26:05,3.7677383,8.935727,-1.3216009,9.787222,0.17093691100495118,1,-1
2025-01-01 02:57:00,-3.1129494,8.288358,1.9117471,9.05771,0.17091992082775795,1,-1
2025-01-02 12:18:45,-1.4227002,13.270342,-2.0052218,13.496183,0.17089155338058679,1,-1
2025-01-01 04:55:20,-4.1445346,8.334375,-1.7335387,9.468059,0.17088318990508075,1,-1
2025-01-02 01:20:15,-0.10091973,5.7375917,1.6275849,5.9648285,0.17084974696850533,1,-1
2025-01-01 19:15:45,0.49155396,12.807325,-3.4440563,13.271425,0.17084809898257336,1,-1
2025-01-01 13:58:05,-4.176659,6.333194,-3.078705,8.187323,0.17084125647519693,1,-1
2025-01-02 17:53:05,0.34875157,6.0174046,0.5046406,6.04859,0.17080595799791676,1,-1
2025-01-02 03:38:05,-0.03110267,10.827238,2.106544,11.030303,0.1707761796513916,1,-1
2025-01-01 22:29:25,2.2024868,13.6452,-0.15602385,13.822691,0.17076932008271276,1,-1
2025-01-02 13:38:20,2.087058,10.335823,2.3188307,10.79639,0.1707406807040429,1,-1
2025-01-01 23:41:30,3.413845,6.86433,0.7310972,7.70116,0.17073748995385235,1,-1
2025-01-02 11:55:30,3.4921644,9.343715,-2.9836388,10.411644,0.17064207652751315,1,-1
2025-01-02 17:50:05,-3.8586333,12.1105,0.89588076,12.741894,0.17060686502738392,1,-1
2025-01-02 23:11:05,-1.5759665,9.822788,2.100505,10.167742,0.17059078441476822,1,-1
2025-01-03 10:09:15,-2.8360746,11.339925,-1.3061723,11.761943,0.17057907112675225,1,-1
2025-01-03 13:35:50,3.7035084,12.6149,-1.6502745,13.250475,0.1705596512650171,1,-1
2025-01-02 17:56:15,-2.2410922,10.056918,-3.29417,10.817377,0.170543126036802,1,-1
2025-01-02 08:33:45,1.3809422,11.422304,1.3190111,11.580838,0.17054127015561227,1,-1
2025-01-03 00:14:05,-3.3435652,10.995491,-1.0676619,11.542104,0.17052251823764206,1,-1
2025-01-01 06:47:45,-1.1735238,8.993263,2.3096526,9.358976,0.17050815750284817,1,-1
2025-01-03 00:29:05,0.014988596,6.7226033,-2.2320228,7.08347,0.17050016583753236,1,-1
2025-01-03 00:36:15,-2.3695936,12.940544,2.2403972,13.345113,0.17049533194717542,1,-1
2025-01-01 03:55:30,3.1496172,12.575281,-3.696457,13.480414,0.17046893865343593,1,-1
2025-01-03 04:39:10,0.36593902,7.97524,-3.390164,8.6736145,0.17039464919205752,1,-1
2025-01-01 14:33:10,-4.0097904,7.803791,-2.6106317,9.15385,0.17038599368337423,1,-1
2025-01-01 04:56:05,-3.82203,8.371654,1.6034799,9.3415,0.17034602887885444,1,-1
2025-01-03 05:36:45,-0.14883631,12.294471,-0.8168458,12.322475,0.17033430239907305,1,-1
2025-01-03 12:56:30,3.2194784,7.4281077,-1.459814,8.226353,0.17030109617974698,1,-1
2025-01-02 02:03:05,3.838829,12.599337,1.0384892,13.212053,0.17028400847278857,1,-1
2025-01-03 21:23:45,2.7236338,11.45497,-1.1529095,11.8306265,0.17026918327876578,1,-1
2025-01-02 09:27:00,-1.5852844,5.654021,-1.7488468,6.126952,0.17026504559602362,1,-1
2025-01-03 11:55:10,3.0297663,11.426208,-1.2773565,11.889884,0.1702611803265571,1,-1
2025-01-01 17:51:00,-0.6418201,8.371428,2.009824,8.633199,0.17023172985689844,1,-1
2025-01-03 09:09:45,3.7975998,10.641685,1.4855677,11.396234,0.17021195425611932,1,-1
2025-01-01 10:27:35,-0.8859263,12.022607,2.2601807,12.26525,0.1702104666206322,1,-1
2025-01-02 11:58:00,-2.12269,14.052266,-2.8878057,14.502118,0.17017058950356911,1,-1
2025-01-02 08:49:25,0.8805137,6.486719,-3.3155384,7.337958,0.17013977402516064,1,-1
2025-01-03 07:03:35,-2.0881562,7.1887007,-3.3292062,8.192767,0.17012236147606333,1,-1
2025-01-01 02:37:40,-0.5064591,10.320424,2.0144432,10.527375,0.17010604024271392,1,-1
2025-01-02 19:42:50,3.197531,11.233375,-1.2158778,11.742711,0.1700776906170599,1,-1
2025-01-02 08:50:20,2.8432088,11.665932,-1.2058322,12.0678005,0.17006639038592125,1,-1
2025-01-02 14:26:45,-0.56073165,12.234183,2.258068,12.453455,0.17004620379353286,1,-1
2025-01-01 04:40:05,-2.1697512,8.781873,1.3493948,9.146036,0.1700118295413228,1,-1
2025-01-01 06:58:15,-3.8108048,11.047352,-1.2493321,11.752747,0.17001044615715102,1,-1
2025-01-02 13:00:50,3.3606744,8.243878,-2.5607483,9.2635355,0.17000604182303336,1,-1
2025-01-02 02:32:55,3.8406146,7.3492627,1.0613714,8.359934,0.17000521320885797,1,-1
2025-01-01 19:22:10,0.030703045,11.334796,-2.6031952,11.629926,0.17000033742664836,1,-1
2025-01-01 03:07:05,1.1768589,9.850093,-2.7840977,10.303423,0.16999843913138168,1,-1
2025-01-01 19:53:25,3.9258754,12.200481,-2.1714165,12.999203,0.16998260883734853,1,-1
2025-01-02 20:31:55,1.2929914,12.571417,-0.598858,12.6519165,0.16997937705687585,1,-1
2025-01-01 22:51:00,1.199683,11.867957,1.9070569,12.079922,0.16997462836323443,1,-1
2025-01-03 10:31:50,-0.4449741,8.042727,2.026612,8.30606,0.16996618953097262,1,-1
2025-01-01 00:48:15,-2.1938088,13.30086,-1.8290131,13.604079,0.16995585797520782,1,-1
2025-01-01 04:06:45,2.3867393,13.712394,1.0468235,13.957869,0.1699515260934461,1,-1
2025-01-02 21:11:00,-2.0515475,6.0879426,-2.4632297,6.880363,0.16994437038903246,1,-1
2025-01-02 15:50:25,-1.9857959,7.1012473,-3.4648848,8.147179,0.16993623801078292,1,-1
2025-01-03 16:52:00,-1.7248477,8.3735,1.7263359,8.721859,0.16993033102094296,1,-1
2025-01-03 14:47:55,-3.9264078,7.881488,1.6758708,8.963429,0.16984277628304142,1,-1
2025-01-02 05:15:30,-0.20339608,11.6430855,-3.2992165,12.103208,0.16983803289077645,1,-1
2025-01-02 18:45:25,3.5441616,8.295304,-2.4368303,9.344051,0.16982553554529603,1,-1
2025-01-02 12:15:45,0.6519051,7.9524465,2.2477508,8.289679,0.16982138343707615,1,-1
2025-01-03 17:44:05,1.0543356,7.5733056,1.5666399,7.8051867,0.16979662281396718,1,-1
2025-01-03 14:35:40,2.6892526,10.921443,-1.6058547,11.361724,0.16975897908953996,1,-1
2025-01-01 11:14:30,-0.94647956,13.767334,1.7494001,13.910274,0.1697548882599219,1,-1
2025-01-03 11:35:00,-1.4662547,12.140469,1.951484,12.383423,0.16975303201071415,1,-1
2025-01-02 08:09:05,-2.0778,6.493694,2.286096,7.1910744,0.16974793650103576,1,-1
2025-01-01 21:20:20,-0.41509885,8.2860365,2.0171785,8.538134,0.16974756642368968,1,-1
2025-01-03 04:15:30,2.6210873,8.664603,0.3860707,9.060601,0.1697342127307283,1,-1
2025-01-02 10:32:00,-3.589417,6.92435,-0.6553795,7.8268805,0.16973260534389967,1,-1
2025-01-01 13:39:00,2.993303,5.3750877,-0.83337575,6.2085385,0.1696612831352003,1,-1
2025-01-03 00:32:00,3.574827,7.0516124,-0.6414478,7.931966,0.16965473066651393,1,-1
2025-01-01 15:18:10,-0.6758926,12.440964,0.072648644,12.459522,0.16963670966268637,1,-1
2025-01-01 23:32:15,-4.099932,12.607676,-0.65849537,13.273904,0.1696103484658436,1,-1
2025-01-02 14:41:25,1.5656654,13.555518,-2.332482,13.84355,0.16957259408749265,1,-1
2025-01-02 23:53:05,3.5009406,10.617478,-0.26793614,11.182988,0.16956620691865082,1,-1
2025-01-01 07:59:40,1.5658486,10.415955,1.6105843,10.655419,0.16955951139596273,1,-1
2025-01-02 12:46:20,-3.6168146,13.106704,-1.9912672,13.741622,0.16955769919687694,1,-1
2025-01-02 01:33:20,0.31215858,5.4392686,-2.6215794,6.0461364,0.16954576900923965,1,-1
2025-01-03 13:25:20,0.6872495,7.7493944,-3.2004378,8.412385,0.1695412226158064,1,-1
2025-01-01 15:37:35,-0.6933208,12.530643,-2.7810972,12.854269,0.16951246836335707,1,-1
2025-01-01 08:49:45,1.3349535,13.57159,1.2263886,13.6921215,0.16950917180403016,1,-1
2025-01-02 23:43:00,2.132194,12.766481,-0.17240527,12.944459,0.1695013799965629,1,-1
2025-01-01 03:21:10,-1.8852581,8.869538,1.3764803,9.171565,0.16949857284384862,1,-1
2025-01-03 10:44:15,3.7135375,6.239843,0.41967493,7.2733846,0.16949419317760317,1,-1
2025-01-03 17:18:10,-0.54316664,12.624905,-1.47686,12.722592,0.16949267807191026,1,-1
2025-01-02 15:20:55,-1.9921706,6.913189,0.19871023,7.1972504,0.16946889474011181,1,-1
2025-01-01 19:37:45,-1.1387786,10.45001,-2.7230484,10.858846,0.16940246241344178,1,-1
2025-01-01 01:01:10,-1.3439716,11.5718565,1.5879682,11.757371,0.16940088248146498,1,-1
2025-01-01 16:21:15,2.0984519,10.872455,-3.3075666,11.556547,0.1693802418368481,1,-1
2025-01-03 11:57:40,-0.7800207,10.873975,1.4609585,10.999371,0.16936432269902973,1,-1
2025-01-02 04:24:05,-1.8538584,7.5255027,2.4623492,8.132229,0.16935146770051648,1,-1
2025-01-02 17:04:55,-3.7582862,9.037663,-0.32189363,9.793247,0.16932024941674714,1,-1
2025-01-03 08:56:25,-4.053095,10.541005,-1.5820439,11.40365,0.16929970151188264,1,-1
2025-01-02 20:11:55,3.6327398,10.681453,-2.2061443,11.495969,0.16929844229481492,1,-1
2025-01-02 02:35:55,-2.0954704,11.434034,2.0040631,11.795948,0.16929090952875556,1,-1
2025-01-03 11:38:55,0.501424,9.005291,-3.3157547,9.609419,0.16928716038486352,1,-1
2025-01-02 01:53:30,-3.048204,9.563555,-1.0057253,10.087845,0.16924768407130972,1,-1
2025-01-02 22:20:30,-1.5369366,6.480217,-0.0023372546,6.6599846,0.16924548084715413,1,-1
2025-01-01 08:20:20,-2.9271824,13.412505,-1.584867,13.819388,0.16923499289608646,1,-1
2025-01-03 00:24:20,-3.8392055,6.295847,-1.8687718,7.6072,0.16921473311308505,1,-1
2025-01-02 06:11:45,0.7370741,9.928354,2.3535898,10.230097,0.169197485584063,1,-1
2025-01-01 14:25:50,-1.4900732,9.3270445,1.460227,9.5575285,0.1691924087840785,1,-1
2025-01-02 00:20:20,-2.0907574,11.048317,-3.4640508,11.765892,0.16918452507638024,1,-1
2025-01-01 00:53:50,-3.0067732,7.9567537,-3.7627966,9.301035,0.16916525232030985,1,-1
2025-01-01 10:32:20,-2.075978,6.52313,-0.3636584,6.8551555,0.1691255690650567,1,-1
2025-01-01 07:34:35,-3.5484457,11.107651,-0.27113676,11.663828,0.16907695269487222,1,-1
2025-01-03 10:31:40,3.3816075,12.208285,-1.8941127,12.808793,0.1690181807883243,1,-1
2025-01-03 19:19:30,3.3021555,12.167734,-0.15730132,12.608836,0.16899486707735778,1,-1
2025-01-02 01:54:25,0.46682423,13.784557,0.82872677,13.817334,0.16895664260262602,1,-1
2025-01-01 09:32:15,3.7198944,12.812368,-1.6845212,13.447379,0.16894533390003047,1,-1
2025-01-03 10:48:30,-1.3861479,10.424119,-3.4399052,11.064204,0.16893938182236712,1,-1
2025-01-02 06:43:30,2.553312,7.8087416,1.8214484,8.415077,0.16893450466586266,1,-1
2025-01-03 11:47:20,-3.1437705,9.330915,-0.55886674,9.86213,0.1689197376199663,1,-1
2025-01-02 23:14:20,-1.1129351,5.2930613,0.4439979,5.4269934,0.1689145900751237,1,-1
2025-01-03 15:57:15,-4.1099725,11.670663,-3.0654767,12.74729,0.16891008470927574,1,-1
2025-01-02 00:48:05,2.0791893,13.193281,2.4931731,13.586818,0.16890948849851123,1,-1
2025-01-01 02:48:10,-1.3027903,9.463075,2.2597585,9.815985,0.16890437402573197,1,-1
2025-01-01 20:16:25,-1.2666297,6.201802,-3.3035007,7.140015,0.16886775938451817,1,-1
2025-01-03 05:17:50,0.61854315,10.408478,1.9468027,10.607028,0.16884131957992135,1,-1
2025-01-01 11:05:00,-3.5853727,10.885422,-0.31678048,11.465063,0.1688239938081182,1,-1
2025-01-02 23:55:50,1.4987676,10.54202,1.3681449,10.735563,0.1688153718198781,1,-1
2025-01-01 13:22:40,-3.719933,7.5788713,-0.7040563,8.471889,0.16881256781694598,1,-1
2025-01-03 12:25:20,-0.5457904,6.4372725,-3.6932628,7.441542,0.16880699201727523,1,-1
2025-01-01 17:08:15,-2.2953424,9.460322,2.3860893,10.02296,0.16880552856936346,1,-1
2025-01-01 00:26:40,2.9568272,8.736715,0.53612256,9.239072,0.16880277026165713,1,-1
2025-01-01 17:10:15,3.4781,9.121047,0.79870945,9.794315,0.1687714637268702,1,-1
2025-01-01 22:53:20,-3.162055,9.470536,-1.2445627,10.061739,0.16877108929039372,1,-1
2025-01-02 05:37:15,-2.9327831,10.105744,0.8383754,10.556048,0.1687624525370268,1,-1
2025-01-01 23:14:30,0.51918936,5.5820374,-1.5744334,5.823018,0.1687508384203577,1,-1
2025-01-02 09:20:10,0.6896819,6.760692,-1.1274043,6.888662,0.16872778590929538,1,-1
2025-01-03 03:16:35,-0.39558667,11.301207,1.8723922,11.462094,0.1687210660354082,1,-1
2025-01-02 21:30:15,-3.1674352,5.4218187,0.38136074,6.290803,0.16870665194436532,1,-1
2025-01-03 16:50:45,-1.7200394,6.5140724,0.93647444,6.802107,0.16870254401105655,1,-1
2025-01-03 20:26:40,-0.73174274,13.298469,-2.2751262,13.511511,0.16866963431344245,1,-1
2025-01-02 22:42:00,-1.1976523,13.757911,1.6274813,13.905509,0.16865258625024657,1,-1
2025-01-01 17:34:25,2.823171,10.631904,-1.8282849,11.151246,0.16863580490099575,1,-1
2025-01-03 18:17:35,3.7932112,7.2510376,-1.3625648,8.295938,0.16863007341986103,1,-1
2025-01-01 17:50:50,-0.6921933,5.4006467,-2.3135455,5.915962,0.16862611523911494,1,-1
2025-01-02 15:40:00,-1.3915521,8.931668,-2.6728013,9.426292,0.16857533925019005,1,-1
2025-01-02 06:22:25,2.2176802,5.9688377,-1.3703508,6.5132937,0.168572322063041,1,-1
2025-01-02 05:52:00,-3.585859,12.22482,-1.8209648,12.869364,0.16855444432588068,1,-1
2025-01-03 06:26:55,2.3033268,5.950677,-1.2944633,6.510876,0.16854674157494878,1,-1
2025-01-01 20:55:50,3.9140697,8.846898,-2.0047858,9.879611,0.16854443146756148,1,-1
2025-01-03 13:37:20,-1.6376064,6.4203525,-0.17710881,6.6282763,0.16854009525761823,1,-1
2025-01-03 05:05:35,1.1830577,12.758011,-0.16584986,12.81382,0.16849556853832762,1,-1
2025-01-03 09:48:40,-2.514693,7.416976,-3.5453844,8.5968,0.16848897310298783,1,-1
2025-01-01 04:38:30,-0.63860464,6.9698687,2.298983,7.366967,0.16848395703789565,1,-1
2025-01-03 07:23:45,0.7246707,8.611474,2.2972016,8.942022,0.1684728634266351,1,-1
2025-01-02 09:43:15,-0.16409132,13.003011,-3.6747894,13.513301,0.16846002181173803,1,-1
2025-01-01 08:43:20,2.9567904,6.1694403,-0.5018433,6.8597703,0.1684387130466958,1,-1
2025-01-02 01:21:50,2.918391,5.551536,0.098202005,6.272655,0.16843223270433472,1,-1
2025-01-02 04:31:00,3.172095,9.367596,-1.0505465,9.945737,0.16839352689650444,1,-1
2025-01-03 04:36:25,0.94281495,5.836023,0.4392958,5.927988,0.16838404293260756,1,-1
2025-01-01 08:38:00,3.2919135,8.821041,-0.15333563,9.416527,0.16838398764546814,1,-1
2025-01-02 17:35:35,-3.580239,6.3944345,0.7625106,7.368061,0.1683745712539299,1,-1
2025-01-01 05:10:45,-0.7502246,13.969133,-0.6345315,14.003648,0.1683376383648736,1,-1
2025-01-01 19:00:15,0.54880714,13.833868,-0.9516194,13.877416,0.16830804780005343,1,-1
2025-01-03 02:17:20,-1.3697227,6.9537044,-0.21165372,7.090482,0.16827831473013236,1,-1
2025-01-02 09:31:15,2.9916458,11.517114,2.3635788,12.131791,0.168274383869133,1,-1
2025-01-02 20:01:10,-2.73865,10.324252,-0.710189,10.704894,0.16826765212046718,1,-1
2025-01-01 13:03:20,-4.131152,8.624897,-0.08485271,9.563601,0.1682210288880531,1,-1
2025-01-03 04:45:40,1.4644228,10.502537,2.284332,10.847395,0.16818646386813227,1,-1
2025-01-01 11:32:05,2.4045625,13.175304,-0.36555257,13.397918,0.16815244750443537,1,-1
2025-01-03 16:29:35,3.2002742,5.320162,1.4937878,6.385709,0.16814069468851955,1,-1
2025-01-01 09:19:10,-2.0807233,9.44816,-2.9389966,10.111125,0.16813681228641883,1,-1
2025-01-01 02:03:25,-2.230732,12.179619,-3.665829,12.9134655,0.16810759864157337,1,-1
2025-01-02 17:31:00,0.5483178,13.679087,-1.7979178,13.807628,0.16809469790757978,1,-1
2025-01-02 07:37:00,0.3972078,6.5302095,-2.0889268,6.8676796,0.1680806615042687,1,-1
2025-01-01 18:30:15,2.506575,10.688622,-0.91798526,11.016909,0.16805417746506796,1,-1
2025-01-01 14:31:55,0.9549651,6.518615,-1.9207264,6.8624697,0.16803341014132822,1,-1
2025-01-01 20:11:30,-3.2089784,8.032435,1.9760082,8.872552,0.16802956779336406,1,-1
2025-01-02 20:42:50,1.9604968,5.7283807,-2.3332894,6.488616,0.16800065955805896,1,-1
2025-01-03 08:58:45,-0.33839452,10.66808,-2.8965359,11.059492,0.16798595666590183,1,-1
2025-01-01 07:12:55,-3.564553,9.822982,-1.1548978,10.513363,0.16797748845451027,1,-1
2025-01-01 06:33:30,-0.424079,10.519443,1.3856759,10.618786,0.1679766304679118,1,-1
2025-01-02 10:12:05,1.0235717,13.9029,-0.18247698,13.941722,0.16797031203180834,1,-1
2025-01-03 17:36:00,0.5647733,12.962286,0.42584455,12.981571,0.16794532319976224,1,-1
2025-01-01 02:22:15,1.9242512,5.51522,-2.787696,6.4723754,0.16793812524291019,1,-1
2025-01-03 15:40:50,1.5515798,9.373863,1.9076486,9.691018,0.1679323701174742,1,-1
2025-01-03 07:43:50,2.8933518,13.465727,0.013122591,13.77307,0.16792617635984475,1,-1
2025-01-01 02:44:15,2.7716093,5.3386874,1.7167189,6.2554398,0.1678790281685256,1,-1
2025-01-02 20:09:35,2.7532775,6.203116,2.331448,7.17599,0.1678571777889696,1,-1
2025-01-01 01:54:15,-4.015616,11.293874,-1.7449894,12.112875,0.16781030793942692,1,-1
2025-01-02 21:17:30,3.6451893,9.729223,0.28518373,10.39358,0.16780632578489002,1,-1
2025-01-03 08:37:15,-3.4466455,8.615935,-0.44093177,9.290216,0.16779735521371636,1,-1
2025-01-02 23:58:30,-0.42967442,7.7635922,1.9990888,8.028346,0.16778508648466986,1,-1
2025-01-03 10:55:25,-3.7129576,9.805006,-2.9958782,10.904104,0.16778023371908282,1,-1
2025-01-02 01:11:10,3.7752123,9.200128,-0.6040131,9.962901,0.16773555240187726,1,-1
2025-01-01 06:57:10,-4.1820354,11.511942,1.696192,12.364922,0.16773006358825515,1,-1
2025-01-01 02:19:50,0.062304094,6.064444,-1.3552735,6.214349,0.16771786863107976,1,-1
2025-01-01 01:46:00,0.56630886,9.886591,-3.2929556,10.4359455,0.167554353817772,1,-1
2025-01-03 17:39:40,3.700889,12.015989,1.3196145,12.642071,0.16754343313015277,1,-1
2025-01-03 11:54:30,-3.478322,10.117501,-2.5457566,10.997428,0.1675413172869812,1,-1
2025-01-03 09:36:00,-3.214756,8.052548,0.50499743,8.685229,0.16753800783260625,1,-1
2025-01-02 15:47:25,-4.014352,9.969082,-0.7850269,10.775615,0.16748975335254612,1,-1
2025-01-01 10:48:50,-2.4942875,13.246894,-0.9608922,13.513881,0.16748231304165911,1,-1
2025-01-01 06:15:00,-2.7721457,8.97468,-1.7759211,9.559475,0.16734933424614049,1,-1
2025-01-02 08:24:30,1.3062589,12.124645,1.8185096,12.329652,0.16732061494096265,1,-1
2025-01-02 19:16:00,-2.2559216,7.147929,-3.6103811,8.319671,0.16731153413093905,1,-1
2025-01-02 13:52:05,-4.068618,11.513718,-0.7556329,12.234799,0.16729860463543134,1,-1
2025-01-02 14:36:15,2.0261302,6.1684833,-1.7708827,6.7298894,0.16728823745193108,1,-1
2025-01-02 08:05:55,1.192539,12.435514,-0.40709612,12.499195,0.16727140291120915,1,-1
2025-01-01 10:19:00,3.1197133,13.526317,-1.3048474,13.942614,0.16726823558565765,1,-1
2025-01-01 15:08:30,-0.7894672,13.242292,0.75356334,13.28719,0.167266193758925,1,-1
2025-01-01 08:36:30,2.6408932,10.593858,-1.5611119,11.029107,0.1672468702337006,1,-1
2025-01-02 06:22:35,3.5730362,8.311191,-2.1719801,9.3037615,0.16724543930915403,1,-1
2025-01-02 14:52:50,-2.079348,13.484176,-0.3010995,13.64688,0.16724368670655182,1,-1
2025-01-02 09:49:50,-1.9590112,9.632687,1.299121,9.915346,0.16721112096740864,1,-1
2025-01-02 13:27:55,1.3211877,11.59151,1.7787771,11.801385,0.16720926893442142,1,-1
2025-01-02 19:27:00,-2.683016,11.910941,-0.6780911,12.228201,0.16720345898965538,1,-1
2025-01-03 07:13:15,2.5789394,9.015441,0.19858363,9.379155,0.16720275655392636,1,-1
2025-01-02 12:28:55,0.25956646,13.067855,1.467748,13.152584,0.16715719030756357,1,-1
2025-01-02 05:24:20,-4.0520997,5.946298,1.3823836,7.327275,0.16713397229313093,1,-1
2025-01-01 01:04:40,0.92158586,6.4906588,1.3013425,6.6836715,0.167123956421027,1,-1
2025-01-01 15:17:40,3.9479065,11.468168,-2.817116,12.451546,0.16711781138601672,1,-1
2025-01-03 12:16:05,-2.9359972,11.957347,-3.412866,12.776772,0.16708891772723194,1,-1
2025-01-02 01:49:30,-4.0261483,10.702483,-1.8007668,11.575655,0.16708349481484472,1,-1
2025-01-02 10:08:10,0.8086543,6.2887354,-1.4868464,6.512513,0.1670537944093943,1,-1
2025-01-02 01:38:20,-0.4055649,5.620074,-2.2374692,6.062671,0.16705204678910485,1,-1
2025-01-03 21:06:55,3.9515307,12.06163,-0.8088159,12.718164,0.16703236849573241,1,-1
2025-01-01 18:12:05,-3.8023186,8.285484,0.9912215,9.170028,0.1670287964866416,1,-1
2025-01-01 02:58:00,3.897522,9.843931,1.9973674,10.774188,0.16702017504113395,1,-1
2025-01-03 19:06:45,-3.1232593,14.045051,0.92864406,14.418064,0.1669937320377774,1,-1
2025-01-01 13:33:50,-3.4332838,9.306158,0.933217,9.963078,0.1669695960194648,1,-1
2025-01-02 08:40:10,1.6702025,12.001648,1.7093515,12.237279,0.1669685297420117,1,-1
2025-01-03 00:11:00,-1.1056625,13.328712,-2.7754374,13.659433,0.16695958823553392,1,-1
2025-01-02 12:51:55,1.1194624,5.5873494,0.208452,5.7022033,0.16695225313548603,1,-1
2025-01-02 19:13:55,3.8609033,8.9328785,-1.7417082,9.886174,0.16694858908115973,1,-1
2025-01-02 06:48:55,-2.0566585,7.5477896,-2.7900586,8.305625,0.16691251183121558,1,-1
2025-01-01 07:50:55,-3.0529077,10.761847,-3.3357015,11.673239,0.1668723846962372,1,-1
2025-01-03 02:52:25,0.97204417,6.5892115,-1.6378479,6.858945,0.16680309468993465,1,-1
2025-01-03 06:38:55,0.4251291,10.820229,-3.3417413,11.332489,0.16680174049902227,1,-1
2025-01-02 03:59:20,-3.6116614,8.863374,0.048949324,9.571096,0.16678542014756997,1,-1
2025-01-01 09:55:25,1.5760021,11.716084,-3.1368854,12.230718,0.16673576028158207,1,-1
2025-01-01 04:44:05,-3.7125568,12.376946,0.12616567,12.922376,0.16673547780263423,1,-1
2025-01-02 05:44:00,2.5374055,10.62691,2.2204647,11.148996,0.1667033334427087,1,-1
2025-01-03 19:52:10,2.0790067,9.187012,-3.417172,10.020005,0.16668818435627786,1,-1
2025-01-01 15:29:10,-1.6674807,11.2594185,-3.0897598,11.794134,0.16668012496563087,1,-1
2025-01-02 14:23:45,3.9497283,5.8995843,-1.7977225,7.323746,0.166672688308091,1,-1
2025-01-03 17:17:45,3.6393995,7.9157815,-0.23862967,8.715605,0.16666964195353767,1,-1
2025-01-02 00:46:45,3.370342,8.689065,-1.753968,9.483431,0.16665456213710517,1,-1
2025-01-02 22:22:25,-1.4207603,5.8066874,-2.6767197,6.5498857,0.16665130824596183,1,-1
2025-01-01 17:54:20,-2.9836552,6.360903,-3.731929,7.9555373,0.1666476947060076,1,-1
2025-01-01 19:24:45,1.2926626,13.898869,-3.151658,14.310223,0.1666332605686117,1,-1
2025-01-02 14:49:00,-1.7117635,10.408416,-3.750537,11.1951685,0.16660911368147496,1,-1
2025-01-01 23:43:40,0.52125424,11.181118,1.5063633,11.294168,0.16657339498349585,1,-1
2025-01-03 20:18:40,0.17961831,12.703733,-3.4920235,13.176166,0.16652423077184067,1,-1
2025-01-02 19:43:50,-0.23724857,5.471456,1.6653951,5.724217,0.16648017102406523,1,-1
2025-01-03 11:44:20,-1.4464735,9.025314,-2.6583138,9.519202,0.16646422122505555,1,-1
2025-01-01 23:07:30,3.6556563,8.442631,-0.5916186,9.219103,0.16644636735583862,1,-1
2025-01-02 09:22:30,-3.7525206,9.582472,0.5058008,10.303447,0.1664369568314608,1,-1
2025-01-01 00:25:20,-2.1992857,12.575212,0.37699288,12.771645,0.16642552167092392,1,-1
2025-01-02 23:26:40,2.0395405,10.543867,-3.284738,11.230421,0.1664176242069685,1,-1
2025-01-02 10:34:20,-1.2986841,5.760394,-2.2938566,6.334864,0.16641424927833304,1,-1
2025-01-03 11:05:50,-2.1626065,13.296681,-0.121656865,13.471949,0.16635969995278185,1,-1
2025-01-01 21:38:15,-3.1680207,9.135564,2.244519,9.926366,0.16634879505957667,1,-1
2025-01-02 07:21:20,3.4970548,12.568594,-2.2682414,13.241747,0.16634542412509248,1,-1
2025-01-02 07:26:45,-3.8553307,7.008334,0.054002795,7.9989524,0.16633381911044787,1,-1
2025-01-01 06:44:50,3.7854283,11.544309,0.9301418,12.184649,0.16632564908147351,1,-1
2025-01-02 16:40:20,-2.6365492,9.837041,0.17567082,10.185756,0.16632320883205984,1,-1
2025-01-03 08:34:40,-3.2894197,12.035071,2.0491364,12.6436615,0.16632043797376408,1,-1
2025-01-03 08:41:35,-4.139588,9.809706,-1.714943,10.784597,0.16630990341586355,1,-1
2025-01-01 20:20:05,-1.7448766,5.888047,1.6684145,6.363749,0.16628827647390576,1,-1
2025-01-01 17:54:30,3.1092987,9.396333,-3.2590535,10.420184,0.166287453687105,1,-1
2025-01-03 17:11:00,-2.9383478,9.991033,2.4684756,10.702709,0.16628630269643946,1,-1
2025-01-01 13:21:15,-2.7270398,5.7449436,0.65634954,6.3931146,0.1662678479529669,1,-1
2025-01-02 18:14:40,-0.24823779,5.5632696,0.61963475,5.6031723,0.1662567430142288,1,-1
2025-01-02 05:33:15,-0.4344594,9.501112,-3.248768,10.0505905,0.1662565949942015,1,-1
2025-01-01 11:32:20,-4.0228734,8.502534,1.0185426,9.461185,0.16620646956743132,1,-1
2025-01-02 18:21:40,-3.700499,12.0399065,-1.0685704,12.641001,0.16619878044404898,1,-1
2025-01-01 06:51:45,1.967437,13.431099,-2.338871,13.774453,0.16619124054095566,1,-1
2025-01-03 01:05:35,-0.75602484,9.4283085,-3.3532379,10.035376,0.16618451496206726,1,-1
2025-01-01 05:25:35,-2.022344,13.94909,0.8751288,14.122069,0.16616411020672062,1,-1
2025-01-01 09:29:35,-2.722101,9.884743,-0.5494719,10.267419,0.16615065886157537,1,-1
2025-01-02 00:10:00,0.89483356,13.234939,-1.030591,13.305128,0.16614569889602215,1,-1
2025-01-02 16:56:35,3.4602578,8.504878,-2.0005846,9.397269,0.16612558847371517,1,-1
2025-01-03 08:40:55,-2.7141814,5.7712903,-0.59252715,6.4051275,0.16611583481813375,1,-1
2025-01-02 16:39:10,3.5679092,7.725517,-0.39407524,8.518738,0.1660869387095948,1,-1
2025-01-03 16:12:55,-3.5647204,8.771173,0.3901333,9.475911,0.166006894682809,1,-1
2025-01-03 03:20:35,-0.27942044,7.3264933,-2.7565947,7.8329043,0.16600218369050831,1,-1
2025-01-01 15:07:55,-4.1115556,10.725035,1.4062984,11.571903,0.16599618527079915,1,-1
2025-01-02 14:41:20,1.5819275,10.947492,1.309157,11.1384,0.16598206309662658,1,-1
2025-01-02 04:29:55,1.9877787,8.887242,1.4567813,9.222611,0.16596963961138672,1,-1
2025-01-02 05:24:15,-3.158883,10.829598,2.3475697,11.522579,0.16596476757030865,1,-1
2025-01-01 11:55:00,-0.14250648,13.60197,-1.177306,13.653568,0.16595785987330344,1,-1
2025-01-01 12:48:55,-0.38451856,11.723988,-2.9117146,12.0862665,0.16595237421265108,1,-1
2025-01-02 07:54:25,-3.1670477,11.986582,-3.425943,12.862559,0.1659463927809129,1,-1
2025-01-01 11:08:15,-3.4878106,11.976004,-2.2122254,12.668205,0.165917730456344,1,-1
2025-01-02 12:58:30,-4.010174,7.604337,-0.0035925072,8.596945,0.16591066274082797,1,-1
2025-01-01 13:30:15,-0.06606549,6.9667206,-0.92931175,7.0287395,0.1658941017690528,1,-1
2025-01-03 06:27:05,0.48684648,13.202102,-0.78216827,13.234209,0.1658820711752202,1,-1
2025-01-01 17:01:30,1.0258675,12.913042,-2.0336008,13.112383,0.16588074782730164,1,-1
2025-01-01 02:11:40,-3.7610567,9.699771,-0.13359438,10.404276,0.16585076088929215,1,-1
2025-01-02 06:38:35,-0.7173141,6.764158,-1.7460281,7.022605,0.16584632571101762,1,-1
2025-01-03 00:00:25,3.9931507,11.973296,-0.7250411,12.642419,0.16579618511187535,1,-1
2025-01-03 16:19:20,-0.5502717,8.132776,-3.6119826,8.915788,0.16578896428057607,1,-1
2025-01-01 14:03:50,3.6123793,11.032213,-2.6967783,11.917703,0.16577962856935038,1,-1
2025-01-01 18:44:30,0.4729354,8.244186,2.2501235,8.558816,0.16575338968977793,1,-1
2025-01-02 23:11:45,-1.4704994,11.086154,2.304135,11.418153,0.16573029086118005,1,-1
2025-01-03 05:32:35,2.1943882,5.839657,0.10297857,6.2391934,0.16569840697881222,1,-1
2025-01-02 15:34:55,-2.2386203,10.221863,2.088773,10.670561,0.16569409232019938,1,-1
2025-01-01 19:24:00,1.3489896,11.360243,-3.275987,11.899873,0.1656472691139056,1,-1
2025-01-03 03:23:25,-4.137911,12.9092655,-3.0696266,13.899426,0.16563511173604298,1,-1
2025-01-03 03:17:05,0.9243059,11.9836,-3.506283,12.5201845,0.16562965123046225,1,-1
2025-01-01 02:17:20,1.9049494,11.874051,-2.8183517,12.351721,0.16562952528321034,1,-1
2025-01-01 01:11:40,2.2412496,11.71234,1.9890867,12.089606,0.16559121555736503,1,-1
2025-01-01 11:36:45,3.8630779,13.008774,-1.9135554,13.704498,0.16558550860107793,1,-1
2025-01-02 09:38:00,2.1417027,5.776049,-1.6361167,6.373893,0.16556795428978852,1,-1
2025-01-03 14:02:15,1.4494672,7.666386,-2.6455245,8.238522,0.1655553008690612,1,-1
2025-01-01 11:56:50,-2.316673,12.124538,-3.50212,12.831065,0.16554889397277878,1,-1
2025-01-02 11:56:10,3.3026748,7.235922,0.4393964,7.9661345,0.16553037041305932,1,-1
2025-01-01 12:14:50,1.9314079,11.643087,-3.4640179,12.30005,0.1655211438053972,1,-1
2025-01-03 00:48:50,-4.172778,10.332215,1.8446375,11.294664,0.16551959805241104,1,-1
2025-01-01 03:48:55,2.9908452,11.750349,-1.4784209,12.21481,0.16550264500904815,1,-1
2025-01-02 08:26:40,-4.0892043,7.026725,1.3260688,8.23741,0.16549787232044305,1,-1
2025-01-02 16:34:10,3.539478,7.878999,-0.75369745,8.670329,0.16546371100499735,1,-1
2025-01-02 13:31:45,-0.5947816,5.247444,1.7054499,5.549594,0.16544460276971895,1,-1
2025-01-02 09:14:25,-3.6570265,6.854059,-2.1094341,8.049949,0.16541999627253282,1,-1
2025-01-01 00:57:30,3.0929174,11.05844,1.015654,11.527654,0.1653902389760566,1,-1
2025-01-01 10:44:05,3.4028976,7.541572,-0.68077034,8.301715,0.16538603586052286,1,-1
2025-01-03 04:27:10,2.4823363,8.696158,2.36047,9.346496,0.16537886432190646,1,-1
2025-01-03 02:32:40,2.4591835,8.542815,0.10719351,8.890375,0.1653170532521457,1,-1
2025-01-02 14:09:10,3.5238888,8.99609,-1.5162706,9.779903,0.16530191334289673,1,-1
2025-01-02 15:10:45,-2.1601791,7.241291,2.3790195,7.9222727,0.16529237560706456,1,-1
2025-01-01 05:19:35,1.413683,12.086699,2.0589333,12.342042,0.16528044460547442,1,-1
2025-01-03 13:53:05,-0.88577735,5.7355304,0.14284733,5.8052835,0.16523903484397043,1,-1
2025-01-02 21:08:20,3.7857578,9.955748,-1.6456771,10.777621,0.16521495210309678,1,-1
2025-01-03 19:17:50,-0.25679246,8.591684,2.0176082,8.829141,0.16521440938644869,1,-1
2025-01-02 13:22:40,-4.1197605,8.070678,0.29636687,9.066206,0.1652054594112713,1,-1
2025-01-03 17:02:35,0.7776086,5.79812,1.2548434,5.9831014,0.16519391922669682,1,-1
2025-01-03 11:53:25,-2.660444,11.267074,-1.524966,11.676918,0.16517330211855408,1,-1
2025-01-01 05:26:20,-0.26903477,13.491343,-1.3635482,13.562742,0.16516944327991165,1,-1
2025-01-03 06:41:05,3.5849028,9.066263,-0.72559565,9.776255,0.16514642874109156,1,-1
2025-01-01 21:33:15,-2.989507,10.148891,-1.441082,10.677728,0.16512222171710794,1,-1
2025-01-01 02:44:00,3.5392883,9.442154,-1.2655551,10.162798,0.16510232250090048,1,-1
2025-01-03 06:35:45,-0.62026864,13.829801,-2.3052967,14.034333,0.16509663277391928,1,-1
2025-01-02 09:03:35,-2.002439,9.5684395,1.9395313,9.966271,0.1650560374696828,1,-1
2025-01-02 19:53:05,3.4484606,9.658226,1.6050781,10.380245,0.1650545526878805,1,-1
2025-01-03 11:02:40,2.3274343,8.947031,-3.6677372,9.945783,0.16504190376854405,1,-1
2025-01-02 17:06:40,2.770845,8.489534,-0.69135386,8.956995,0.16501637608841477,1,-1
2025-01-01 14:05:05,2.7540576,9.784163,-1.7248634,10.309696,0.16501230453207205,1,-1
2025-01-01 09:03:15,-1.9728177,6.7343364,-0.50115377,7.0352297,0.1649788829499259,1,-1
2025-01-02 07:34:20,1.1720672,6.798731,0.50408906,6.917412,0.16497439209775872,1,-1
2025-01-01 07:14:35,3.6720567,6.9605737,-1.1984885,7.960525,0.16496622238014003,1,-1
2025-01-03 17:21:35,-0.40349773,10.789559,1.8774413,10.959114,0.16496068669714303,1,-1
2025-01-01 06:48:45,3.9400342,10.477258,1.1845541,11.256108,0.1649594743365394,1,-1
2025-01-02 20:40:40,-3.2223725,5.698977,-0.5397672,6.569123,0.16494784378978744,1,-1
2025-01-02 06:23:10,-1.4027829,6.345428,-3.520469,7.390938,0.1649273664576263,1,-1
2025-01-01 10:47:00,-3.8930721,11.497415,0.7182791,12.159871,0.16491720549100503,1,-1
2025-01-02 19:15:50,2.318303,12.713413,-0.047997914,12.923146,0.1648768052928745,1,-1
2025-01-03 14:55:15,-0.536528,5.6876407,0.32965785,5.7223935,0.1648401026511013,1,-1
2025-01-02 16:11:50,1.6348941,7.1654053,1.7661455,7.5587816,0.16483622989692118,1,-1
2025-01-02 04:15:10,-2.117507,6.6403604,-2.2528179,7.324849,0.16481225794085014,1,-1
2025-01-03 03:41:15,1.2252901,6.7163424,0.84714574,6.879553,0.1648113756802645,1,-1
2025-01-03 12:23:05,-1.9179955,8.645325,-3.179161,9.4089,0.16480991317141272,1,-1
2025-01-02 21:52:25,-1.9242744,6.7906766,-3.6189466,7.931765,0.16479877652862068,1,-1
2025-01-01 17:02:25,-1.5327568,11.085291,2.2999396,11.424655,0.1647957413583987,1,-1
2025-01-01 12:20:55,3.8677628,6.152149,-1.5525901,7.430953,0.16479088427569633,1,-1
2025-01-01 11:45:25,2.6656294,6.0090604,-2.0418816,6.8835797,0.16479060176413657,1,-1
2025-01-01 05:54:10,-2.180251,11.701579,-3.18458,12.321608,0.1647749823969465,1,-1
2025-01-02 09:16:05,-3.7600312,10.814292,0.9614635,11.489611,0.16475309169706295,1,-1
2025-01-03 00:26:55,-2.2274742,6.0115714,-2.603519,6.9194613,0.16474948939226547,1,-1
2025-01-02 04:11:55,-3.5195925,6.484756,-1.1437156,7.466437,0.16472844253710503,1,-1
2025-01-02 17:47:20,0.9304425,8.548907,-3.693143,9.3588915,0.16471392870381912,1,-1
2025-01-01 22:44:40,1.9621233,8.3308325,-3.3236098,9.181453,0.16469774854044314,1,-1
2025-01-02 13:50:25,-3.5677354,12.244075,-1.6522374,12.859859,0.16468587090592773,1,-1
2025-01-02 18:19:50,-2.8792038,10.449578,-0.77789843,10.866859,0.16454318200905485,1,-1
2025-01-01 07:55:45,-3.1135674,11.021501,-2.0326993,11.631837,0.1644499527762614,1,-1
2025-01-01 23:12:40,-0.123163804,12.085724,1.9484265,12.242396,0.16444548104038112,1,-1
2025-01-02 03:25:40,0.0929378,7.060373,2.307949,7.428602,0.16442539949439697,1,-1
2025-01-01 01:12:45,-0.38325036,9.932402,1.5653387,10.062295,0.16442461641223055,1,-1
2025-01-01 02:27:50,-1.2860831,9.2344265,2.095008,9.556029,0.16441821499825868,1,-1
2025-01-02 16:02:35,0.27276182,6.899074,-0.77006453,6.947274,0.16440270157923342,1,-1
2025-01-02 07:59:00,1.5026983,12.585793,-3.5524244,13.163586,0.16438638885890813,1,-1
2025-01-03 20:46:20,2.7787986,11.341874,-0.9417187,11.715233,0.16436409984010608,1,-1
2025-01-02 09:47:50,1.9140545,8.048574,-3.2963579,8.905567,0.1643531193820715,1,-1
2025-01-02 08:01:30,0.5438662,5.3779626,-0.8980563,5.479487,0.16434916890009008,1,-1
2025-01-03 01:34:20,0.67673117,13.727308,1.7284137,13.852233,0.16434556540086337,1,-1
2025-01-02 04:20:35,-2.6167457,5.654737,0.45276633,6.247272,0.16433402270869815,1,-1
2025-01-03 09:22:25,3.1587696,7.2993116,0.29202136,7.9588346,0.16431769768284046,1,-1
2025-01-03 10:28:40,-2.729113,7.998758,2.096511,8.707671,0.1643032926940272,1,-1
2025-01-02 07:45:55,-2.92896,5.512398,-0.023387605,6.2422657,0.16428472909284894,1,-1
2025-01-03 09:29:35,-3.480811,10.505313,-0.73943365,11.091637,0.16426347130900598,1,-1
2025-01-03 20:54:45,2.0367196,13.157912,-0.2929816,13.317835,0.1642623009433547,1,-1
2025-01-02 09:31:50,1.7993416,13.024538,0.99892306,13.1861315,0.16423985021552942,1,-1
2025-01-01 15:59:35,3.595477,9.195327,-2.0738375,10.088721,0.16423099821516438,1,-1
2025-01-03 11:15:30,2.485724,13.732765,-0.895734,13.984634,0.16414867017859336,1,-1
2025-01-01 14:50:40,3.2032583,13.553184,-1.4650912,14.003433,0.16414218322027488,1,-1
2025-01-03 06:30:10,-0.33967313,9.120103,1.6392694,9.272478,0.1641020461843548,1,-1
2025-01-02 03:46:55,3.8643384,11.846907,-0.46542692,12.469921,0.16407260003218085,1,-1
2025-01-01 22:54:25,-3.8306992,6.436976,0.62669367,7.5167584,0.1640613021191788,1,-1
2025-01-02 14:57:30,-3.5077364,9.013554,-1.0415701,9.727962,0.16404199747361536,1,-1
2025-01-02 18:40:55,0.50055087,6.909463,-0.8314564,6.977288,0.16402551378802183,1,-1
2025-01-02 23:39:00,3.5363376,12.620002,-0.9645355,13.141555,0.16400409084018458,1,-1
2025-01-02 20:10:30,3.0338728,10.452254,2.4398942,11.153792,0.16398370282750288,1,-1
2025-01-03 19:32:55,-4.063848,6.6888304,-0.73588544,7.8610964,0.1639581715813867,1,-1
2025-01-01 00:00:40,-3.7223794,10.1636915,-0.6957125,10.846232,0.1639545992615777,1,-1
2025-01-02 21:01:55,2.394994,9.693566,2.2495997,10.235327,0.163886926230176,1,-1
2025-01-03 09:31:25,-2.2492392,8.093752,-2.70098,8.824012,0.16386559740971113,1,-1
2025-01-03 09:02:10,-2.1165938,9.249805,1.4201846,9.594571,0.16384649827348377,1,-1
2025-01-03 04:51:25,-3.0882986,7.5762186,-1.3338641,8.289503,0.16380111172423553,1,-1
2025-01-02 00:49:25,2.8010852,13.865523,0.03376644,14.145669,0.16379218604594512,1,-1
2025-01-02 03:02:00,2.7261353,9.338631,-2.3277721,10.003017,0.1637886389885989,1,-1
2025-01-01 15:20:00,1.209964,10.163049,-3.3607965,10.77249,0.16377139722350886,1,-1
2025-01-03 19:52:35,-0.9963135,12.637937,-0.411505,12.6838255,0.1637689279771277,1,-1
2025-01-02 01:41:55,1.13884,12.704292,-1.3154815,12.822889,0.16375820753242346,1,-1
2025-01-03 01:33:05,3.6335177,8.297703,-0.3210321,9.064072,0.16375055724882778,1,-1
2025-01-03 13:42:50,2.1075125,9.205212,-2.780631,9.844259,0.16374049895051349,1,-1
2025-01-02 22:56:55,2.904982,7.6609387,0.4036061,8.203158,0.16372532217357516,1,-1
2025-01-02 13:42:35,0.62443537,12.143863,-3.456852,12.641723,0.16370467497746338,1,-1
2025-01-01 07:42:00,-1.3734033,5.6734824,-3.0536094,6.587805,0.16369829444492545,1,-1
2025-01-03 11:52:35,0.84204984,12.306704,-0.64866954,12.352521,0.16368578009136242,1,-1
2025-01-01 01:17:55,-2.6835747,11.235736,-0.29634914,11.555569,0.1636769143333952,1,-1
2025-01-01 13:34:00,-1.8272327,9.150204,-3.535799,9.97832,0.16366450650084519,1,-1
2025-01-02 02:15:25,3.8377056,6.4421983,1.0862797,7.5769324,0.1636590338929267,1,-1
2025-01-02 09:14:45,2.6444228,9.964512,-1.4139211,10.405943,0.16363077603336945,1,-1
2025-01-03 12:49:55,-3.4579651,8.867041,0.48482478,9.529795,0.16360003253857452,1,-1
2025-01-02 12:12:15,-2.6117256,7.2929053,0.13152462,7.7475724,0.16359966840681092,1,-1
2025-01-02 12:50:05,1.0153923,12.668614,-0.3342224,12.713635,0.16358580317358642,1,-1
2025-01-01 06:19:15,3.8186996,8.722818,1.8048216,9.691615,0.16358216124314073,1,-1
2025-01-02 15:04:30,2.7179546,13.648815,1.8447435,14.038537,0.1635573552758852,1,-1
2025-01-01 12:51:00,-3.6679938,10.03543,-2.9384997,11.081463,0.1635421882994034,1,-1
2025-01-01 03:46:30,2.635299,7.6422386,-0.22156419,8.0868845,0.16350424761524088,1,-1
2025-01-01 17:21:30,1.810975,13.441101,-0.5181887,13.572448,0.16348509405611414,1,-1
2025-01-01 21:42:50,-1.4272966,8.292421,2.2199898,8.702286,0.16348275563108075,1,-1
2025-01-03 18:42:45,2.4271462,13.568744,-0.1034904,13.784504,0.16347195025028635,1,-1
2025-01-03 03:32:40,-3.435189,11.780951,-2.110664,12.451756,0.16346465679492722,1,-1
2025-01-02 14:05:55,3.8029983,8.76376,1.7800188,9.717754,0.16340575572177116,1,-1
2025-01-03 07:16:40,1.2818623,12.511313,-0.7400181,12.598561,0.16337866376186091,1,-1
2025-01-01 17:57:05,0.49183473,5.7555885,1.6971322,6.020711,0.16337213117684926,1,-1
2025-01-01 21:24:40,-1.038505,12.4671545,-1.229678,12.570622,0.16336637407474813,1,-1
2025-01-03 13:12:50,-2.1896756,5.8906884,1.2446176,6.406556,0.16333122003503908,1,-1
2025-01-02 13:23:10,2.6804662,11.7793045,1.1849723,12.138413,0.16324401964604032,1,-1
2025-01-01 14:22:30,-2.0325918,8.053288,-3.7752926,9.12358,0.16322289349179536,1,-1
2025-01-02 11:18:05,2.1011333,11.97013,1.8033321,12.286202,0.1631720175284401,1,-1
2025-01-01 18:57:00,0.35793108,10.64764,2.4214206,10.925366,0.16316760960352877,1,-1
2025-01-02 20:00:50,-1.9213685,12.656508,-0.039738607,12.801579,0.1631642621371413,1,-1
2025-01-01 07:50:50,3.7501829,6.706085,0.17500089,7.685446,0.16313364161911334,1,-1
2025-01-01 19:36:55,1.9523437,6.0453434,-1.1985581,6.464856,0.1631241167229804,1,-1
2025-01-02 23:32:20,-4.159465,13.032663,-2.2031176,13.856594,0.16307425971084963,1,-1
2025-01-03 01:21:30,1.3941965,13.964299,-1.1558743,14.081245,0.16305316158393332,1,-1
2025-01-01 10:02:15,-0.13505952,6.3750167,-0.8951591,6.4389744,0.16304523627063527,1,-1
2025-01-01 14:58:50,-4.090804,7.1185136,0.8800157,8.25726,0.16303237357297826,1,-1
2025-01-02 16:41:00,-2.396061,8.779717,1.4996102,9.223523,0.16302773848647523,1,-1
2025-01-01 16:55:20,0.9565635,12.343779,1.4789212,12.468804,0.16302674231802936,1,-1
2025-01-03 04:40:05,-1.4791548,6.69555,-3.372551,7.6414914,0.1630250955988665,1,-1
2025-01-01 20:03:45,3.2427526,9.603631,-0.22939053,10.138925,0.16300757067603713,1,-1
2025-01-03 08:31:10,-2.7505631,11.721271,-2.0535524,12.213552,0.1630075347008334,1,-1
2025-01-03 13:56:55,-1.1674582,13.099062,2.3445635,13.358344,0.16299086589094613,1,-1
2025-01-02 17:37:05,2.8669035,10.547234,-3.673098,11.530608,0.16296965226198462,1,-1
2025-01-02 08:45:15,-1.2440633,7.330796,-3.6935823,8.302458,0.16295172021280696,1,-1
2025-01-01 19:23:15,1.7424189,9.36985,-2.5499802,9.865725,0.16294002700374802,1,-1
2025-01-02 15:00:10,-1.9722261,5.684145,-1.5571498,6.2148128,0.16291697872430247,1,-1
2025-01-01 13:16:05,0.7576808,11.735907,-2.7195258,12.070684,0.16291204648617724,1,-1
2025-01-01 02:47:00,1.3797792,11.150513,1.7334949,11.368497,0.1628955378495903,1,-1
2025-01-02 15:39:45,2.7974007,7.8088584,2.227124,8.588586,0.16288079792660828,1,-1
2025-01-01 00:29:40,-2.4400468,12.491775,0.77718484,12.75156,0.16287180923973926,1,-1
2025-01-02 13:52:50,-0.5974631,13.188462,-1.4909061,13.285906,0.16287027903633566,1,-1
2025-01-02 00:49:40,-3.866715,12.270674,1.256665,12.926721,0.16286866474687192,1,-1
2025-01-01 06:24:15,-0.63115305,5.5549407,-1.5956883,5.813944,0.16286709901674348,1,-1
2025-01-01 21:53:30,1.1848099,13.1827755,-0.91896325,13.267775,0.16284725337536737,1,-1
2025-01-01 13:40:50,-2.2278056,7.5349665,-3.2814302,8.515082,0.16282094067985214,1,-1
2025-01-01 05:35:45,-2.9554381,9.415027,-1.875175,10.044581,0.1628132706915075,1,-1
2025-01-02 17:15:50,-1.6459857,12.114566,-3.4838953,12.712573,0.1627885989162931,1,-1
2025-01-02 14:35:35,-2.8465807,10.507794,-0.95268697,10.928146,0.1627599002682158,1,-1
2025-01-03 03:51:45,0.123438336,5.816002,0.6121073,5.8494263,0.16274668235849085,1,-1
2025-01-02 05:39:00,1.5959271,6.2242303,2.2940454,6.8228054,0.16272880111532226,1,-1
2025-01-02 20:47:50,-3.8423853,12.835352,0.36398095,13.403085,0.16271076143098762,1,-1
2025-01-03 02:06:10,-3.6693285,7.055614,-1.7744393,8.14827,0.16269976731422867,1,-1
2025-01-03 10:27:05,0.83924943,8.842046,1.8135364,9.065044,0.162694745325973,1,-1
2025-01-02 00:35:40,0.37296587,5.811543,-2.6640637,6.403934,0.16267276617602827,1,-1
2025-01-01 06:56:00,3.052623,8.325888,-2.039931,9.0994625,0.16266645926096515,1,-1
2025-01-01 22:11:50,-2.4006405,13.104218,2.3837955,13.533886,0.16264963441031965,1,-1
2025-01-01 03:03:35,1.5423164,10.076588,2.484303,10.492289,0.16264304174913818,1,-1
2025-01-02 13:53:05,1.116492,13.542741,-1.4323567,13.663968,0.1626287482761048,1,-1
2025-01-02 23:08:00,-0.87058395,10.38217,1.8896409,10.588584,0.16262173441528638,1,-1
2025-01-02 04:45:35,-1.5680351,12.887363,-0.9716671,13.018718,0.1626075082901289,1,-1
2025-01-02 04:29:25,-2.6829593,11.437726,-2.4943657,12.010067,0.1625907857262919,1,-1
2025-01-02 07:27:20,-2.7297893,5.741755,-0.24060512,6.3621845,0.16258758490090644,1,-1
2025-01-01 19:02:15,-3.736274,12.156677,-0.17239034,12.719051,0.16251435634792152,1,-1
2025-01-03 12:45:20,-3.2055464,9.128372,2.166799,9.914521,0.1625084045762705,1,-1
2025-01-01 18:04:15,-3.9951656,10.936936,0.011737681,11.6438,0.1624466582390376,1,-1
2025-01-01 18:55:40,-0.8098,11.302217,-3.4177618,11.835411,0.16242165627441393,1,-1
2025-01-01 20:13:35,1.3379433,11.670293,-3.2177763,12.179487,0.16240762894846897,1,-1
2025-01-02 23:13:25,0.83282995,10.276888,-3.2609653,10.813969,0.16238709558558836,1,-1
2025-01-03 09:18:55,3.2845244,10.455155,1.2261428,11.027321,0.16237680299617324,1,-1
2025-01-02 17:09:40,-2.5458918,9.398586,2.2179,9.986695,0.16237473239195746,1,-1
2025-01-03 20:57:05,-0.60808784,8.976351,2.4410057,9.322186,0.16237225081892487,1,-1
2025-01-02 08:48:00,-2.6053138,9.069691,-0.04376618,9.436571,0.16234799443069642,1,-1
2025-01-01 12:16:00,0.16010395,12.321296,-0.9775171,12.361048,0.16233983294180657,1,-1
2025-01-01 15:26:20,-2.7031546,7.5914187,1.1466882,8.139507,0.16233385206865378,1,-1
2025-01-03 05:11:40,0.48637378,11.798357,1.7894636,11.943197,0.1623015527423289,1,-1
2025-01-03 18:00:10,3.1784513,7.3946614,-2.4525633,8.414192,0.16228719730901472,1,-1
2025-01-01 10:28:25,-0.19164716,12.296221,1.6821858,12.412232,0.16228124488502618,1,-1
2025-01-03 05:21:45,-0.8687856,6.8270125,-3.6440136,7.7872796,0.16227835271999855,1,-1
2025-01-01 23:58:50,-1.8407081,12.413771,-0.72309464,12.570313,0.1622425969158227,1,-1
2025-01-03 03:01:20,-2.797351,8.194779,-0.97169936,8.713426,0.1622362253614259,1,-1
2025-01-03 06:36:00,1.1362581,6.7992535,0.8364564,6.9441047,0.16222102719589288,1,-1
2025-01-03 17:58:10,1.0354534,7.4900217,-2.7319574,8.039662,0.16221865741841218,1,-1
2025-01-03 17:10:40,-0.8460599,5.503605,-0.4204097,5.584105,0.1622145346213446,1,-1
2025-01-01 13:32:20,1.916823,13.287175,2.1169102,13.590605,0.16220282873585176,1,-1
2025-01-01 04:04:50,0.44644025,9.2554655,-3.2477884,9.818914,0.16220059591316313,1,-1
2025-01-03 00:52:35,1.2352383,11.473077,-3.4207926,12.035744,0.1621671016785567,1,-1
2025-01-02 21:21:00,-3.4736524,12.253294,0.5739249,12.749073,0.16215934087012246,1,-1
2025-01-01 17:13:00,1.1863104,6.3909273,-0.24353898,6.5046597,0.16208865387155194,1,-1
2025-01-02 00:25:15,-0.92729944,13.832556,-0.63285697,13.87804,0.16208155380933612,1,-1
2025-01-03 04:00:15,-1.7947376,12.941936,-0.07661255,13.066011,0.16207464200538604,1,-1
2025-01-03 19:59:55,0.7384399,8.234504,1.3858454,8.3828945,0.1620737733588002,1,-1
2025-01-02 05:52:10,2.64155,10.597106,-0.13752331,10.922241,0.16205594427116082,1,-1
2025-01-02 03:39:00,3.9159439,8.90372,0.9764778,9.775702,0.16204469861964124,1,-1
2025-01-02 14:02:55,2.7830331,5.426639,-3.0306613,6.810183,0.1620236309713909,1,-1
2025-01-03 14:07:10,2.9289067,10.601475,-0.99999154,11.043991,0.162008569164626,1,-1
2025-01-02 14:28:15,1.4828534,9.010631,2.0988684,9.369929,0.16200190256351674,1,-1
2025-01-02 22:21:40,2.4766445,10.6016245,-0.97464156,10.930605,0.16199737405403913,1,-1
2025-01-02 04:02:15,3.213249,8.128205,-1.6425259,8.893289,0.1619319790240772,1,-1
2025-01-03 01:30:25,0.73438525,8.203255,2.3711083,8.570581,0.1619266359164669,1,-1
2025-01-02 03:34:45,3.5051775,9.941537,-2.1486762,10.758123,0.16190513704404305,1,-1
2025-01-03 19:16:40,-3.6688163,9.865975,-2.5639203,10.833807,0.1618979513592619,1,-1
2025-01-03 02:03:05,-2.3281672,12.712465,0.46489292,12.932257,0.16189609762560495,1,-1
2025-01-01 22:16:45,-3.1669526,11.84618,-2.1291277,12.445672,0.16186773216139158,1,-1
2025-01-01 23:29:55,1.6377759,6.2801495,-3.3905036,7.3224382,0.16185298600650205,1,-1
2025-01-02 11:03:05,-2.9574163,6.7283583,-1.2451087,7.4543552,0.16184874494303023,1,-1
2025-01-03 10:42:05,-1.0136322,11.410218,-2.9505,11.829031,0.16184684383160444,1,-1
2025-01-02 10:41:10,-3.5643795,10.251381,-1.5112648,10.958081,0.1618311683292669,1,-1
2025-01-02 02:47:05,-0.8844389,13.094932,-0.35203382,13.129486,0.16180523910169098,1,-1
2025-01-02 16:10:20,1.5902821,13.735315,0.99326414,13.8627,0.16179905936194527,1,-1
2025-01-03 08:04:15,-0.2784853,13.577586,-1.3991443,13.652327,0.161738403239094,1,-1
2025-01-01 05:01:10,-0.3101253,7.993512,-3.1862874,8.61074,0.16173488906038644,1,-1
2025-01-03 20:57:45,-0.8967261,8.375865,1.9424452,8.644786,0.1617258565133458,1,-1
2025-01-02 11:59:05,-1.845021,13.739709,-2.0945342,14.02037,0.1617235125243607,1,-1
2025-01-01 15:27:40,-1.8666126,12.701925,0.048002135,12.838437,0.161719825406618,1,-1
2025-01-03 17:14:55,1.0325879,9.47617,-3.1706345,10.045743,0.16170685665649723,1,-1
2025-01-02 17:27:15,-4.1277857,10.628697,-2.6336997,11.702316,0.16170296774932055,1,-1
2025-01-02 15:51:20,0.682746,6.0745134,-0.48709694,6.132138,0.16169258426887329,1,-1
2025-01-03 08:32:55,-3.072958,13.480111,-0.12408251,13.826491,0.1616740469078383,1,-1
2025-01-02 22:40:50,-3.8445754,10.412695,1.3922117,11.186744,0.16165721338030653,1,-1
2025-01-01 16:38:45,-3.3367574,5.316124,-1.0223016,6.359263,0.16164619712551823,1,-1
2025-01-01 17:47:15,2.0256486,6.9301434,1.3942412,7.3535056,0.1616428063781249,1,-1
2025-01-02 11:00:05,3.7082016,11.687152,-1.6642721,12.373766,0.16163425263181433,1,-1
2025-01-02 05:04:45,-1.4224907,8.370576,1.9888599,8.720412,0.16161049604546265,1,-1
2025-01-01 07:04:15,-0.7739832,5.451478,-3.0021203,6.2713947,0.16159484656546544,1,-1
2025-01-01 22:21:05,3.3274195,8.460702,1.4986528,9.214183,0.16158334184518097,1,-1
2025-01-03 18:49:20,-1.6254323,13.358254,0.98199445,13.492564,0.16151878045460985,1,-1
2025-01-01 02:23:00,1.144194,8.135452,-3.6321068,8.982593,0.16151164304153195,1,-1
2025-01-03 12:36:35,-1.484886,8.837966,-2.610803,9.334389,0.16148583845886888,1,-1
2025-01-01 17:23:45,3.6294856,11.369781,-2.5391607,12.202148,0.16148535654122353,1,-1
2025-01-03 03:15:55,-1.1494694,5.803265,-1.4079136,6.0812325,0.161483185116385,1,-1
2025-01-02 11:00:15,-3.1094143,13.851754,0.0033783936,14.196464,0.16147675692120986,1,-1
2025-01-02 18:09:05,-2.5383956,6.7700777,-2.1747289,7.550288,0.1614420031147957,1,-1
2025-01-02 15:40:10,-1.2267494,11.508672,1.6025463,11.684289,0.16143758160654662,1,-1
2025-01-01 02:22:10,-2.739979,7.815714,-0.061408434,8.282309,0.16143717969234492,1,-1
2025-01-02 11:59:35,3.0451207,12.805788,2.377614,13.3758745,0.16141640556068934,1,-1
2025-01-01 20:32:45,1.253413,6.6973214,0.4363285,6.8275576,0.16141200965104438,1,-1
2025-01-01 00:52:40,3.5219147,7.720784,0.5579325,8.504451,0.1613840609458072,1,-1
2025-01-02 10:19:10,2.3996797,9.525936,-0.16963047,9.825004,0.16137974459692164,1,-1
2025-01-02 05:35:50,-1.5308149,6.436697,2.2233696,6.9798164,0.161364958292696,1,-1
2025-01-01 11:37:15,3.493174,9.17032,1.1341021,9.878421,0.1613548378237887,1,-1
2025-01-01 00:12:00,-3.1266596,13.553594,-2.3948758,14.114224,0.16133859792672323,1,-1
2025-01-01 01:15:35,0.88572115,10.726006,2.1612327,10.977368,0.161337351390188,1,-1
2025-01-01 16:31:35,3.5190337,10.109824,0.62591475,10.723055,0.1612902400550913,1,-1
2025-01-01 17:40:25,-1.3430631,13.381726,-1.9039177,13.583053,0.16126715514565365,1,-1
2025-01-02 17:01:50,-3.8674655,11.206271,-2.865787,12.196333,0.1612658855642224,1,-1
2025-01-01 12:28:05,2.0317526,13.5604,-1.8773193,13.839682,0.1612112042723011,1,-1
2025-01-01 11:34:10,0.46607023,11.331249,-3.5514,11.883892,0.16120283601876692,1,-1
2025-01-01 14:48:40,-1.1433789,5.3324733,-2.0571046,5.828745,0.16120242228671425,1,-1
2025-01-02 20:15:00,-2.8145533,9.219586,2.273794,9.904172,0.1611740840955314,1,-1
2025-01-03 07:46:00,-3.8949847,10.453688,1.5373889,11.261175,0.16117073365003473,1,-1
2025-01-03 19:46:40,-2.025196,10.260268,2.060076,10.659195,0.1611670732793715,1,-1
2025-01-03 07:49:45,2.8398314,5.212644,-3.232841,6.7592573,0.16116219485226527,1,-1
2025-01-01 09:44:15,-1.0038532,8.290395,-3.2035828,8.9443445,0.16110695688889845,1,-1
2025-01-02 04:22:55,3.2460008,10.055923,-3.7853045,11.224378,0.16109334314343765,1,-1
2025-01-01 18:54:35,-3.1060948,9.342111,-2.0134494,10.048723,0.1610900866842711,1,-1
2025-01-01 19:24:25,1.5791808,6.502894,-0.69549644,6.7279387,0.16107630424494881,1,-1
2025-01-01 03:20:05,-1.8550202,12.368182,-1.8184856,12.638034,0.161060171259768,1,-1
2025-01-02 00:49:15,1.1001554,13.428462,-0.7904931,13.496622,0.16104098070195674,1,-1
2025-01-01 15:14:50,0.601105,6.054952,2.1179957,6.4428005,0.1610112725231592,1,-1
2025-01-03 18:31:35,-2.6701727,14.042579,0.65199125,14.309051,0.16100004556717737,1,-1
2025-01-02 14:49:25,1.8325905,7.5777345,2.148182,8.086726,0.160965401938047,1,-1
2025-01-02 13:12:35,-3.6578279,9.156508,0.45853433,9.870745,0.1609471639075188,1,-1
2025-01-01 07:01:10,-1.6209269,6.218035,0.07792425,6.4263086,0.16092894821997225,1,-1
2025-01-01 01:51:50,2.572424,7.816505,-0.3557867,8.236608,0.16088373590515923,1,-1
2025-01-03 10:04:35,-3.349256,9.455639,-1.8199725,10.195044,0.1608710780275152,1,-1
2025-01-02 00:01:45,0.79117435,12.943231,-3.3082998,13.3827505,0.16085637439319544,1,-1
2025-01-01 04:34:50,-2.4056008,5.323686,0.6873202,5.882258,0.16085447434261702,1,-1
2025-01-02 00:23:35,1.6954595,6.3333387,0.32020366,6.5641675,0.160847773964006,1,-1
2025-01-01 06:34:45,3.8900907,11.697301,-0.01956098,12.327208,0.16083257078681634,1,-1
2025-01-01 02:20:55,0.46386793,13.7911415,-2.564464,14.035214,0.16082680665609583,1,-1
2025-01-01 02:23:50,-0.95250946,13.54697,-0.19413836,13.581802,0.16079164433129414,1,-1
2025-01-02 06:44:40,1.4879993,13.520075,-2.5306962,13.835135,0.1607351869242253,1,-1
2025-01-01 08:49:50,-0.50766474,11.132135,-3.70692,11.74408,0.16070915767387703,1,-1
2025-01-03 11:06:45,1.1355128,5.568839,-0.570008,5.711941,0.16069824988311449,1,-1
2025-01-03 01:47:40,0.5124796,6.909464,-3.5445461,7.782489,0.16065021017021006,1,-1
2025-01-01 13:22:15,2.9433239,10.806091,2.166807,11.407445,0.1606167875154229,1,-1
2025-01-02 04:28:20,-0.42605504,13.275011,-1.6510736,13.384076,0.16053681142119017,1,-1
2025-01-02 15:11:30,1.8210622,12.031497,1.9755412,12.327852,0.1605258317078632,1,-1
2025-01-01 04:35:20,-1.6139001,12.537633,-1.1785753,12.695903,0.1605251732038622,1,-1
2025-01-03 17:05:15,2.5583985,10.636363,-0.07054858,10.939954,0.16051889963516147,1,-1
2025-01-02 13:49:25,3.1069798,9.164152,-1.3838766,9.774975,0.16048057000217858,1,-1
2025-01-03 03:24:05,-1.1087518,5.8022227,0.37638223,5.9191875,0.1604612048792498,1,-1
2025-01-01 17:33:20,3.3447692,7.6801796,-1.3448366,8.484175,0.16042641911535455,1,-1
2025-01-03 04:17:30,2.6154413,11.278252,-1.8673804,11.727174,0.16042406310210885,1,-1
2025-01-02 23:55:55,-1.3475996,5.946525,0.9682705,6.173713,0.16041452607443113,1,-1
2025-01-03 01:20:10,0.25466463,6.3281345,-3.0029492,7.0091257,0.16040465372516954,1,-1
2025-01-03 20:24:10,1.6588203,10.520639,1.8668749,10.81299,0.16039964804386994,1,-1
2025-01-02 14:11:15,1.4586198,5.2671223,0.9120255,5.540933,0.16039849062489472,1,-1
2025-01-01 21:12:15,-3.348858,9.475211,-1.8221219,10.213452,0.1603810659598279,1,-1
2025-01-01 07:36:40,1.8505739,13.768952,-2.3794723,14.095055,0.16034935301822706,1,-1
2025-01-01 03:11:20,1.4971236,12.574647,-0.7568984,12.686056,0.16031950318859878,1,-1
2025-01-01 01:53:45,-3.7098737,7.450897,1.5928636,8.474446,0.16030209249453012,1,-1
2025-01-02 11:52:15,-2.9551315,5.6824293,-1.2817311,6.531894,0.16028447561809578,1,-1
2025-01-02 18:38:40,-2.4757771,5.75707,-2.3482628,6.692359,0.1602752191611606,1,-1
2025-01-02 09:33:00,-0.3309446,12.947356,0.07034812,12.9517765,0.16027228778416056,1,-1
2025-01-01 12:24:55,-0.66505206,13.13227,-0.93946034,13.182617,0.16027201669990176,1,-1
2025-01-02 03:08:45,3.9434397,10.671815,1.5820051,11.486562,0.16026803981981066,1,-1
2025-01-03 10:35:25,0.024190448,7.1416,-3.4542596,7.9331546,0.16026275124117514,1,-1
2025-01-01 14:08:00,1.2825946,12.762777,-1.1843206,12.881621,0.16024708678548566,1,-1
2025-01-03 06:37:50,-3.6929054,12.867417,0.26870117,13.389555,0.16021362063205696,1,-1
2025-01-03 15:31:30,-0.17214307,5.9927077,0.8932757,6.0613627,0.16019147188979957,1,-1
2025-01-01 13:47:40,1.8605632,6.833366,0.004347944,7.082133,0.16018988422583505,1,-1
2025-01-01 16:13:35,2.2500823,13.80373,1.1433985,14.032577,0.16015910181978119,1,-1
2025-01-02 10:40:10,-3.294371,8.896419,2.0049,9.696327,0.16015709355788058,1,-1
2025-01-03 10:19:35,-2.0721548,9.347331,1.3726219,9.672152,0.16015495061054574,1,-1
2025-01-02 20:36:30,0.95626056,7.953689,2.1214268,8.287102,0.1601272898983742,1,-1
2025-01-02 07:01:15,0.8593344,8.84439,1.3144958,8.9827385,0.16011559089186617,1,-1
2025-01-01 14:23:00,3.5303986,11.640635,-0.7570852,12.187751,0.16011522935454126,1,-1
2025-01-03 01:14:40,2.4624872,8.559306,2.2630737,9.189508,0.16004882984323923,1,-1
2025-01-01 11:26:05,-0.29962936,12.812943,0.24102978,12.818713,0.16004316364476123,1,-1
2025-01-01 21:52:20,0.766791,5.843869,-0.7742523,5.9445977,0.16003829268739647,1,-1
2025-01-03 00:30:50,3.1526825,5.278792,1.2067927,6.265892,0.1600296746999836,1,-1
2025-01-02 18:00:20,2.4913645,8.770717,0.508717,9.131876,0.16002486732761753,1,-1
2025-01-03 20:57:35,-2.3904035,7.7393427,1.7176598,8.280206,0.16002184694621077,1,-1
2025-01-02 14:46:25,-3.8928127,11.0419,-1.625864,11.820362,0.16002104680282084,1,-1
2025-01-03 09:15:40,-2.1580935,12.907517,-3.3199008,13.501226,0.1600186332087214,1,-1
2025-01-03 08:10:30,-3.7028027,9.827243,-0.938665,10.543554,0.16001667678441753,1,-1
2025-01-02 13:11:25,2.7837873,5.268757,-2.6736557,6.5312867,0.15998613418788615,1,-1
2025-01-03 02:25:30,0.10108665,7.3229656,-3.3773122,8.064879,0.15991366147907418,1,-1
2025-01-03 14:09:30,0.7791698,5.5227375,-1.817614,5.8661275,0.15991092605180915,1,-1
2025-01-03 15:29:40,2.8404882,9.185635,-1.4802217,9.728068,0.15990110678591446,1,-1
2025-01-02 05:37:30,2.257601,7.4111633,-3.5894067,8.538498,0.15989475531061664,1,-1
2025-01-03 17:31:30,3.5096068,10.901644,-0.7536234,11.477418,0.15985760656769016,1,-1
2025-01-03 11:06:35,0.74654216,13.675411,1.725254,13.80401,0.15985308242494417,1,-1
2025-01-03 18:01:10,1.2436688,6.330508,2.4147167,6.8886065,0.15983263165674283,1,-1
2025-01-03 19:00:15,0.08161192,6.087617,1.004021,6.170397,0.1598312255624391,1,-1
2025-01-03 18:09:10,-2.6261685,10.341673,-0.1534028,10.671011,0.15982301785426806,1,-1
2025-01-01 15:31:45,3.2084017,12.101802,-1.3182652,12.589093,0.15981419425343982,1,-1
2025-01-02 08:29:00,-0.7334408,12.329351,-0.20878401,12.352912,0.1598141156707064,1,-1
2025-01-03 12:17:15,-0.91566414,5.4235635,1.517057,5.7056937,0.15979960798430864,1,-1
2025-01-02 15:53:50,0.8172325,12.513555,-1.6412739,12.6471615,0.15979751919504692,1,-1
2025-01-03 06:06:30,2.701693,8.594707,-0.88696384,9.052891,0.15976543618657357,1,-1
2025-01-03 12:59:00,-1.3222399,6.809152,-3.119531,7.605547,0.15975477172740135,1,-1
2025-01-01 03:56:40,-3.1349318,9.174879,-2.0859053,9.91752,0.15975138538431624,1,-1
2025-01-01 19:54:30,-1.527732,6.371209,0.2258976,6.5557075,0.15970786531838557,1,-1
2025-01-02 19:51:55,-3.6979167,10.748624,-2.753183,11.69562,0.15969610091991313,1,-1
2025-01-03 09:27:40,-3.0847244,8.399941,2.2556443,9.228352,0.15968824816341537,1,-1
2025-01-01 14:54:10,0.4543053,13.657249,-0.30023217,13.668101,0.15966955287894877,1,-1
2025-01-01 05:02:00,-1.3824275,9.187332,-2.6345441,9.65707,0.1596450552153865,1,-1
2025-01-01 08:41:50,-2.1368651,11.808402,-2.7395773,12.308933,0.15961040358609135,1,-1
2025-01-01 20:09:50,2.9220765,11.045376,2.1202579,11.620429,0.1596028887977607,1,-1
2025-01-03 12:03:55,-0.6014683,13.089363,0.1622499,13.104179,0.15955503052209333,1,-1
2025-01-01 17:44:45,-1.7033294,13.229372,1.3053575,13.402298,0.1595456468932291,1,-1
2025-01-03 01:18:45,0.750212,7.8199177,2.0779078,8.125985,0.15953747873106724,1,-1
2025-01-02 20:29:45,3.48327,9.169448,-1.9924707,10.00909,0.15953549039246395,1,-1
2025-01-01 12:13:10,-2.638998,11.188257,1.1825016,11.55594,0.15949417979345354,1,-1
2025-01-02 02:21:35,-3.7847393,8.787808,-0.24616861,9.571334,0.1594791739509533,1,-1
2025-01-01 20:10:05,2.7709923,7.3818355,1.8448776,8.097744,0.15947256506512852,1,-1
2025-01-02 15:46:50,0.42478684,7.9183483,-3.3579867,8.611432,0.15946894969902028,1,-1
2025-01-03 04:50:10,-3.9669294,10.73181,1.1394138,11.49811,0.15946188436417416,1,-1
2025-01-01 17:49:15,-3.687699,12.179449,-6.1015494e-06,12.72549,0.15944445111889977,1,-1
2025-01-01 19:06:00,-0.78813124,13.385748,0.20666064,13.410522,0.1594421080934593,1,-1
2025-01-01 11:43:10,-2.5223987,8.88823,1.3496372,9.337273,0.15942017571517123,1,-1
2025-01-03 01:38:05,2.5509896,13.646264,-2.4569805,14.098398,0.15940825280246348,1,-1
2025-01-01 17:36:00,-2.4193652,7.767951,2.026365,8.384542,0.15937336405895808,1,-1
2025-01-03 17:37:20,3.6011548,8.145456,-1.8026545,9.086602,0.15936096076400147,1,-1
2025-01-03 00:55:45,-0.33209777,7.384459,-2.7298925,7.879901,0.15934720042786127,1,-1
2025-01-01 15:52:30,-1.2813787,7.860209,-2.895013,8.473838,0.1593218385402639,1,-1
2025-01-02 08:38:55,2.884561,7.372049,0.48152348,7.9309306,0.1592879242386033,1,-1
2025-01-01 16:28:35,-3.0564978,13.771565,0.78836375,14.128684,0.15927172381848229,1,-1
2025-01-02 06:28:00,1.0579921,6.7621274,-1.0300394,6.9214664,0.15927138328294432,1,-1
2025-01-01 23:57:55,2.2034266,8.956258,1.9559499,9.428434,0.15926691157316572,1,-1
2025-01-01 21:35:10,3.1075325,12.417662,-0.23731454,12.802789,0.15926110116666978,1,-1
2025-01-03 13:37:45,-4.070401,11.315305,-1.9553211,12.183085,0.15922438972025202,1,-1
2025-01-02 11:28:40,-1.3413548,11.467541,1.7677572,11.680269,0.1592242621500138,1,-1
2025-01-02 15:07:20,-3.9754941,9.446171,-1.6758012,10.384748,0.15921449778400226,1,-1
2025-01-03 04:08:10,1.2737702,13.048478,-0.9034701,13.141596,0.1592054401851919,1,-1
2025-01-01 23:56:40,-2.8567612,9.378231,-0.55562335,9.819421,0.15919811256100092,1,-1
2025-01-02 18:02:00,-3.508945,8.878906,-1.7352281,9.70354,0.15915880621022477,1,-1
2025-01-01 01:10:35,-3.508882,14.027524,-0.17903896,14.4608345,0.15912521568371585,1,-1
2025-01-02 08:10:25,-1.374812,12.801268,-0.30152854,12.878411,0.15910636687430832,1,-1
2025-01-03 17:14:35,-3.0181532,13.655005,0.89144737,14.012961,0.15910470306753902,1,-1
2025-01-02 00:38:05,2.3809123,7.829389,1.8353469,8.38669,0.15908890628808808,1,-1
2025-01-03 04:51:55,-1.4772223,6.451354,-2.4797945,7.06764,0.15905680499178745,1,-1
2025-01-01 22:29:55,-4.018122,9.83717,1.4191775,10.720508,0.15905477080113153,1,-1
2025-01-02 08:45:35,0.28214365,13.687052,-3.0395567,14.0233345,0.15903233949703768,1,-1
2025-01-03 16:47:40,-1.3587693,10.208356,1.4981203,10.406784,0.15901057733686208,1,-1
2025-01-02 03:15:55,-4.112438,6.461672,0.81145525,7.702195,0.15900883481461486,1,-1
2025-01-02 03:31:50,0.6211018,11.377039,1.7401854,11.526102,0.1589857721604844,1,-1
2025-01-02 18:28:35,3.710117,12.338693,-0.781628,12.908108,0.15896917067177738,1,-1
2025-01-02 09:26:35,1.2930241,13.833146,-1.5734503,13.982259,0.1589519550359787,1,-1
2025-01-02 02:53:50,1.4929444,9.720196,1.9231068,10.020451,0.15886517495190797,1,-1
2025-01-01 13:26:50,-1.8396089,13.902085,-2.7999785,14.30007,0.15884219729762292,1,-1
2025-01-02 03:58:20,-4.026273,9.495593,-3.0938923,10.767978,0.1588304412122122,1,-1
2025-01-03 09:49:55,-1.7446637,13.4563,-2.5449812,13.805534,0.15882334824719999,1,-1
2025-01-01 20:51:15,1.8018731,8.611368,2.0214674,9.027111,0.15881792792927638,1,-1
2025-01-01 23:20:50,-3.6472836,9.939108,1.7427083,10.729659,0.15877982379564218,1,-1
2025-01-02 13:03:00,3.1641152,11.193529,-1.8886629,11.7844715,0.15877687005083838,1,-1
2025-01-02 17:42:20,-2.7094498,13.82947,-0.6155816,14.105824,0.15872648023493854,1,-1
2025-01-02 17:40:25,-3.3288887,14.039658,-1.0783821,14.469152,0.15870512976496348,1,-1
2025-01-03 21:06:45,-0.8498995,12.806194,-0.3893574,12.84027,0.15870472881175807,1,-1
2025-01-02 12:11:30,-0.37961984,12.561894,2.0398345,12.732094,0.1586910102116234,1,-1
2025-01-03 05:07:20,3.7374792,9.268358,0.06554079,9.993773,0.15865808160208578,1,-1
2025-01-01 20:17:35,2.9116473,5.5770516,-1.6978041,6.51642,0.15865767875442086,1,-1
2025-01-02 12:58:15,2.1598132,6.0201907,-1.0866226,6.4875445,0.1586343154660162,1,-1
2025-01-03 00:10:45,-1.3636662,6.817544,-3.1341298,7.626353,0.15859167147107714,1,-1
2025-01-01 12:58:30,-3.5981126,9.697582,-1.2523758,10.419115,0.15856710347690325,1,-1
2025-01-03 19:56:35,-0.62071913,12.580804,-0.30098006,12.599703,0.15856248209365353,1,-1
2025-01-02 13:09:40,-3.5047731,7.7867594,-1.6551031,8.69807,0.15855898351898629,1,-1
2025-01-02 06:18:10,0.53765,13.771325,-0.24017718,13.783909,0.15855346329772285,1,-1
2025-01-03 18:33:25,-3.4713125,7.902697,-0.5728371,8.650478,0.15852713336487895,1,-1
2025-01-02 09:16:10,3.6285381,10.25801,-2.3409498,11.129829,0.15851113929221675,1,-1
2025-01-01 17:13:20,1.5302429,5.418595,1.5343852,5.8358507,0.15850156466018692,1,-1
2025-01-02 23:33:55,-0.8353455,5.8232727,-2.7262008,6.483863,0.15849572602619208,1,-1
2025-01-02 13:54:50,2.9306014,10.453575,0.87853765,10.892083,0.15848237586877056,1,-1
2025-01-02 20:46:40,1.4798174,13.823862,1.0263424,13.940675,0.15848221624870612,1,-1
2025-01-03 00:34:00,-1.5305388,9.610874,-3.0685215,10.204278,0.15845835595645105,1,-1
2025-01-01 08:46:45,2.8811438,11.127614,-1.073831,11.544604,0.15845484164056153,1,-1
2025-01-01 08:28:35,0.46367544,7.7023296,1.3381373,7.8314424,0.1584532533821638,1,-1
2025-01-02 23:19:25,2.5704067,10.966286,-3.1847382,11.705083,0.15842242073446333,1,-1
2025-01-01 11:02:30,2.8674304,10.896808,-1.3644993,11.350085,0.15842134407569036,1,-1
2025-01-03 03:52:20,3.2841976,6.4766912,-0.63447183,7.289447,0.15836136139125528,1,-1
2025-01-03 07:52:05,-3.9488006,7.180171,0.8847715,8.242008,0.15835508526227673,1,-1
2025-01-03 18:40:05,-3.6469119,10.469597,-1.813569,11.233942,0.15834174703641987,1,-1
2025-01-01 19:42:25,-3.862406,10.902808,0.37952194,11.572962,0.1583275034898948,1,-1
2025-01-02 17:30:45,-1.623568,6.7433214,-0.5723059,6.95959,0.15832231918919196,1,-1
2025-01-02 20:22:25,-2.4063318,8.008643,1.2741728,8.45886,0.15830659983283782,1,-1
2025-01-02 10:32:40,-4.0841174,10.666289,-3.0536027,11.822616,0.1582573891612553,1,-1
2025-01-02 15:06:35,-2.7713547,9.035443,-0.32554018,9.456512,0.15822868245401173,1,-1
2025-01-03 03:45:25,-2.7314873,8.825576,-1.6097825,9.377804,0.1582242836598398,1,-1
2025-01-02 08:54:00,2.7926779,11.677561,0.097470246,12.007248,0.15822138133953276,1,-1
2025-01-01 16:07:45,-3.334869,11.418941,-0.32986414,11.900519,0.15820933982445926,1,-1
2025-01-01 01:39:30,2.6920252,9.402118,-0.054028384,9.780068,0.1581863706090326,1,-1
2025-01-03 06:29:20,-0.17819883,12.454565,-0.82208294,12.48294,0.15816376397182985,1,-1
2025-01-01 05:41:15,-2.3366203,9.943177,2.0632133,10.420337,0.15812289690191025,1,-1
2025-01-02 10:57:00,1.201894,5.7141285,-2.7096095,6.4372196,0.1581177091068472,1,-1
2025-01-01 11:43:40,0.8328351,7.4412947,-3.2230368,8.15196,0.158115472977323,1,-1
2025-01-03 20:17:35,-2.5903242,8.26416,-3.7327363,9.430771,0.15811433053822005,1,-1
2025-01-02 15:27:40,3.282383,9.40884,-2.1289234,10.18983,0.15809992950327809,1,-1
2025-01-02 22:41:05,-3.2981741,13.65242,0.5535761,14.056066,0.15808061236840537,1,-1
2025-01-01 11:53:25,-3.1478183,6.6785665,-1.2094432,7.4816284,0.15807948551095422,1,-1
2025-01-02 01:05:20,-3.1452143,8.516116,-0.9100383,9.1238575,0.15807287106876444,1,-1
2025-01-03 17:39:30,-3.0198288,10.142383,0.13000266,10.583203,0.1580351387441502,1,-1
2025-01-02 05:12:00,-2.2022488,11.038885,1.3226485,11.333856,0.15802075147825553,1,-1
2025-01-02 10:16:40,1.5829488,5.312705,-0.4709063,5.5634804,0.15801961085761926,1,-1
2025-01-01 00:38:45,-1.6057256,5.7018147,-1.4957185,6.1095185,0.15801703731156094,1,-1
2025-01-02 19:36:15,2.180252,7.377556,2.2253618,8.008374,0.15801218090931593,1,-1
2025-01-01 03:02:45,3.549,11.404409,0.17828348,11.945197,0.1579712810510939,1,-1
2025-01-02 21:40:40,2.8551264,9.157698,-1.4956727,9.708358,0.15795277921545323,1,-1
2025-01-01 07:33:40,2.5635235,13.290601,-0.65954053,13.551632,0.15793800701692665,1,-1
2025-01-01 10:26:50,3.699508,9.325704,0.23095244,10.035359,0.15792227617720994,1,-1
2025-01-02 01:42:50,-1.6759697,5.515658,-2.3928201,6.24155,0.15791824119135317,1,-1
2025-01-03 05:00:25,3.844914,8.698053,1.0048324,9.562907,0.1578624751405731,1,-1
2025-01-02 05:50:30,-0.7167032,5.7481027,-2.7457552,6.410423,0.15782379276164354,1,-1
2025-01-01 06:24:25,1.4674352,7.8048177,-2.8351634,8.432479,0.15781880548721822,1,-1
2025-01-02 23:54:30,1.1844838,12.490075,2.3852491,12.770842,0.15780503933307652,1,-1
2025-01-01 18:05:45,0.16413061,12.255043,-3.1944506,12.665604,0.1577745784562945,1,-1
2025-01-01 09:05:30,-4.1217375,7.9191484,0.047433134,8.927703,0.15775848127397193,1,-1
2025-01-03 01:37:50,-1.4871047,6.22185,0.3149526,6.404849,0.1577584055987124,1,-1
2025-01-01 11:23:10,-1.1225613,8.870788,2.077051,9.1796055,0.15774696332253157,1,-1
2025-01-03 04:24:10,-1.9763535,7.351945,-2.7084177,8.080383,0.15772904830902884,1,-1
2025-01-03 13:10:05,1.315046,13.336361,0.17697178,13.402208,0.15770313886699733,1,-1
2025-01-02 01:07:25,-2.3107948,14.022559,-3.0100935,14.526961,0.1576791125676871,1,-1
2025-01-01 10:43:40,-1.2641275,7.9524026,-3.2224844,8.673127,0.15764934694825833,1,-1
2025-01-01 04:01:15,-0.8151556,8.233465,-3.784281,9.098088,0.1576380469133083,1,-1
2025-01-02 10:22:15,2.5596478,11.954616,-2.034651,12.393725,0.15761442339363219,1,-1
2025-01-03 08:26:10,1.0288895,12.5047865,2.18016,12.735046,0.15760232481596106,1,-1
2025-01-01 15:31:50,-3.0040581,9.564576,-3.6103249,10.655512,0.15759125444061636,1,-1
2025-01-02 17:57:50,-0.37439686,11.435273,-3.1982782,11.88001,0.15757931339377562,1,-1
2025-01-02 02:01:15,-2.117497,11.154651,-3.3202255,11.829367,0.15754861113528176,1,-1
2025-01-01 08:31:40,3.8925457,7.78365,-0.24061279,8.706033,0.15754161220781449,1,-1
2025-01-01 15:57:55,-1.1109477,13.049162,0.88520354,13.126249,0.15754079315251782,1,-1
2025-01-01 09:33:45,1.274027,13.259635,-1.2375454,13.378063,0.15751972649654342,1,-1
2025-01-01 09:50:20,2.996904,14.032086,1.0912986,14.38999,0.15749432683503092,1,-1
2025-01-01 02:17:25,3.979285,10.51697,1.411136,11.332813,0.157465421391483,1,-1
2025-01-01 08:56:25,-2.861733,7.793412,-2.0238328,8.545331,0.1574610344439045,1,-1
2025-01-02 06:05:30,-2.8435287,10.196795,-1.6179613,10.708786,0.1574599613190298,1,-1
2025-01-03 16:51:40,-0.23307146,9.323,-3.1084485,9.830316,0.1574493854634559,1,-1
2025-01-01 06:14:40,1.7764128,7.823151,2.2803361,8.3401,0.15744158854835233,1,-1
2025-01-03 17:12:25,-3.220764,9.994412,2.4053602,10.772529,0.15744070642052918,1,-1
2025-01-03 19:43:25,-3.833828,9.159558,-1.6761123,10.070009,0.15742006270565123,1,-1
2025-01-02 08:04:30,-2.443629,11.445093,-3.1149473,12.110507,0.1573897309547777,1,-1
2025-01-01 06:28:10,3.58396,10.758993,1.4411467,11.431431,0.1573477950388874,1,-1
2025-01-01 01:23:30,-0.010637165,10.524877,-3.262859,11.019047,0.157342988695576,1,-1
2025-01-01 03:39:55,-3.0060933,12.17173,-1.3912485,12.614404,0.1573273737719497,1,-1
2025-01-02 10:06:55,-3.3110418,11.163443,-0.32177436,11.6485615,0.15730018703721227,1,-1
2025-01-02 17:42:35,3.9423513,5.7844906,-1.7808564,7.223151,0.15727651601421874,1,-1
2025-01-02 03:42:10,2.0013585,8.894815,-3.4459422,9.746676,0.15727452216547702,1,-1
2025-01-01 11:33:20,2.6643357,7.5795383,-0.995069,8.09557,0.15719267680498403,1,-1
2025-01-01 05:06:50,-1.6784267,9.580394,1.4879017,9.839457,0.15718817836118093,1,-1
2025-01-02 17:25:15,1.8564484,5.9618645,0.28701282,6.2508082,0.15716837216344987,1,-1
2025-01-03 11:52:20,1.1830995,9.678293,-2.9887002,10.198109,0.15712234604888356,1,-1
2025-01-02 10:54:00,2.814415,9.17488,0.24272974,9.59991,0.15712157134889204,1,-1
2025-01-01 04:37:05,2.9897227,5.8945017,-1.0250531,6.6883726,0.15710804974709405,1,-1
2025-01-01 13:30:00,2.7533517,6.008162,-2.2183316,6.9713664,0.1571013488809014,1,-1
2025-01-02 07:03:35,0.76716447,12.855384,-2.0937963,13.047354,0.15707880655969614,1,-1
2025-01-02 02:51:50,-0.64731896,5.605094,0.21471024,5.6464324,0.15707148430163892,1,-1
2025-01-01 09:47:35,-3.1673038,8.457784,-0.9481172,9.081016,0.15706262935534845,1,-1
2025-01-03 09:23:15,-2.2425787,11.653095,-2.9899962,12.237805,0.15706162917481536,1,-1
2025-01-01 03:00:45,-2.8053625,5.7056837,-0.48913497,6.376844,0.1570573310415926,1,-1
2025-01-01 22:10:35,0.7417324,13.391944,0.30360633,13.415905,0.15705314686998145,1,-1
2025-01-01 20:11:35,3.4876895,9.824099,-3.0863729,10.872102,0.15703125153965586,1,-1
2025-01-01 23:31:00,-0.75462383,6.170947,-1.1275104,6.3183327,0.15702548551622586,1,-1
2025-01-02 14:23:50,-0.6874524,5.400619,-0.30268952,5.452605,0.1569935197221241,1,-1
2025-01-03 14:32:05,3.597647,11.358459,-2.5093093,12.175972,0.15696207496139064,1,-1
2025-01-01 21:43:25,1.1104059,12.972152,2.3134484,13.223531,0.1569400134037669,1,-1
2025-01-03 08:35:05,-2.8566105,9.494791,-1.1193521,9.978188,0.1569325118642317,1,-1
2025-01-03 18:13:15,-0.003687193,7.3627634,-3.5575416,8.177188,0.15690828766461265,1,-1
2025-01-01 05:27:45,-0.7509987,5.985017,1.5020753,6.216161,0.1568727824410331,1,-1
2025-01-03 03:20:25,-2.703439,11.317968,-0.39667112,11.643124,0.15686072258722208,1,-1
2025-01-02 13:24:45,-0.12648495,9.764924,1.9020103,9.949241,0.15684836953774406,1,-1
2025-01-02 20:18:45,-2.5771914,13.514512,-0.300353,13.761329,0.15684583524477663,1,-1
2025-01-02 23:07:30,3.997055,12.236809,-1.3811468,12.94695,0.15682643412950317,1,-1
2025-01-02 07:35:05,-1.7530437,10.942462,-3.3275921,11.570805,0.15682560927058095,1,-1
2025-01-02 03:51:40,2.7458591,10.073323,0.77541065,10.469615,0.15682426367173385,1,-1
2025-01-02 07:16:50,1.0947148,9.418922,-3.203375,10.008802,0.1567916350382201,1,-1
2025-01-02 14:46:10,3.6259077,8.628142,-3.0569212,9.84565,0.1567793864023713,1,-1
2025-01-01 09:20:25,0.32693192,13.4757395,0.115196355,13.480197,0.1567478974751216,1,-1
2025-01-02 21:56:20,-3.6854303,7.1934857,-2.7363405,8.53324,0.15673814463925761,1,-1
2025-01-01 04:26:35,3.0816565,10.507449,0.6706669,10.970546,0.15672342749602536,1,-1
2025-01-02 04:28:25,-1.8961363,6.063828,-3.188677,7.108657,0.15671894572523834,1,-1
2025-01-03 06:19:50,-1.866536,13.055565,1.9146078,13.32657,0.1566475726257332,1,-1
2025-01-01 13:05:10,0.17099234,5.758443,1.5963917,5.978074,0.15661365259926305,1,-1
2025-01-01 16:37:40,1.8467087,11.6670265,-2.7423031,12.126421,0.15661245527975678,1,-1
2025-01-02 16:08:50,3.4387345,11.21791,-2.330774,11.962396,0.15658659816411802,1,-1
2025-01-01 17:14:55,1.3188171,10.119304,1.9001763,10.380282,0.15657920282037946,1,-1
2025-01-01 21:55:55,0.57107615,10.602078,-3.00338,11.0340605,0.15657775495429635,1,-1
2025-01-03 13:01:10,-3.3093734,12.939362,-0.5164122,13.365841,0.15654955901771683,1,-1
2025-01-01 00:58:40,0.8256178,7.8166995,1.4648287,7.9955087,0.1565321166586567,1,-1
2025-01-03 11:58:55,-1.7358371,8.355331,1.4515473,8.656308,0.15652031966843885,1,-1
2025-01-03 11:28:55,-1.8443314,7.5554495,1.6100045,7.942197,0.15648553421937628,1,-1
2025-01-02 23:49:40,1.994392,7.1654325,1.6206335,7.6123238,0.15645554986632326,1,-1
2025-01-03 10:09:45,2.8441167,13.349446,-0.68617064,13.666292,0.15641389617430349,1,-1
2025-01-02 10:35:40,-2.8677206,11.579557,-2.0769298,12.108824,0.1563985376565714,1,-1
2025-01-01 15:08:55,0.13977782,10.373288,-3.177094,10.849819,0.15638194934488503,1,-1
2025-01-01 02:42:15,-0.10230669,9.1794,2.416906,9.492803,0.1563814436786408,1,-1
2025-01-02 20:53:55,-1.9587375,7.3449745,-2.7016144,8.067467,0.15636682127316046,1,-1
2025-01-02 23:51:25,3.986564,5.91774,-2.5748696,7.585664,0.15636509576005914,1,-1
2025-01-01 05:25:05,-0.9548225,12.690308,-0.471534,12.734911,0.1563514599908619,1,-1
2025-01-01 10:51:05,3.1889982,10.323212,-1.1023954,10.860649,0.1563430645523486,1,-1
2025-01-01 06:22:10,3.6819198,10.754076,-0.5326017,11.379383,0.1563404125091527,1,-1
2025-01-01 06:41:30,-3.7060196,10.335809,-2.4046485,11.240367,0.15633359122658447,1,-1
2025-01-03 00:47:00,2.472881,7.7670746,-1.0160568,8.214314,0.1563279168877878,1,-1
2025-01-02 21:54:15,0.10891209,7.4398417,-3.7088566,8.313767,0.15632588546116521,1,-1
2025-01-02 02:40:20,1.7999871,11.578975,-3.3881664,12.198045,0.15632536442328127,1,-1
2025-01-03 16:53:05,3.109294,8.409875,1.9988918,9.186363,0.1563180768345066,1,-1
2025-01-02 01:40:05,-0.40277135,12.367821,-1.6334337,12.48172,0.15630878880407165,1,-1
2025-01-01 13:38:10,3.5825002,13.047112,-0.4295041,13.536836,0.1563060394253649,1,-1
2025-01-03 15:09:10,1.6016879,6.1531415,-0.50117403,6.377909,0.15628616692252387,1,-1
2025-01-01 22:52:50,-0.5583447,9.555817,2.2427182,9.831336,0.1562853758350744,1,-1
2025-01-01 04:57:25,-0.6693837,6.9423656,-0.6670894,7.0063915,0.1562509393365419,1,-1
2025-01-03 19:04:25,-0.3966115,12.760107,0.044303853,12.766346,0.1562392739514425,1,-1
2025-01-03 16:21:20,2.8712447,5.954761,-0.13149074,6.612149,0.15623609947562178,1,-1
2025-01-01 11:49:05,0.5945157,7.1789513,1.9085711,7.452076,0.1561911493753648,1,-1
2025-01-03 07:40:30,-0.9412323,12.521178,0.24174929,12.558832,0.15618243182176303,1,-1
2025-01-02 21:27:05,2.4062629,5.3300605,1.0897485,5.9487143,0.1561821861649771,1,-1
2025-01-02 00:07:35,1.8871814,12.372691,0.7791532,12.540016,0.15616398833346026,1,-1
2025-01-02 09:34:15,-1.1387459,10.699675,1.9124823,10.9287405,0.15613736781703566,1,-1
2025-01-02 09:08:25,1.267393,9.210691,1.8287029,9.475615,0.1561319761819037,1,-1
2025-01-01 07:21:50,-3.826155,9.485726,1.688733,10.366788,0.15611430669450732,1,-1
2025-01-01 22:57:55,-3.6677957,7.3668356,-1.9909295,8.466805,0.1561139857053417,1,-1
2025-01-03 04:35:30,2.347621,9.655891,1.4724942,10.045686,0.1561051247085649,1,-1
2025-01-01 11:03:50,3.3766854,5.217223,1.4876972,6.3902006,0.15608306052264695,1,-1
2025-01-01 08:57:00,1.476605,12.855143,-3.2814188,13.34926,0.1560644373416419,1,-1
2025-01-03 18:19:30,-1.5245986,5.8045025,-1.2633762,6.132925,0.15604009539166974,1,-1
2025-01-01 16:51:15,0.005120799,6.3398824,0.33163133,6.3485518,0.15602772072479001,1,-1
2025-01-01 00:37:55,-2.9259505,8.081982,-0.7453417,8.627581,0.15598614038603328,1,-1
2025-01-01 09:01:45,3.6630192,8.822598,1.2604839,9.635599,0.15598454933253536,1,-1
2025-01-02 09:11:35,-4.05917,6.7292995,0.23691455,7.8623447,0.15596872582617538,1,-1
2025-01-02 00:39:50,-2.3046417,9.976314,1.6774915,10.375557,0.15596599534237768,1,-1
2025-01-02 05:51:30,-1.9097453,9.709322,1.3992333,9.9937935,0.15596053138258759,1,-1
2025-01-01 15:30:00,0.88607854,12.549201,-3.3798327,13.026545,0.15594274172605976,1,-1
2025-01-01 17:18:25,0.26047087,13.040463,-2.4193752,13.265553,0.1559424530139843,1,-1
2025-01-02 22:43:50,1.0954145,12.469708,-3.16365,12.911323,0.15594119270831702,1,-1
2025-01-01 22:48:00,-1.9347904,13.69695,-2.0427878,13.982948,0.1559231791199114,1,-1
2025-01-03 02:07:45,-2.3999205,6.4219384,-0.21870224,6.8592086,0.1559203268048082,1,-1
2025-01-01 09:48:20,1.9091078,8.051412,1.6213855,8.432011,0.15589101935854346,1,-1
2025-01-03 16:09:45,-1.7630734,5.57923,-2.3961508,6.322798,0.15587919524176766,1,-1
2025-01-02 05:28:25,-0.06479506,11.696129,2.4353442,11.947156,0.15585867136630172,1,-1
2025-01-02 00:53:05,-1.4885017,7.5260687,-2.6445293,8.114856,0.15585389270183928,1,-1
2025-01-01 03:36:05,0.60235643,10.111696,1.4417535,10.2317095,0.1558348106194861,1,-1
2025-01-02 00:11:55,-2.6610548,7.874977,-3.6018572,9.059241,0.15582585776867958,1,-1
2025-01-01 21:09:15,-4.141253,8.145818,-2.974506,9.609996,0.1558165174037552,1,-1
2025-01-01 16:49:35,-0.69018924,6.0502987,0.34956717,6.099563,0.1557651423456478,1,-1
2025-01-01 00:48:30,-2.0159523,6.2479925,-0.76819533,6.609962,0.15574242005697322,1,-1
2025-01-03 19:21:10,-0.05239888,5.220161,-1.4723446,5.4240785,0.1557298735498624,1,-1
2025-01-01 15:02:05,-0.5757239,7.5513563,2.1992216,7.886128,0.1557091026107439,1,-1
2025-01-02 20:10:50,-1.6716006,8.700974,-2.6271493,9.241381,0.15568139055859015,1,-1
2025-01-01 22:05:15,-4.018723,10.776165,-3.0832846,11.907246,0.15563871254077,1,-1
2025-01-03 15:07:40,-1.4721469,7.6457133,-3.4401746,8.512282,0.15562345427851262,1,-1
2025-01-02 07:43:50,-1.5221099,8.911622,-2.9399161,9.506679,0.15560881102335553,1,-1
2025-01-01 09:20:20,0.62002736,13.741475,1.7521539,13.8666,0.15560851247313306,1,-1
2025-01-03 03:57:55,3.1150272,8.463336,-2.4089606,9.334589,0.15560736917454812,1,-1
2025-01-01 00:40:30,1.567133,11.0081005,1.3392159,11.1994505,0.15549948559281565,1,-1
2025-01-01 22:14:45,1.4487801,8.565568,-3.7100956,9.446307,0.155492558322946,1,-1
2025-01-01 06:50:45,0.06637362,5.9242983,-0.63863164,5.9589906,0.15549098264241004,1,-1
2025-01-02 10:45:15,3.9293053,9.911475,-0.71881497,10.686134,0.1554855362801346,1,-1
2025-01-01 06:38:30,1.7495451,12.469989,0.8059034,12.617885,0.15547686095194427,1,-1
2025-01-01 22:19:25,3.6082296,8.464484,-0.6554674,9.224773,0.15543827796430446,1,-1
2025-01-03 02:17:45,-1.484885,12.654308,-3.0661466,13.104872,0.1554295693562853,1,-1
2025-01-01 05:04:40,-0.99009484,11.34123,-2.9448974,11.75909,0.15541448935335625,1,-1
2025-01-02 22:09:20,3.6275163,11.115272,-2.6904697,11.997782,0.1553913075659235,1,-1
2025-01-02 02:03:45,0.93269,10.7296915,1.6247106,10.89201,0.15533963160308784,1,-1
2025-01-01 11:31:25,-1.6148582,11.866396,2.1803186,12.172629,0.15532385149115543,1,-1
2025-01-03 10:44:40,-1.2579015,7.544877,2.1990013,7.9588375,0.15532365784089827,1,-1
2025-01-02 11:00:35,2.8670228,8.425999,-0.52388686,8.915813,0.15531468186662667,1,-1
2025-01-02 02:09:55,1.0725665,12.314015,-3.0492053,12.731184,0.15527907840942715,1,-1
2025-01-02 11:11:10,0.64045644,8.424105,1.8587351,8.65047,0.1552544954060972,1,-1
2025-01-03 13:21:10,-2.0650709,10.887995,1.3145641,11.159796,0.1552477410726733,1,-1
2025-01-03 04:33:25,1.4177172,12.961593,2.1261482,13.211105,0.1552353786158239,1,-1
2025-01-03 11:36:55,-3.2759838,7.769683,-0.77282727,8.467426,0.1552301854746446,1,-1
2025-01-02 11:58:50,1.6910294,10.349103,1.5624461,10.602111,0.15521690872883906,1,-1
2025-01-03 19:22:35,2.955995,13.509469,-1.8887327,13.95747,0.15521368462076607,1,-1
2025-01-03 13:09:40,0.041294325,12.80059,-3.5070438,13.272384,0.1552121169593234,1,-1
2025-01-02 19:53:50,1.2566258,6.6328063,-0.14165445,6.7522807,0.15520477925326023,1,-1
2025-01-03 07:03:25,1.3711088,10.007675,2.1883452,10.33549,0.155203529653928,1,-1
2025-01-01 09:14:10,-1.7111837,5.739065,-2.7828372,6.6037264,0.15519578144045665,1,-1
2025-01-02 17:33:10,-2.7514977,11.800534,-2.0628734,12.291411,0.15517807870767583,1,-1
2025-01-03 11:09:10,2.0603719,5.3424754,-0.33453152,5.7357726,0.15517746354641018,1,-1
2025-01-02 21:46:10,-2.3802748,5.98344,-2.0762722,6.7659564,0.1551726678564594,1,-1
2025-01-03 11:52:10,-2.7554364,12.1016,0.16312204,12.412403,0.15515371127602517,1,-1
2025-01-03 18:48:25,0.0070715216,6.5649114,-1.0426745,6.647201,0.15514395583553833,1,-1
2025-01-03 12:22:45,-2.6725292,13.147719,-1.1737471,13.467836,0.1551114347210607,1,-1
2025-01-01 21:19:10,-2.2897916,13.446689,-0.035383668,13.640302,0.15508047577991468,1,-1
2025-01-01 09:10:55,1.5349692,5.5708504,0.3341505,5.788105,0.15506812149584046,1,-1
2025-01-03 08:49:40,1.9017093,8.900873,-2.8115497,9.526114,0.1550447379500481,1,-1
2025-01-01 02:11:55,2.881682,10.932778,0.9601363,11.346876,0.15502663558257243,1,-1
2025-01-01 10:39:20,-3.3516526,8.14675,0.24254343,8.812602,0.15500288233789275,1,-1
2025-01-02 05:27:05,1.6947552,9.891429,-3.4773395,10.620944,0.15500227373347505,1,-1
2025-01-02 01:19:40,3.3839037,12.014738,-0.8709727,12.5125265,0.15498411988142402,1,-1
2025-01-01 03:21:45,-2.5538945,9.240315,-0.02518832,9.586784,0.1549830985630871,1,-1
2025-01-03 21:11:30,0.07763888,13.026033,-0.95262486,13.061052,0.1549803919055481,1,-1
2025-01-03 14:07:35,-3.4713993,10.435982,-1.745106,11.135786,0.15494769468786562,1,-1
2025-01-01 06:33:10,3.1041486,5.8347964,1.2812674,6.732179,0.15494415959345337,1,-1
2025-01-01 14:30:20,0.2550872,13.762506,1.8001863,13.882086,0.15494033407929383,1,-1
2025-01-01 19:40:25,1.2544467,6.0157948,0.04064355,6.1453295,0.15488377382087956,1,-1
2025-01-03 13:30:50,-1.9217962,8.59545,1.4583825,8.927594,0.15488324560880537,1,-1
2025-01-02 09:05:00,-3.290892,11.218935,-0.096223325,11.692038,0.15487474678472218,1,-1
2025-01-01 14:30:55,-3.686922,7.9851174,0.22180286,8.797994,0.15482990097631,1,-1
2025-01-02 12:19:25,3.7063432,9.435664,-2.852349,10.531127,0.15478383882043292,1,-1
2025-01-03 16:40:00,3.8994575,7.695634,-3.056804,9.152738,0.15477722978937208,1,-1
2025-01-03 01:27:30,3.0501256,14.0455675,0.5536123,14.383593,0.15471794755384116,1,-1
2025-01-01 01:02:55,-0.15968214,5.6762013,-1.9480419,6.003301,0.1547171529003063,1,-1
2025-01-02 13:19:55,2.579584,9.309402,-1.6940563,9.807602,0.15471660220335443,1,-1
2025-01-03 12:20:30,0.21565811,9.958049,-3.7044818,10.626966,0.15468364453447414,1,-1
2025-01-03 01:13:50,-0.85965955,7.89873,-2.5476396,8.343825,0.1546827957465726,1,-1
2025-01-03 09:14:10,-0.045578238,13.570361,-0.64335495,13.58568,0.154680336374817,1,-1
2025-01-03 01:03:05,-2.0638459,6.780936,2.1534986,7.407976,0.15466835129362982,1,-1
2025-01-03 06:02:30,-4.10203,10.969894,-1.140065,11.767115,0.1546562370288542,1,-1
2025-01-02 13:23:30,0.21409477,7.9882565,2.3855546,8.3396015,0.15465412729035397,1,-1
2025-01-03 11:45:50,-3.2413018,12.715752,0.76385975,13.144575,0.15465345320681442,1,-1
2025-01-01 23:15:30,-1.3142124,5.5198073,-0.18888156,5.677244,0.15463468256139964,1,-1
2025-01-03 10:18:55,2.6192453,9.791987,-0.25586176,10.139474,0.15462923457180455,1,-1
2025-01-01 17:22:15,2.4709742,11.768671,-3.3544617,12.48438,0.15462122608958417,1,-1
2025-01-03 10:52:50,-0.95715874,8.287825,2.1502042,8.615541,0.15461441111812632,1,-1
2025-01-03 09:56:20,-1.3962079,6.8618474,-2.427543,7.4112964,0.15460579816172673,1,-1
2025-01-03 00:19:25,-0.4515268,7.0413246,-3.6295092,7.934574,0.15456336794991238,1,-1
2025-01-02 17:30:15,-3.1711698,10.38517,0.63740027,10.87724,0.15456229522765674,1,-1
2025-01-03 04:40:50,0.9781059,12.947245,-1.7048843,13.09559,0.15454983951797907,1,-1
2025-01-03 12:09:45,3.453277,7.860029,-2.0265868,8.821125,0.15449136007850087,1,-1
2025-01-01 16:50:10,-4.1708555,11.351405,0.7041974,12.113891,0.15448160328959387,1,-1
2025-01-02 06:35:25,-2.8345852,6.7935796,2.2476964,7.6967354,0.15442087682317762,1,-1
2025-01-01 01:06:30,0.69943285,8.018336,-3.72676,8.869704,0.15439701321156735,1,-1
2025-01-01 11:53:15,-1.8365843,8.660422,2.1138153,9.101877,0.15438930438085569,1,-1
2025-01-01 09:09:25,1.2949293,13.108825,-2.9178612,13.491925,0.15438445115572477,1,-1
2025-01-02 13:55:00,0.9502933,8.685811,2.0003235,8.963686,0.15438049464644624,1,-1
2025-01-02 18:34:45,-0.24400288,11.05117,1.5028126,11.155553,0.15437699885960168,1,-1
2025-01-03 05:40:30,-0.94509023,8.050379,-3.2161398,8.720399,0.1543706468194021,1,-1
2025-01-02 09:09:05,1.6765858,9.78614,-3.744804,10.611459,0.1543583503066986,1,-1
2025-01-03 12:00:30,-2.0168781,12.436232,-1.5267768,12.69089,0.1543538201210211,1,-1
2025-01-03 06:43:05,3.4027982,6.657031,-1.3848186,7.603474,0.15435170233273635,1,-1
2025-01-03 02:04:55,2.8296497,8.341136,2.014085,9.035376,0.15433791703406788,1,-1
2025-01-02 00:10:30,-1.693405,12.989525,0.6684044,13.116483,0.1543319220678859,1,-1
2025-01-02 02:37:30,-0.53701365,5.889785,-0.106336154,5.9151716,0.15433089360896032,1,-1
2025-01-01 03:50:45,0.36194155,6.8730183,-0.94341826,6.9469,0.15429239173408293,1,-1
2025-01-03 17:40:00,1.8058819,5.8886037,-0.19814037,6.1624765,0.154289594799912,1,-1
2025-01-01 22:19:10,1.0963482,11.869817,-3.0829527,12.312559,0.1542870636849178,1,-1
2025-01-01 02:19:55,2.623288,13.881412,-1.4276655,14.199065,0.15424312957002864,1,-1
2025-01-02 05:55:50,3.7803793,9.204044,-2.1766422,10.185453,0.15423442697291176,1,-1
2025-01-01 23:28:55,1.521716,13.395762,0.7962652,13.50541,0.15422861146071823,1,-1
2025-01-03 14:46:00,-3.4688523,8.087559,-0.48405433,8.813391,0.15421438319965622,1,-1
2025-01-01 11:30:40,1.0310236,12.221509,1.533147,12.3603735,0.15420527164474496,1,-1
2025-01-02 01:24:30,-0.9183474,6.351916,-0.9783787,6.4921045,0.15419935081202932,1,-1
2025-01-01 11:44:50,0.549141,9.216007,1.5770957,9.366087,0.15418994006468678,1,-1
2025-01-01 05:50:40,-3.2404773,6.3797016,2.0764825,7.450709,0.15417605308279622,1,-1
2025-01-03 05:14:30,-0.53698385,13.063438,2.0727615,13.237753,0.15417517958567714,1,-1
2025-01-01 20:02:25,-2.7224417,5.2562714,1.3596474,6.0736084,0.15414381786562595,1,-1
2025-01-03 21:26:15,3.1585016,9.205116,-2.6990688,10.099271,0.1541288177124889,1,-1
2025-01-01 11:24:05,3.0485508,11.334631,-3.5937424,12.27528,0.15412791015725555,1,-1
2025-01-03 11:45:10,-1.9880563,11.139997,-2.7086592,11.635667,0.1541158917697758,1,-1
2025-01-03 02:49:05,-2.0501451,13.222251,-1.0243781,13.419403,0.15411297238098054,1,-1
2025-01-03 03:15:35,1.2508003,7.1301246,-3.734629,8.14559,0.1541060576420989,1,-1
2025-01-03 21:09:10,-0.29724258,5.7288566,0.8445876,5.7984033,0.15409518990819038,1,-1
2025-01-01 18:27:50,1.5532539,13.552958,-0.4380588,13.6487055,0.15407334606009213,1,-1
2025-01-01 17:13:40,-2.1912563,5.2383566,0.8603747,5.743016,0.15407048138598853,1,-1
2025-01-02 11:29:10,-1.4844236,13.589819,0.22913934,13.672571,0.15404174726282344,1,-1
2025-01-03 11:36:05,3.8995547,10.33409,1.2186286,11.112381,0.15401780268839832,1,-1
2025-01-03 10:31:05,2.118157,5.6390066,0.8835631,6.088158,0.15400419695716053,1,-1
2025-01-02 01:32:05,-2.8592184,12.491119,-3.565945,13.301096,0.15399934655340902,1,-1
2025-01-03 02:26:05,0.72812635,9.67554,2.3607545,9.98596,0.15398351710686928,1,-1
2025-01-02 12:31:55,-3.268076,12.760405,-0.6890545,13.190263,0.15397398377195542,1,-1
2025-01-01 18:59:45,-1.6879014,5.7760243,-0.53031915,6.0409193,0.1539574168410687,1,-1
2025-01-01 04:53:25,-1.6892138,8.220814,1.56401,8.537058,0.15394714182712885,1,-1
2025-01-02 09:52:05,-2.9657907,13.850137,-1.5256224,14.246043,0.1539427602466382,1,-1
2025-01-02 10:01:55,-1.8892449,9.945109,1.6407077,10.255065,0.15393167928343235,1,-1
2025-01-01 13:32:05,-1.0669835,13.99155,-2.180604,14.200598,0.1539197735604347,1,-1
2025-01-02 19:04:20,1.5754873,5.563223,-1.7788534,6.049457,0.15390614689935106,1,-1
2025-01-03 16:32:05,0.15386988,7.715866,2.2665234,8.0433445,0.1539040619011434,1,-1
2025-01-03 01:04:55,-1.4444498,11.947216,2.458679,12.282814,0.15387874394814008,1,-1
2025-01-03 21:08:50,-3.9385827,10.0588665,-1.1325624,10.861672,0.15387642368084264,1,-1
2025-01-03 18:48:35,-3.321471,11.871012,2.2880938,12.537481,0.15387623987246435,1,-1
2025-01-03 15:26:30,-2.2921143,9.600651,1.6527073,10.007883,0.1538691821780551,1,-1
2025-01-01 00:15:30,-2.4566636,5.2653604,-2.940918,6.512159,0.15385103500021383,1,-1
2025-01-02 08:55:10,0.35681847,12.477498,-0.6563019,12.49984,0.1538462488005792,1,-1
2025-01-03 05:09:50,-3.9818873,6.0108824,1.5618916,7.3773737,0.15382930437015832,1,-1
2025-01-02 05:36:25,-3.1254578,12.169342,-0.6199121,12.579573,0.15382696709395477,1,-1
2025-01-02 19:53:15,2.4087107,7.854749,-3.029718,8.756607,0.15381215601506695,1,-1
2025-01-01 03:48:25,-3.6922116,11.115009,-1.3486166,11.789598,0.15380852212584925,1,-1
2025-01-01 04:10:05,-2.7448611,7.674278,-1.3443236,8.260509,0.1537838781415211,1,-1
2025-01-02 07:49:00,1.2038168,6.586632,-1.0354118,6.7753205,0.15377396350118,1,-1
2025-01-02 16:07:35,-3.828155,9.911,-0.79728705,10.6545,0.15376200007955396,1,-1
2025-01-03 01:47:30,-2.6328776,10.906666,-1.9866567,11.394482,0.15373764862387346,1,-1
2025-01-02 16:28:50,-2.7968771,12.426192,-0.072028756,12.737267,0.15370736884296018,1,-1
2025-01-03 00:49:00,3.047301,11.269972,-0.5526309,11.687759,0.15368050433145491,1,-1
2025-01-02 21:09:40,-2.587708,11.376439,-2.3758914,11.906488,0.15366881244180627,1,-1
2025-01-03 08:44:55,-2.8930407,10.903038,-2.0727346,11.469182,0.15365479405082982,1,-1
2025-01-03 18:57:50,3.9148417,9.039278,-2.5596933,10.177749,0.15364941294626316,1,-1
2025-01-01 16:33:50,2.818164,6.8804264,2.2946687,7.781248,0.15364874390837552,1,-1
2025-01-02 20:49:15,-2.5403414,5.721455,-1.4535649,6.426604,0.15359048692887622,1,-1
2025-01-02 06:35:10,0.42536187,6.7351217,-0.81776685,6.797907,0.15358891186602833,1,-1
2025-01-01 12:35:25,2.4330773,13.515043,0.01597972,13.732316,0.15355840725676206,1,-1
2025-01-01 19:46:55,0.9520584,5.5871234,-3.097816,6.459011,0.15354165394398298,1,-1
2025-01-03 17:33:35,-1.1867652,6.3794785,-0.28712273,6.495275,0.1535113223060412,1,-1
2025-01-01 11:50:45,3.6109672,6.3661566,-2.4147136,7.7070017,0.15350656165568322,1,-1
2025-01-03 17:04:00,2.726876,13.840386,0.84082085,14.1314945,0.15350442372140596,1,-1
2025-01-03 05:56:45,-1.4755288,9.536481,2.0703216,9.869543,0.15343860471006146,1,-1
2025-01-01 22:25:25,-1.5233297,12.453952,0.4843718,12.556117,0.1534256684752202,1,-1
2025-01-02 02:51:20,1.0467196,5.3886304,-0.667309,5.5297613,0.15342402749244788,1,-1
2025-01-02 23:48:50,-1.0768019,14.008954,2.463848,14.264671,0.15337922239695034,1,-1
2025-01-02 04:38:50,-0.45864892,8.971645,-3.511767,9.645376,0.15337692154317953,1,-1
2025-01-03 05:25:45,-3.8808374,11.670617,-0.41146237,12.305832,0.15335250550229337,1,-1
2025-01-02 01:49:40,1.9944661,7.773559,-3.1738856,8.63016,0.15334132613846813,1,-1
2025-01-02 09:44:20,2.2213523,13.572129,-1.1253076,13.798675,0.15332174113666144,1,-1
2025-01-03 05:49:15,-0.2644701,11.064208,2.135233,11.271462,0.15331679066350437,1,-1
2025-01-02 09:09:20,-1.2101187,6.471208,0.86024326,6.6393476,0.15330060348104627,1,-1
2025-01-03 10:21:20,-1.3612081,9.909089,2.4529645,10.298542,0.1532999978391033,1,-1
2025-01-02 13:24:20,-3.3824468,8.990153,0.44028857,9.615491,0.15329660927094793,1,-1
2025-01-01 17:22:50,-0.4541992,6.9155397,-1.7950126,7.159124,0.15329455433087477,1,-1
2025-01-03 15:42:30,2.4512901,5.322048,-0.641901,5.894494,0.15328991406799206,1,-1
2025-01-01 18:02:45,1.2155467,6.809192,0.55226624,6.9388504,0.15328873057677708,1,-1
2025-01-01 15:53:55,-2.1474624,10.994562,2.164359,11.409489,0.15325381567252544,1,-1
2025-01-02 09:59:20,-2.906245,11.943645,-2.2288873,12.492592,0.15324893566135614,1,-1
2025-01-03 14:04:40,-3.250493,6.207146,0.7792287,7.049934,0.15324667894888533,1,-1
2025-01-02 04:01:40,-1.2189971,12.774876,-3.133708,13.209978,0.15322687819779812,1,-1
2025-01-03 20:51:00,1.7633781,8.029054,1.6520085,8.3847685,0.15321868614464568,1,-1
2025-01-02 00:04:50,-1.7021571,5.998067,-1.0870907,6.3289742,0.15312507023783006,1,-1
2025-01-03 00:18:10,3.4673402,10.632973,-0.883431,11.218868,0.15310767397720937,1,-1
2025-01-01 16:15:00,-1.0008237,13.045913,-1.5290211,13.173284,0.15309806249708632,1,-1
2025-01-02 06:21:10,-3.4625032,11.548971,0.68196386,12.076122,0.15307796801947396,1,-1
2025-01-02 20:23:35,1.7298355,11.6037035,2.1754785,11.931931,0.1530486944653325,1,-1
2025-01-03 15:00:50,1.8389305,5.9903383,-1.6155412,6.4711504,0.15299744495449688,1,-1
2025-01-03 01:14:10,-3.5105593,13.093114,-1.9331114,13.692719,0.15296595257226464,1,-1
2025-01-01 03:30:45,1.7754579,6.6403174,-2.4963367,7.312849,0.15294838276399508,1,-1
2025-01-03 04:32:15,-3.7483652,10.138929,-1.2471988,10.881343,0.1529284942969542,1,-1
2025-01-03 15:39:00,1.3828682,13.569232,-2.8920481,13.942751,0.15291935936160764,1,-1
2025-01-03 09:04:35,-3.3447928,11.978963,1.9606416,12.590763,0.1529132168080843,1,-1
2025-01-01 06:39:40,-2.2104337,5.977534,-2.8342602,6.974952,0.15290332179431784,1,-1
2025-01-01 18:22:25,-3.2733564,10.369038,-0.79803115,10.902691,0.1529029449569568,1,-1
2025-01-03 09:27:50,0.5549033,12.833677,-3.1508498,13.226453,0.15290113966686816,1,-1
2025-01-01 09:41:40,-3.6598864,11.667113,-0.9041978,12.261071,0.1528754114986977,1,-1
2025-01-01 17:12:20,3.6692848,9.661394,0.14510839,10.335727,0.15285089797017953,1,-1
2025-01-01 02:17:10,1.1601955,5.383944,-2.1919773,5.927704,0.15283645788085667,1,-1
2025-01-02 04:10:30,-0.63944006,11.01354,-3.0851321,11.455348,0.15282068140498306,1,-1
2025-01-03 06:53:55,-0.8849742,13.850964,-2.2981472,14.068186,0.1528077018391374,1,-1
2025-01-02 17:11:00,-0.2524401,12.402626,1.8994497,12.549771,0.15277096952107913,1,-1
2025-01-03 04:37:45,-0.52730054,13.06283,-1.1147417,13.120908,0.15276300717900945,1,-1
2025-01-02 09:58:20,3.5933545,7.746409,-3.068016,9.073686,0.15276144632209585,1,-1
2025-01-01 19:44:45,-0.65585315,13.10655,-2.029636,13.278976,0.15274860259607553,1,-1
2025-01-02 19:22:45,3.6600184,11.0234375,0.45631686,11.624119,0.15272212593279802,1,-1
2025-01-02 03:53:45,-0.6954319,8.40421,2.2886212,8.737972,0.15271393371992686,1,-1
2025-01-03 05:02:00,0.6296836,13.811679,-0.8688591,13.853298,0.15271083505230745,1,-1
2025-01-01 08:20:15,2.4393587,9.032717,-3.2927032,9.918787,0.15268389786829095,1,-1
2025-01-03 12:44:00,-0.6087415,6.60988,2.1608074,6.9807,0.15267898445300687,1,-1
2025-01-03 00:45:30,-4.080422,10.322565,-2.5802562,11.395741,0.15267692693856078,1,-1
2025-01-03 08:08:20,-0.1282671,12.027102,2.1369221,12.216141,0.1526592015203057,1,-1
2025-01-02 18:10:45,2.8046522,12.273131,0.81019616,12.615556,0.15260646278388124,1,-1
2025-01-02 07:55:00,-0.30042785,5.99745,-0.66729265,6.0419316,0.1525862082371065,1,-1
2025-01-01 15:11:50,-0.532206,6.2278194,0.50804037,6.271131,0.15258228364480805,1,-1
2025-01-02 21:38:35,-3.7343702,7.0972457,0.18955092,8.021991,0.15257247567467533,1,-1
2025-01-02 00:39:15,2.739897,13.428496,-1.2704589,13.763924,0.15255576339239543,1,-1
2025-01-03 07:33:05,-0.49988693,12.803113,-1.2644997,12.8751135,0.15254811846348915,1,-1
2025-01-03 00:25:25,-4.1628647,11.849433,-0.7864614,12.583998,0.15253296734047866,1,-1
2025-01-03 16:38:25,-3.629488,8.489879,-0.73815244,9.262618,0.15253121729753003,1,-1
2025-01-01 17:45:30,-3.3067558,6.401801,-1.3004291,7.3218036,0.15252011016968978,1,-1
2025-01-02 00:05:30,-4.0102215,11.621195,-2.2910886,12.505324,0.15249601680348016,1,-1
2025-01-02 16:43:35,-3.0158315,8.558183,-0.69692105,9.100738,0.15248953519867461,1,-1
2025-01-01 09:10:40,-1.5288846,6.694314,-2.6507766,7.3605666,0.15248041896535608,1,-1
2025-01-02 01:54:50,-1.3044999,13.025077,0.27955008,13.093224,0.15247547313072604,1,-1
2025-01-02 18:15:15,-2.9054778,9.24728,-2.107763,9.919509,0.15247213704915907,1,-1
2025-01-02 16:58:10,-3.5138907,7.964515,0.7363536,8.736312,0.15247166308141366,1,-1
2025-01-03 03:47:00,2.3773742,12.282077,-1.4376118,12.592381,0.1524601667304176,1,-1
2025-01-01 02:53:15,1.2725191,5.698972,-0.5851208,5.8685565,0.15243018717564422,1,-1
2025-01-01 08:58:35,-1.8915933,12.923094,1.6860877,13.169183,0.15242812960589078,1,-1
2025-01-01 10:57:05,0.28983396,5.815685,-1.967855,6.1464334,0.15241486669712662,1,-1
2025-01-02 20:53:20,-0.42392778,12.333559,-0.7746367,12.365131,0.15241191681882213,1,-1
2025-01-03 17:38:05,-0.79545105,11.005463,-3.5106664,11.579194,0.15239424960824993,1,-1
2025-01-02 05:15:10,2.4694955,12.31892,-1.4518206,12.647608,0.1523710756133968,1,-1
2025-01-02 02:19:20,0.36917207,5.4693203,-0.45133823,5.500314,0.1523656919900003,1,-1
2025-01-01 20:58:30,0.9651698,13.754955,-2.6673884,14.044405,0.15232244237415277,1,-1
2025-01-02 20:03:15,-2.669996,5.7725263,0.12678032,6.361369,0.15232068703880253,1,-1
2025-01-03 06:58:25,1.1991807,11.157963,2.3515577,11.46595,0.1523107588715662,1,-1
2025-01-01 13:49:00,3.7561173,9.378746,-1.2860111,10.184455,0.15229741874159422,1,-1
2025-01-01 12:09:45,-3.5938609,10.321269,-3.044904,11.345302,0.15229116940110912,1,-1
2025-01-03 11:01:55,1.3173156,13.764775,1.2164332,13.881068,0.15228340674859467,1,-1
2025-01-02 10:27:20,-3.7864585,7.103002,-0.048113994,8.049361,0.15227288744816717,1,-1
2025-01-01 05:24:05,3.5714474,9.487007,-2.5271025,10.447238,0.15224763876484587,1,-1
2025-01-02 01:37:05,-3.5645537,11.395217,-2.4068944,12.179908,0.15220954794387234,1,-1
2025-01-02 19:20:40,-1.0678805,9.855657,-2.9892247,10.354217,0.1522041145466215,1,-1
2025-01-02 10:19:05,1.7093182,13.082103,-1.1821858,13.24616,0.15214754343709092,1,-1
2025-01-02 21:51:00,3.1240258,9.596274,0.4000724,10.099905,0.15213605065928124,1,-1
2025-01-01 15:25:15,3.5863714,8.493693,-2.8425,9.648041,0.15213538291577466,1,-1
2025-01-03 04:23:50,1.1397799,13.790683,1.2264646,13.891949,0.15210627310773026,1,-1
2025-01-02 02:24:55,2.6120758,10.465518,2.0449529,10.9787,0.15210437891630738,1,-1
2025-01-03 03:02:50,-3.266936,5.306997,-2.474212,6.705133,0.1520790094531465,1,-1
2025-01-03 16:54:50,1.8253286,13.311503,0.26278007,13.438638,0.15203104703346024,1,-1
2025-01-03 06:15:50,0.12506737,6.3567176,-3.0584605,7.05533,0.15201964584643649,1,-1
2025-01-02 06:04:50,2.7454228,9.846419,-1.9244461,10.401577,0.15197513976268195,1,-1
2025-01-01 00:06:05,3.3700643,10.761051,-0.9161044,11.313567,0.15196442829868775,1,-1
2025-01-01 12:21:40,0.359404,8.670316,-2.625083,9.066124,0.15195440183729364,1,-1
2025-01-01 16:09:35,-0.702867,6.0890355,1.4478645,6.2981496,0.15191241632213046,1,-1
2025-01-01 13:16:00,-0.15435438,11.382216,-3.021208,11.777367,0.15189562218221747,1,-1
2025-01-01 20:19:55,3.5383928,7.4705772,-3.0259717,8.802628,0.15188645260912217,1,-1
2025-01-02 20:40:20,-1.3657608,9.274125,1.4670856,9.488258,0.15188237042011765,1,-1
2025-01-03 09:39:25,1.4854612,6.4565196,0.7331416,6.665639,0.15187541485952916,1,-1
2025-01-02 08:10:15,-3.6496897,11.053771,-2.8598804,11.986868,0.15187522689918503,1,-1
2025-01-01 19:42:55,-0.7638031,12.528034,-2.772321,12.853824,0.1518745824929563,1,-1
2025-01-01 12:38:55,-2.7673023,7.767656,-1.7094809,8.421209,0.15183928109964026,1,-1
2025-01-02 07:56:20,0.009792937,10.664627,1.9020714,10.832924,0.15182398567737485,1,-1
2025-01-03 13:31:20,-3.1252367,9.849483,0.86652327,10.36968,0.1518233482982022,1,-1
2025-01-02 01:13:35,-1.3678148,10.297296,-3.354709,10.916011,0.151790917282582,1,-1
2025-01-03 09:22:10,0.16275279,12.486327,1.9627812,12.640703,0.15178930250651865,1,-1
2025-01-02 20:32:45,2.443385,9.477082,-0.41038984,9.795592,0.1517802404439646,1,-1
2025-01-03 10:19:55,2.5313609,7.525388,-3.0024168,8.488448,0.15176817592764108,1,-1
2025-01-03 13:17:30,1.6302098,6.3388977,-0.74562967,6.5875015,0.1517299189811409,1,-1
2025-01-03 13:23:45,-3.634638,8.890722,0.08164841,9.605322,0.15172525534704412,1,-1
2025-01-02 16:17:45,2.5328476,9.48015,0.6194915,9.832209,0.15172203863612943,1,-1
2025-01-02 08:28:50,0.6120394,13.382148,-0.6822799,13.4135,0.15170829541105316,1,-1
2025-01-02 23:49:25,-2.4691138,5.2213397,-2.8173425,6.426222,0.15170121289508026,1,-1
2025-01-01 06:13:00,2.5854955,10.449649,-0.87396437,10.800174,0.1516997868310781,1,-1
2025-01-03 01:24:10,-4.1541033,10.0956135,-1.4619393,11.01432,0.15169822623779694,1,-1
2025-01-01 17:12:25,3.9753008,5.774957,-1.8755933,7.2574787,0.15168170018973298,1,-1
2025-01-01 01:16:35,1.3113005,13.71061,-2.5638618,14.009773,0.15167123531706825,1,-1
2025-01-01 19:14:05,-2.6210136,9.787706,0.43027917,10.141699,0.1516594070164876,1,-1
2025-01-01 12:57:30,-4.0080185,12.193205,-2.4168875,13.060619,0.15164171933812962,1,-1
2025-01-03 01:46:00,-3.1844049,9.747531,-1.0986485,10.313187,0.151636954367581,1,-1
2025-01-01 07:13:00,-3.4306703,8.469227,-1.025851,9.195089,0.1515851896757897,1,-1
2025-01-01 02:16:25,-3.3630455,7.9952097,0.5385671,8.690426,0.1515715199281701,1,-1
2025-01-03 18:39:00,1.2054734,9.916248,-3.0337563,10.439771,0.15156867620904363,1,-1
2025-01-03 03:36:25,0.9708458,13.512585,-2.9293268,13.860499,0.15153416878029508,1,-1
2025-01-01 15:01:55,0.2796047,13.567724,-0.040804297,13.570666,0.15152505698728153,1,-1
2025-01-02 23:36:30,0.29430735,6.380527,0.225889,6.391304,0.15151538816042356,1,-1
2025-01-01 14:18:35,-4.0841165,12.243764,-3.0078313,13.252804,0.1514952500514784,1,-1
2025-01-02 09:50:45,-2.5571327,6.171248,-0.5148304,6.6998715,0.15145170760978974,1,-1
2025-01-01 16:41:05,-0.014092586,5.32462,0.40102568,5.339719,0.15144757216225013,1,-1
2025-01-01 08:20:30,2.5930657,6.0246544,-3.7872362,7.573877,0.15144067515934995,1,-1
2025-01-01 00:40:15,2.9479418,9.21777,0.84782,9.714753,0.15143759521411365,1,-1
2025-01-01 14:01:45,-2.6263008,9.756901,0.021640275,10.104209,0.151377981554675,1,-1
2025-01-01 04:19:35,2.103265,10.722363,-3.19897,11.38535,0.15137498232239394,1,-1
2025-01-03 01:08:50,-3.752937,9.73441,-2.3329387,10.690457,0.15136756815280425,1,-1
2025-01-02 23:50:25,1.9739211,7.1844854,2.468417,7.848967,0.1513623611679104,1,-1
2025-01-01 21:29:25,2.8960688,8.285388,-0.46469477,8.789244,0.1513492837759225,1,-1
2025-01-02 21:35:20,2.516822,10.549398,-0.3570644,10.851346,0.15134686097571434,1,-1
2025-01-02 14:25:30,-3.3888822,13.305647,-0.5678523,13.742169,0.15131177483454522,1,-1
2025-01-02 21:36:00,-3.1208935,8.380379,1.8809578,9.138311,0.15130103412218268,1,-1
2025-01-01 14:04:35,2.6675751,10.566995,0.8156254,10.928979,0.15128278968980488,1,-1
2025-01-02 05:46:00,-2.0944953,9.893962,2.1916478,10.347981,0.15126777044345793,1,-1
2025-01-02 01:06:25,0.87230504,5.2498717,-1.2475284,5.4661136,0.15125607085016965,1,-1
2025-01-03 05:52:35,0.5582582,9.561846,-2.7833197,9.974338,0.1512373369066234,1,-1
2025-01-01 10:48:30,0.68855065,12.484904,-2.3561347,12.723927,0.1512311811131156,1,-1
2025-01-02 03:50:50,-3.207615,13.709643,-0.98641896,14.114394,0.15121039523459742,1,-1
2025-01-01 01:18:25,-1.8205398,9.289338,-3.0026958,9.930879,0.151202015724739,1,-1
2025-01-02 21:50:30,-0.43130758,6.989088,-0.17515683,7.0045743,0.1511954043553353,1,-1
2025-01-03 17:11:20,-3.5910702,8.996141,-1.2196585,9.762884,0.15117635430872362,1,-1
2025-01-03 16:17:15,-3.432209,10.643813,-2.3555317,11.428882,0.15115811048742703,1,-1
2025-01-03 01:59:05,-3.2634494,13.6906595,-2.6682966,14.324945,0.1511574436520509,1,-1
2025-01-01 13:25:30,-0.42210248,12.2885275,-3.3819623,12.752401,0.15115550173035108,1,-1
2025-01-02 12:03:50,-1.7156208,13.178078,1.3376118,13.356432,0.151154274675551,1,-1
2025-01-01 18:18:20,1.6261507,12.150685,-3.5071907,12.750839,0.1511251137389013,1,-1
2025-01-02 18:30:05,2.5437148,9.806416,-1.7569529,10.282176,0.15111512784322903,1,-1
2025-01-02 23:40:00,-2.5125115,7.0165567,-0.06495393,7.45312,0.15110857332488944,1,-1
2025-01-01 23:29:15,-4.0462027,11.7333555,-1.9310743,12.56075,0.1511040467260571,1,-1
2025-01-01 10:31:10,-3.8909652,7.7835283,-0.6369905,8.725175,0.15108235851429505,1,-1
2025-01-03 04:23:40,0.33829564,6.505627,0.5463387,6.5372863,0.15107934265713838,1,-1
2025-01-03 06:52:10,2.958853,9.4808,0.787389,9.962949,0.15107885565007154,1,-1
2025-01-03 19:51:50,-3.4740853,11.000263,-0.38405064,11.542208,0.15106056341690738,1,-1
2025-01-02 04:47:20,0.62884086,12.396811,2.090636,12.587578,0.15105620847387993,1,-1
2025-01-01 05:08:25,-3.0377066,13.748847,-2.9394162,14.383971,0.15104402167265085,1,-1
2025-01-02 16:36:35,-2.2529936,5.2981234,-1.0823518,5.8581204,0.15102005538082855,1,-1
2025-01-02 14:35:50,0.35123226,6.129666,-3.6497848,7.1426253,0.1510045172789738,1,-1
2025-01-01 06:25:35,-0.01698642,9.225584,-2.6625562,9.60213,0.15100063696772292,1,-1
2025-01-03 14:22:35,-0.9259947,6.1451674,1.0432271,6.3014975,0.1509883332851757,1,-1
2025-01-01 05:26:40,1.1740743,5.827037,-2.271883,6.36351,0.1509582913266188,1,-1
2025-01-01 09:05:50,-3.9258955,9.482331,0.6185972,10.281532,0.15092948428320954,1,-1
2025-01-02 22:39:50,0.89583415,5.548319,0.984798,5.705803,0.15091164325530723,1,-1
2025-01-02 06:14:15,-2.8231251,7.7786922,-2.025266,8.519377,0.15090844301322098,1,-1
2025-01-02 12:12:45,-0.17038438,9.145846,1.4650878,9.264017,0.15089947801695403,1,-1
2025-01-03 05:35:50,-2.6944664,13.508107,-0.106903374,13.774634,0.150896664497231,1,-1
2025-01-02 08:59:15,3.4824195,11.429146,0.33872148,11.952713,0.15088714357182834,1,-1
2025-01-02 21:14:10,-0.033573814,6.142623,-0.5979596,6.17175,0.15079385320986413,1,-1
2025-01-01 03:16:40,3.3789597,9.855725,-3.059063,10.858663,0.15077659408876942,1,-1
2025-01-03 19:03:40,0.26961908,11.625752,-3.753919,12.219768,0.1507709757177231,1,-1
2025-01-02 18:04:15,-0.5690422,11.235559,-3.651333,11.827672,0.15076657728512055,1,-1
2025-01-02 18:57:05,-1.7047246,5.932351,-1.1326284,6.275486,0.1507579608931614,1,-1
2025-01-03 20:49:00,-3.9492984,13.0490465,-2.0632951,13.788827,0.15074896945330218,1,-1
2025-01-01 08:59:15,2.4073985,9.106425,-1.6150032,9.556714,0.15074040107318068,1,-1
2025-01-01 21:04:10,3.5481062,11.524422,-3.2268126,12.482535,0.15069166392926425,1,-1
2025-01-01 12:02:10,2.430573,8.71094,-2.7116945,9.441475,0.15064337953844445,1,-1
2025-01-02 05:53:20,-2.0684795,13.077468,-3.6553497,13.73537,0.15062567447148442,1,-1
2025-01-01 04:06:20,3.3724165,12.656944,-3.7185104,13.616121,0.1506210626659487,1,-1
2025-01-01 01:52:30,-0.6136134,11.775781,-2.861948,12.134096,0.15061217580460587,1,-1
2025-01-02 00:50:40,-0.20069644,11.263309,1.3754264,11.348753,0.15059179893368785,1,-1
2025-01-01 21:15:10,2.3843124,7.8496222,-0.8688554,8.249632,0.1505849801187897,1,-1
2025-01-02 15:58:10,-1.1380345,5.749789,1.0681055,5.957856,0.15058334466019768,1,-1
2025-01-02 17:55:05,-2.939046,13.121828,2.4266484,13.664149,0.15057059346232915,1,-1
2025-01-03 20:20:30,-3.4565625,12.746385,-0.7417152,13.227558,0.15053924169550867,1,-1
2025-01-03 14:22:20,3.8274035,6.695381,-2.998559,8.2745695,0.15051456753790046,1,-1
2025-01-02 01:40:35,-2.8548553,11.034478,2.3369813,11.634921,0.15049511254238887,1,-1
2025-01-01 21:58:10,-2.731357,10.796918,-0.14159465,11.137944,0.1504728912511588,1,-1
2025-01-03 08:39:25,-1.5483052,6.7345176,-2.2305727,7.2612967,0.15046730611058293,1,-1
2025-01-01 17:29:05,1.272864,13.600045,-2.2052257,13.836345,0.1504554322474912,1,-1
2025-01-01 01:00:25,-1.5281034,6.099226,0.27759308,6.2938633,0.15044251854158117,1,-1
2025-01-03 15:47:40,2.0148563,9.576776,2.0231636,9.993371,0.15039007986313938,1,-1
2025-01-02 20:33:40,1.2755361,12.9916935,-0.10123706,13.054553,0.15034677614050151,1,-1
2025-01-01 17:23:00,-0.44931793,5.4866037,1.0686282,5.6077332,0.15034629855804932,1,-1
2025-01-01 22:43:45,-0.008543703,6.6774836,0.3687138,6.6876607,0.1503346238782108,1,-1
2025-01-01 11:10:10,-4.0303903,7.4853373,-1.7538244,8.68045,0.1503038597486979,1,-1
2025-01-02 09:23:55,-2.1630142,11.823727,-2.6553898,12.309762,0.15029062924945838,1,-1
2025-01-02 23:54:40,1.2910469,10.403743,1.4475956,10.5830145,0.15028725293863193,1,-1
2025-01-01 11:20:15,3.4071145,9.914722,-3.1201825,10.938268,0.15027915201099606,1,-1
2025-01-01 16:33:35,3.9672816,12.100723,-0.19548194,12.735974,0.15027073327623222,1,-1
2025-01-02 17:28:50,1.1097492,5.3155656,0.26830742,5.4367976,0.15025687869606713,1,-1
2025-01-01 00:38:35,-2.6481194,6.613857,-2.2272763,7.4643416,0.1502552891846037,1,-1
2025-01-03 08:38:35,1.6568414,11.410226,2.378917,11.772749,0.15024556096118155,1,-1
2025-01-01 02:43:10,0.18757752,11.2291565,1.4999967,11.330452,0.15021595232719048,1,-1
2025-01-01 02:50:55,-2.0004308,10.830312,2.082127,11.208596,0.15019990055130097,1,-1
2025-01-01 18:48:35,-0.5029081,10.928562,-3.0936608,11.36913,0.150198360149829,1,-1
2025-01-03 14:46:20,-4.171729,10.844652,0.6721461,11.638797,0.15018687434486086,1,-1
2025-01-03 03:13:40,3.2972333,8.36711,-2.3967583,9.307241,0.15018289139572147,1,-1
2025-01-01 13:35:50,-1.9557912,9.943794,-3.2180185,10.632958,0.15017703650720798,1,-1
2025-01-01 09:49:25,-2.034692,11.967852,-2.723705,12.441383,0.15015615610746946,1,-1
2025-01-01 00:24:20,3.5054097,11.85646,-0.61029387,12.378853,0.15013984149570142,1,-1
2025-01-02 16:26:15,0.054589704,6.656449,1.963965,6.9403496,0.15011852266245712,1,-1
2025-01-02 13:38:15,0.6115256,12.229926,1.4383044,12.329387,0.15009777830001406,1,-1
2025-01-03 06:32:15,-0.12737946,11.542196,-2.6002138,11.832144,0.15009048679829176,1,-1
2025-01-01 02:15:35,2.1424758,13.531139,1.0536885,13.740168,0.15007923316110738,1,-1
2025-01-01 07:55:30,0.69266146,6.303789,0.89560753,6.4046583,0.15006585112157828,1,-1
2025-01-03 21:26:10,-0.10978291,5.759619,-1.4834048,5.9485927,0.15005908270703822,1,-1
2025-01-02 12:35:05,-0.9395386,11.75283,1.7057835,11.913078,0.1500276121470654,1,-1
2025-01-02 18:00:35,0.57054967,6.617087,2.2131786,7.0006804,0.1500259461326738,1,-1
2025-01-03 11:38:40,-0.08115557,5.781607,1.6520787,6.0135627,0.15002027413967745,1,-1
2025-01-03 14:58:35,-2.6746411,12.014838,2.10133,12.487019,0.15000606077308432,1,-1
2025-01-03 09:58:35,-3.2033668,8.082293,-0.9773133,8.748723,0.1499945339921416,1,-1
2025-01-02 03:52:10,-3.897559,9.067614,-2.7215188,10.238127,0.1499807315966025,1,-1
2025-01-03 00:11:25,2.9952583,9.523464,-0.5029768,9.996046,0.14995367101420934,1,-1
2025-01-01 05:08:05,-2.0787973,6.7888613,-0.87283957,7.153453,0.14994565861215065,1,-1
2025-01-03 11:41:20,-2.205534,11.321082,2.1455152,11.731774,0.14992742672276518,1,-1
2025-01-03 02:20:45,2.4466436,9.825455,-0.5280156,10.139252,0.14990649569269668,1,-1
2025-01-02 14:19:25,3.524024,10.699745,-3.1403873,11.694672,0.14988581639354878,1,-1
2025-01-03 01:09:10,1.4009601,9.845947,-2.5349119,10.263097,0.1498690069856606,1,-1
2025-01-03 20:55:50,0.45574328,7.141028,1.6342902,7.339815,0.1498366295411096,1,-1
2025-01-01 20:21:25,-1.1239043,7.900618,1.5907751,8.137167,0.1498324876531755,1,-1
2025-01-03 16:46:50,3.555437,6.7400646,-3.0301235,8.200686,0.14982542087566755,1,-1
2025-01-01 02:44:50,2.5041583,8.046325,-0.36900547,8.435064,0.1498107825229622,1,-1
2025-01-02 07:23:00,2.4362266,8.515106,-0.951918,8.907771,0.14979750629316796,1,-1
2025-01-01 17:04:40,-0.6347062,10.327948,-3.1767807,10.824107,0.14978232866993343,1,-1
2025-01-02 17:23:25,1.2071581,13.22817,-2.1979785,13.46376,0.1497763373338444,1,-1
2025-01-03 00:33:45,-3.506036,8.588715,-0.7101339,9.303903,0.14977528311280897,1,-1
2025-01-01 05:54:45,2.8871176,6.8072824,-3.566241,8.209301,0.1497725075265589,1,-1
2025-01-02 22:23:10,3.9095411,9.280795,-0.72650164,10.096805,0.14975436101732104,1,-1
2025-01-01 21:24:55,-4.122457,8.781953,-0.52619004,9.715669,0.1497317672856718,1,-1
2025-01-02 11:49:35,0.20796882,9.82606,-3.4631624,10.420567,0.14972683015479465,1,-1
2025-01-01 14:26:05,-3.7093613,9.720436,-3.075803,10.849277,0.14971156136383582,1,-1
2025-01-02 09:16:20,3.0804577,13.610546,1.3867729,14.023527,0.14967822990800997,1,-1
2025-01-02 06:29:20,-0.9664958,10.178223,-3.7109945,10.876663,0.14967751395818005,1,-1
2025-01-02 20:02:10,-3.2547965,11.752315,0.8976496,12.227689,0.14966360352903735,1,-1
2025-01-02 20:44:20,1.8147023,8.248859,1.8946553,8.656012,0.14963112471994777,1,-1
2025-01-03 05:04:15,2.01183,10.639809,-3.2332888,11.300758,0.14962777326461899,1,-1
2025-01-01 21:26:25,2.6275806,8.078354,2.1460123,8.761812,0.14961098085473085,1,-1
2025-01-03 18:21:40,-1.4583365,13.029842,1.9223218,13.251372,0.14960763794554044,1,-1
2025-01-01 03:54:55,2.796884,9.849484,0.72843987,10.264771,0.14958994882223456,1,-1
2025-01-01 05:04:25,1.4805497,5.9065475,-0.34925237,6.0992875,0.14956421145920082,1,-1
2025-01-03 18:29:05,-0.58460844,12.57215,1.857683,12.7220955,0.14955809183923718,1,-1
2025-01-01 20:09:05,-1.390007,11.431804,2.1089618,11.707518,0.1495354135641494,1,-1
2025-01-03 11:24:45,0.4961696,8.77081,-3.201281,9.349946,0.14953279186071272,1,-1
2025-01-03 17:43:10,-0.06397983,13.41252,-2.6340852,13.668877,0.1494933409682392,1,-1
2025-01-02 03:09:55,-3.5718155,7.329237,0.4484122,8.165578,0.14949282366406283,1,-1
2025-01-01 19:33:40,3.9144258,10.448803,-2.6162589,11.460586,0.14948354992800914,1,-1
2025-01-03 03:04:50,2.7931137,11.640585,-0.33620113,11.975715,0.14948332549058727,1,-1
2025-01-02 23:20:50,2.9745317,8.003254,2.401461,8.869437,0.14948178813907634,1,-1
2025-01-03 05:53:50,-3.1678166,9.519611,-3.5059526,10.627783,0.14947982215929334,1,-1
2025-01-01 15:49:45,-0.23560612,13.499029,-1.3740677,13.5708275,0.1494747959435813,1,-1
2025-01-01 23:42:35,2.8761292,8.074384,2.0305882,8.808579,0.1494687388452172,1,-1
2025-01-01 20:31:35,2.798028,12.111207,-2.1485803,12.614543,0.14945926166249388,1,-1
2025-01-03 16:51:35,-0.044534773,5.6100955,1.8053883,5.893605,0.1494580755036301,1,-1
2025-01-03 07:35:50,2.5741274,9.494664,0.21492268,9.839765,0.1494319948630187,1,-1
2025-01-01 05:40:00,-2.404668,8.067982,1.3063333,8.519464,0.14943069216634003,1,-1
2025-01-01 01:19:15,3.962193,8.887615,0.06605122,9.731035,0.14942848099048742,1,-1
2025-01-03 14:31:25,-1.9963692,13.089217,2.0270443,13.39485,0.1493610785796677,1,-1
2025-01-01 22:01:30,-3.9450135,11.386577,-0.43340498,12.058403,0.1493527848996093,1,-1
2025-01-01 01:09:50,1.5850983,10.464734,1.9079846,10.754702,0.14932635580517223,1,-1
2025-01-01 08:06:40,-2.7676532,6.942055,-3.5821915,8.287589,0.14932311684220756,1,-1
2025-01-01 21:10:10,2.5635033,10.700432,-1.5820361,11.116367,0.14930198434811537,1,-1
2025-01-01 09:01:25,-1.3506492,12.099926,-2.6498582,12.460104,0.14929516464166387,1,-1
2025-01-02 15:26:45,-1.7532749,11.16163,-3.2250733,11.749768,0.14927810923520796,1,-1
2025-01-02 05:17:55,-2.953645,5.491625,1.5058303,6.4147863,0.1492665632929819,1,-1
2025-01-01 18:51:30,-2.9509413,8.314047,-1.5413136,8.95584,0.14924842758799314,1,-1
2025-01-03 09:13:30,-2.199578,10.864023,1.5208558,11.188304,0.1492423287942015,1,-1
2025-01-01 13:07:15,-0.6045257,13.957527,1.2576836,14.027109,0.14924098630656837,1,-1
2025-01-03 19:19:45,-1.2270324,12.0984,1.4686904,12.248836,0.14921124010810427,1,-1
2025-01-02 01:30:55,0.42958298,11.015044,-3.1133397,11.454633,0.14920579045799412,1,-1
2025-01-02 11:56:05,-2.949433,6.5009227,-1.3175021,7.2592673,0.14920561460719486,1,-1
2025-01-03 09:20:30,3.624156,9.524598,0.54355997,10.20529,0.14918400259022513,1,-1
2025-01-02 12:39:55,3.416736,13.354979,-1.5084713,13.867409,0.14916823735888693,1,-1
2025-01-01 05:08:10,2.8746502,8.590338,0.7381705,9.088587,0.14914882438056523,1,-1
2025-01-02 11:44:05,3.935421,11.566381,-0.17720552,12.2188425,0.14913474237791646,1,-1
2025-01-02 05:36:20,2.9922168,5.947633,0.07092183,6.6582828,0.14913084209737312,1,-1
2025-01-03 08:50:30,1.967306,8.060731,-3.1222131,8.865319,0.14912410711573068,1,-1
2025-01-02 21:54:50,-1.0507917,9.498486,-2.9445958,9.999802,0.14911773173677345,1,-1
2025-01-03 02:20:30,1.0351849,13.622975,-1.4249135,13.736355,0.1490967190168683,1,-1
2025-01-02 16:08:40,-1.1065066,6.4038844,0.86370814,6.5559196,0.14906033733718524,1,-1
2025-01-03 04:00:40,0.5157733,5.488663,-0.10995839,5.5139403,0.14904235992582998,1,-1
2025-01-03 19:53:30,2.9028363,8.354512,2.430325,9.172285,0.14897411726415735,1,-1
2025-01-01 01:32:10,-0.12644506,9.333144,-3.115929,9.840355,0.14896803881308632,1,-1
2025-01-03 06:48:50,-0.59240705,13.963394,1.7285666,14.082446,0.14895249177744993,1,-1
2025-01-02 14:18:30,-0.13394392,13.79699,0.744964,13.817738,0.1489245471764082,1,-1
2025-01-02 09:49:25,2.0346432,7.169182,1.8701277,7.6833797,0.14891420210787532,1,-1
2025-01-01 02:18:45,-1.9619653,13.756242,0.7504619,13.915699,0.14891130212579146,1,-1
2025-01-01 09:31:55,-2.3442771,5.8497577,-0.9729955,6.376678,0.14890575973562037,1,-1
2025-01-01 05:31:30,3.2549691,11.993323,0.8821795,12.458446,0.14890381009185633,1,-1
2025-01-01 02:07:10,0.3497659,13.006651,1.6029364,13.109718,0.1488996985690817,1,-1
2025-01-01 17:15:55,0.49314523,13.138883,1.9851942,13.297158,0.14888302426176608,1,-1
2025-01-02 04:48:00,1.3667444,12.722509,-0.77069354,12.8189,0.1488706686724121,1,-1
2025-01-01 05:48:10,2.9808042,5.7417583,-3.0799844,7.165144,0.14885373197416463,1,-1
2025-01-01 14:37:25,3.9045787,13.101554,-1.3172692,13.7343235,0.14884512726403468,1,-1
2025-01-03 12:38:00,3.6609755,7.093029,-2.7787232,8.451929,0.14883944037501767,1,-1
2025-01-03 07:34:50,-1.4713769,7.7230034,-2.5613189,8.2686205,0.14882767137252734,1,-1
2025-01-02 05:44:20,-0.28161526,6.491126,-1.1263419,6.594139,0.1488249487726564,1,-1
2025-01-01 09:15:25,-1.512651,7.5891833,-3.519093,8.501049,0.14882001452226243,1,-1
2025-01-01 23:06:25,0.49737367,5.9417095,2.4873898,6.4605265,0.14879248348969287,1,-1
2025-01-03 02:27:50,0.0323076,10.262831,-3.3302875,10.789697,0.1487564846800046,1,-1
2025-01-02 18:27:25,-0.37394556,9.145426,1.6497753,9.300559,0.14874456050221252,1,-1
2025-01-03 00:24:35,-1.9827679,6.943009,0.12970026,7.2217426,0.1487269964495855,1,-1
2025-01-01 20:54:55,-3.4147177,10.2353115,-0.8246424,10.821364,0.1487121910908658,1,-1
2025-01-01 17:23:55,-0.5367109,13.044352,-2.3285837,13.261428,0.14870098070217688,1,-1
2025-01-01 21:17:20,-3.8081388,8.258581,-0.7789239,9.127584,0.14869524434689627,1,-1
2025-01-03 08:07:45,-0.38909778,12.300465,-0.8107209,12.333293,0.14869039783311125,1,-1
2025-01-01 16:51:10,-0.15982139,7.1284323,2.2404244,7.4739275,0.14868890526669412,1,-1
2025-01-02 21:27:25,0.42098105,13.751077,1.6570458,13.856954,0.1486807922876669,1,-1
2025-01-02 19:52:40,0.009527284,13.587791,-1.1662868,13.637756,0.14863225004431152,1,-1
2025-01-01 13:40:25,1.262785,12.428519,-0.3973513,12.498824,0.14862383994939077,1,-1
2025-01-01 05:25:30,-2.7825942,11.375861,-3.22461,12.147064,0.14861645910357255,1,-1
2025-01-02 17:27:05,1.4735215,5.6249256,1.3925413,5.9791493,0.14860253628520856,1,-1
2025-01-01 09:45:20,1.8176717,6.5714245,2.197501,7.1635575,0.1485839438454674,1,-1
2025-01-03 09:10:00,2.597542,13.014371,-0.16673073,13.272109,0.1485831577023928,1,-1
2025-01-03 09:42:00,-1.414008,11.924811,2.0792856,12.187041,0.14856009673521964,1,-1
2025-01-03 15:34:40,2.5290432,10.398183,-1.7177638,10.83831,0.14855649924006895,1,-1
2025-01-02 04:54:05,-3.759607,8.810568,-1.379284,9.677974,0.14854680518238345,1,-1
2025-01-01 23:26:05,3.2504702,9.731589,0.25056982,10.263146,0.14850147919964887,1,-1
2025-01-02 10:16:20,-4.0042515,13.098359,-2.4472315,13.913662,0.14842593523696646,1,-1
2025-01-02 10:41:15,-1.8404783,6.204402,-2.5896726,6.9705358,0.14841524785679988,1,-1
2025-01-02 00:28:40,1.106783,13.196449,-3.2515457,13.636121,0.14841311301452603,1,-1
2025-01-01 16:53:35,0.8177184,12.2768135,-3.1408944,12.698585,0.14840782196849894,1,-1
2025-01-01 19:27:30,1.9348067,5.7452173,-2.8493943,6.698511,0.14840399230445275,1,-1
2025-01-01 09:17:00,-2.1233304,5.801035,0.8744523,6.2390065,0.14839732423054897,1,-1
2025-01-02 06:39:25,-3.9548821,11.812763,-2.1753273,12.645732,0.1483899239011163,1,-1
2025-01-02 07:18:50,2.4021409,9.650176,-3.4793007,10.535735,0.14838783631950248,1,-1
2025-01-03 17:59:20,-0.9703779,13.045455,-2.8343465,13.385031,0.14838061302221733,1,-1
2025-01-02 18:10:05,0.26326776,5.821655,-0.63559306,5.862163,0.14837750827554444,1,-1
2025-01-03 02:28:30,-1.8014209,12.381572,-1.3890785,12.588803,0.14837545982000103,1,-1
2025-01-02 12:08:45,-1.3967212,5.6484737,-1.3321834,5.969154,0.14835119620303513,1,-1
2025-01-01 11:29:10,-0.6513991,11.021558,1.8727463,11.198493,0.14834495083924293,1,-1
2025-01-01 02:32:35,0.5509278,7.123109,1.3861364,7.277608,0.14833356998825967,1,-1
2025-01-03 07:17:50,1.7754886,11.491118,-3.2107177,12.062623,0.1483325938143893,1,-1
2025-01-03 04:05:15,1.4096887,6.552119,-3.501219,7.5614824,0.14831353438298908,1,-1
2025-01-01 13:10:15,3.2355034,10.276332,-1.0741802,10.827065,0.14831023706048088,1,-1
2025-01-01 23:31:20,-1.038255,5.989695,1.0011724,6.1609063,0.14831004264969228,1,-1
2025-01-03 03:09:25,-4.07055,9.1030445,-3.56048,10.588286,0.14829742584093136,1,-1
2025-01-03 02:17:00,3.7781448,11.302358,0.6564763,11.9351845,0.14828281888647488,1,-1
2025-01-02 21:36:30,2.727727,11.671835,0.10366783,11.986783,0.14825692974947147,1,-1
2025-01-03 01:01:35,1.9824691,6.6243267,-3.5498374,7.772595,0.14825039469155166,1,-1
2025-01-01 15:46:25,-0.54506546,10.731063,1.2176431,10.81367,0.14824931632653945,1,-1
2025-01-01 16:29:10,0.12676345,6.215718,-0.8029315,6.2686453,0.1482443915093832,1,-1
2025-01-03 00:01:20,-1.3990536,13.803725,0.115499064,13.874924,0.14822392546803395,1,-1
2025-01-02 03:22:20,2.4255908,8.174964,0.6358021,8.550893,0.1482230856929684,1,-1
2025-01-01 11:18:55,-2.7286732,8.7479105,0.14297453,9.164717,0.1481999877200123,1,-1
2025-01-01 15:30:35,2.0501332,12.900625,2.236844,13.252647,0.14819691470470683,1,-1
2025-01-02 10:20:50,-0.54926926,9.560398,-3.7341917,10.278478,0.1481775909210697,1,-1
2025-01-01 04:23:05,0.7837978,9.2983265,1.5233551,9.454831,0.14814644850401484,1,-1
2025-01-01 23:11:30,1.3952436,6.660953,1.6326334,6.998606,0.1481448131834027,1,-1
2025-01-01 17:43:25,2.8421063,8.573771,0.6760288,9.057822,0.14814134135070986,1,-1
2025-01-01 15:08:50,2.1687644,13.531569,-0.32725605,13.708172,0.14812151862310388,1,-1
2025-01-03 08:46:50,0.14751486,9.955265,-3.6494114,10.6041155,0.14810263419029718,1,-1
2025-01-03 09:23:10,-3.5868428,13.271129,-0.5146959,13.756933,0.14807630994046192,1,-1
2025-01-03 12:46:55,-1.8891562,7.523299,-2.801532,8.247273,0.14807405309078683,1,-1
2025-01-03 19:05:30,-1.4414941,7.9689007,-3.7735603,8.934262,0.14805736724484547,1,-1
2025-01-01 20:53:05,3.0983531,5.425651,-2.6685948,6.794033,0.14805290444041,1,-1
2025-01-03 16:38:30,-1.4657842,11.040388,2.2467625,11.3616295,0.14802613431216471,1,-1
2025-01-01 13:01:50,2.3589575,11.354774,-0.86459035,11.629407,0.14802336477330325,1,-1
2025-01-01 05:11:25,-3.01514,6.9327383,0.47096252,7.574677,0.14800325962824384,1,-1
2025-01-03 06:21:20,-4.1088,9.0755,-3.493899,10.55719,0.14799753183835687,1,-1
2025-01-02 21:19:00,-3.2983696,8.471589,-3.356942,9.691033,0.14797472570098477,1,-1
2025-01-02 01:09:25,-4.0381074,6.457922,1.5315142,7.7689514,0.14795734647730288,1,-1
2025-01-01 14:17:20,-2.657362,7.260238,-0.24707507,7.7352233,0.1479310849885236,1,-1
2025-01-03 02:55:35,-3.7419693,10.889214,0.4366785,11.522499,0.14792971040569766,1,-1
2025-01-02 05:41:50,0.5382984,9.890233,1.5184255,10.020583,0.1479196695546966,1,-1
2025-01-01 08:23:30,-3.136053,8.9975395,-1.415505,9.632975,0.14791788648040596,1,-1
2025-01-02 19:58:05,-1.2870086,13.789273,-0.74512094,13.869234,0.1479139623024575,1,-1
2025-01-02 20:36:15,3.5638335,6.441482,-2.8534563,7.8953032,0.14791266298224667,1,-1
2025-01-03 13:01:40,-3.7145884,10.145651,1.2723367,10.878936,0.1479115612461874,1,-1
2025-01-01 17:25:55,3.2269115,8.308386,-2.7523239,9.328318,0.14789314441719117,1,-1
2025-01-02 05:05:30,-0.45277306,13.333123,-0.3854428,13.346375,0.14787539064093158,1,-1
2025-01-03 11:00:45,3.84706,13.2050085,1.668846,13.854861,0.14786525861226615,1,-1
2025-01-02 17:47:30,3.0803428,6.8961725,-3.6760802,8.399957,0.14785599814483052,1,-1
2025-01-02 23:00:50,-1.9847637,13.259706,-0.1273347,13.408031,0.1478556245659718,1,-1
2025-01-03 04:55:15,1.1296029,9.862159,-2.573161,10.254723,0.14785526203987165,1,-1
2025-01-01 19:11:15,3.087241,11.039339,-1.7584993,11.596998,0.1478312020718401,1,-1
2025-01-03 15:13:25,-2.8017511,5.2298036,1.3185476,6.0777645,0.14780739019413996,1,-1
2025-01-02 06:21:40,0.38327724,6.5087776,-1.9807003,6.8142686,0.14775588782709767,1,-1
2025-01-01 04:53:35,-2.028565,5.5921764,-2.8468292,6.5948424,0.14774204504040417,1,-1
2025-01-02 06:45:20,2.7536252,5.6976924,0.880865,6.3892155,0.14773849596936853,1,-1
2025-01-01 15:24:40,0.64085364,13.027534,-1.510422,13.130449,0.14773092391067302,1,-1
2025-01-03 08:33:30,3.803355,7.9385424,1.5800021,8.943286,0.1477086486298337,1,-1
2025-01-01 10:01:20,-4.1742783,5.9973354,-1.5657308,7.4728937,0.14770843857745375,1,-1
2025-01-02 19:53:40,2.743168,5.6032095,-1.2701347,6.3666453,0.14770744750957343,1,-1
2025-01-01 17:32:25,0.09832178,13.07538,-0.11503698,13.076257,0.14767972606279406,1,-1
2025-01-02 18:04:30,-0.16701905,12.985642,1.548391,13.078697,0.14763339646964602,1,-1
2025-01-02 04:46:55,-1.1964775,10.279644,2.38593,10.620513,0.14760782591591362,1,-1
2025-01-03 11:02:30,2.0293345,13.325009,-1.2014488,13.532093,0.14759685958850818,1,-1
2025-01-03 01:26:25,0.3876708,5.2391024,-0.4643036,5.273904,0.14757593992272447,1,-1
2025-01-02 08:03:15,-0.9649108,6.719253,0.51851463,6.807956,0.1475541019155252,1,-1
2025-01-01 23:19:20,-2.7521615,10.417121,-1.4755683,10.875114,0.14754756918492723,1,-1
2025-01-03 18:51:55,3.5644717,10.231914,-3.7582006,11.4682865,0.14753339497843201,1,-1
2025-01-03 01:39:05,-1.930944,6.8619566,0.62109333,7.15547,0.14753330335209308,1,-1
2025-01-01 18:08:40,0.08237451,11.332168,1.44077,11.423688,0.1475308373060092,1,-1
2025-01-02 05:41:45,-0.598637,5.8196263,-3.041173,6.593569,0.14751728040325315,1,-1
2025-01-03 18:50:25,-2.779648,9.222517,-1.376285,9.730129,0.1475162816281975,1,-1
2025-01-02 10:52:50,2.0172276,6.6604857,0.2564549,6.963982,0.14750429975547638,1,-1
2025-01-01 05:43:40,3.401832,12.14895,-1.889687,12.756973,0.1474871893646243,1,-1
2025-01-02 19:41:35,-4.1529503,6.098848,-0.065555304,7.378837,0.14740589450541547,1,-1
2025-01-02 21:43:40,2.3417864,10.32676,-1.9178654,10.761233,0.14738113439045217,1,-1
2025-01-01 01:10:25,-3.7376459,9.721253,1.8073969,10.570688,0.14735650596574293,1,-1
2025-01-01 01:07:45,-0.038192444,12.913042,1.3972005,12.988467,0.1473492652623242,1,-1
2025-01-01 06:08:20,0.69561356,5.9417815,2.2894113,6.4054704,0.14734078473106987,1,-1
2025-01-02 01:43:45,-1.9690038,12.463967,-3.0133157,12.973339,0.14732438816377935,1,-1
2025-01-03 03:43:50,-0.22428438,5.9419065,-1.1948545,6.0650005,0.14732005282317145,1,-1
2025-01-03 21:19:25,-1.6402498,8.186487,1.5309521,8.488392,0.147312817243098,1,-1
2025-01-02 06:32:15,3.7001333,12.151456,-1.6245857,12.805786,0.14729595610225754,1,-1
2025-01-01 07:08:25,3.365849,7.4113984,0.75799286,8.175104,0.14728958464569247,1,-1
2025-01-02 06:46:10,-0.9749241,12.6057825,-1.057508,12.687574,0.14727211752946637,1,-1
2025-01-02 04:44:50,-2.5277152,12.197754,-2.1299624,12.637693,0.14727192292478822,1,-1
2025-01-03 05:05:55,-3.7123284,8.381512,-1.1658251,9.240685,0.14726055244415623,1,-1
2025-01-03 02:10:15,-0.99054754,10.893472,1.9683703,11.114108,0.14725463334931754,1,-1
2025-01-02 10:31:40,1.8384459,5.343904,-0.35488728,5.662432,0.14724206635087536,1,-1
2025-01-02 11:02:25,-1.0756137,10.819597,-3.15609,11.321729,0.1472261705399817,1,-1
2025-01-02 10:47:20,-4.062391,11.463618,-1.7697792,12.290228,0.14717825831518658,1,-1
2025-01-02 00:20:55,3.5557537,12.865036,1.0464908,13.388341,0.14717665129292937,1,-1
2025-01-03 14:41:10,3.3999755,11.559066,-2.3365479,12.273193,0.14716587298988304,1,-1
2025-01-01 10:33:05,1.3709396,9.362865,-3.3816972,10.048811,0.14716055260037886,1,-1
2025-01-01 04:41:30,-0.65527064,13.25468,1.0197824,13.309992,0.14713305476841426,1,-1
2025-01-03 11:54:45,-1.6500676,6.8207216,-0.7785836,7.0605354,0.1471046212621003,1,-1
2025-01-03 16:28:35,0.55060464,10.458235,1.6102494,10.595789,0.14710454149728122,1,-1
2025-01-02 14:14:10,0.5404469,6.114559,0.63228893,6.1708755,0.14707961221374172,1,-1
2025-01-02 00:16:40,-0.6752011,5.9722157,-0.88089186,6.0744734,0.14707574595274167,1,-1
2025-01-02 08:53:15,-2.461158,6.807424,2.4312096,7.6360397,0.1470743933366994,1,-1
2025-01-03 09:32:20,2.5665677,12.745148,-3.5352666,13.47309,0.14707419552233159,1,-1
2025-01-03 13:58:05,3.0651698,12.8790865,2.3449368,13.444882,0.14705220505713035,1,-1
2025-01-01 19:29:25,-2.887922,9.812705,-0.5379495,10.242981,0.1470330370629594,1,-1
2025-01-03 17:45:40,-2.937339,11.417957,-1.3802247,11.870245,0.14702007624022786,1,-1
2025-01-02 03:20:50,-2.3545265,13.733283,0.9908673,13.968846,0.14697346761083627,1,-1
2025-01-02 00:42:40,-2.1836636,8.472516,-3.0675142,9.271545,0.146972981141961,1,-1
2025-01-02 19:40:10,-3.1680415,9.620831,-2.1976225,10.364671,0.1469707812525123,1,-1
2025-01-01 09:15:30,-0.5013457,12.72559,-1.3493688,12.806747,0.14696180240470902,1,-1
2025-01-02 06:35:45,-0.14564665,9.5793295,1.8639963,9.760084,0.14694468033233807,1,-1
2025-01-02 03:45:35,2.8970993,13.071097,-3.495792,13.8371725,0.1469414986502309,1,-1
2025-01-01 03:57:40,-2.0289118,13.098009,-1.407891,13.328784,0.1469332374308638,1,-1
2025-01-02 03:30:30,0.69010085,5.6536493,-0.6848318,5.736635,0.14692842191926964,1,-1
2025-01-03 17:32:30,-1.6557606,9.870251,-2.8777642,10.41369,0.1469238115553573,1,-1
2025-01-02 00:24:45,-2.8559577,13.177597,-1.4242926,13.558546,0.14692119846218174,1,-1
2025-01-01 10:03:20,0.009065703,5.3716564,-1.572823,5.597191,0.14690748242030974,1,-1
2025-01-02 04:13:20,-2.152306,9.8694935,-2.961864,10.526726,0.14689865683799583,1,-1
2025-01-03 06:08:40,-1.1983643,9.13883,2.0795019,9.448736,0.14688928740703305,1,-1
2025-01-03 02:11:25,-3.911696,11.473807,-0.48880422,12.132129,0.1468842081378449,1,-1
2025-01-01 06:57:50,2.843999,6.5843406,0.31272396,7.1791134,0.14688309334835334,1,-1
2025-01-02 08:01:10,1.5641253,12.363339,-0.95104015,12.498125,0.14687794754858907,1,-1
2025-01-03 10:41:05,-2.303107,6.0218506,-1.0602636,6.5338464,0.14687370061089244,1,-1
2025-01-02 07:41:20,-1.714012,6.922838,-3.3033419,7.859745,0.14686557307458675,1,-1
2025-01-01 17:24:25,2.7258177,9.010735,0.088467985,9.414417,0.1468654238452264,1,-1
2025-01-03 21:20:20,-2.058264,5.536972,-1.7791803,6.169278,0.1468591731938731,1,-1
2025-01-01 09:48:55,-3.181616,10.815732,-1.0352145,11.321414,0.1468501991160725,1,-1
2025-01-03 20:04:05,3.7197375,8.492503,0.90313804,9.315295,0.14684047705428327,1,-1
2025-01-02 03:15:50,1.6116458,6.465662,0.6602937,6.6961317,0.14682520597439905,1,-1
2025-01-01 09:22:05,3.439291,7.8208456,-1.5551138,8.684051,0.146815708619703,1,-1
2025-01-02 14:30:50,-3.9790409,11.19327,-2.7494829,12.193511,0.14677397890456692,1,-1
2025-01-02 14:28:50,1.182581,8.332719,1.8227292,8.611332,0.14676341777025237,1,-1
2025-01-02 13:41:15,-0.6890688,12.259737,2.174561,12.470152,0.14676319254355355,1,-1
2025-01-03 12:02:10,1.1047684,13.867328,-1.5321522,13.995384,0.14676273022838188,1,-1
2025-01-01 18:47:25,-1.3221458,12.916469,0.15970343,12.984942,0.14671389253137654,1,-1
2025-01-01 02:45:00,1.0049889,5.293745,-0.25223163,5.394197,0.1466853166241401,1,-1
2025-01-03 16:01:55,2.2810163,5.5606985,0.49230632,6.030487,0.14668349080928722,1,-1
2025-01-01 22:19:55,-2.9240828,8.8143425,-0.14638425,9.287859,0.1466507775336963,1,-1
2025-01-02 07:05:05,-1.5680726,12.83592,-0.023231473,12.931366,0.14664373722723903,1,-1
2025-01-01 12:02:30,-1.9739714,5.216853,-1.2672716,5.7199736,0.14660770064927536,1,-1
2025-01-01 01:49:05,2.0434637,10.3731365,-3.2059324,11.047882,0.14660062094408202,1,-1
2025-01-03 19:25:30,-3.2428153,11.221519,1.2063575,11.742812,0.14657919854160487,1,-1
2025-01-01 20:46:15,0.94536686,7.1323075,-2.7588172,7.7054915,0.14657595898285994,1,-1
2025-01-01 14:37:10,-1.1660438,6.0231853,-1.0413057,6.2227592,0.14655066973135894,1,-1
2025-01-03 10:00:50,3.2047734,8.959113,1.026766,9.570294,0.14654622857664137,1,-1
2025-01-01 20:02:35,3.3065221,12.036819,0.92037016,12.516597,0.14654413615308,1,-1
2025-01-03 21:13:05,3.9329002,7.222197,-2.734766,8.666416,0.14654191928280716,1,-1
2025-01-03 09:22:35,-1.9147738,5.5205493,0.059959948,5.8434935,0.14653295811937977,1,-1
2025-01-03 09:21:40,-0.74425536,7.298205,-2.504248,7.7517076,0.14652340769737004,1,-1
2025-01-01 23:06:00,-2.141383,6.3453293,-0.49776736,6.7153926,0.14651895239866383,1,-1
2025-01-01 01:44:55,-2.5481405,6.64592,-2.338947,7.4921255,0.14651427464492411,1,-1
2025-01-03 00:51:55,1.9268992,12.106552,1.9705305,12.416301,0.14649433700166517,1,-1
2025-01-03 05:58:00,2.61186,11.825924,0.5277488,12.122409,0.1464844962851307,1,-1
2025-01-02 13:59:10,0.8732269,11.365565,2.3079612,11.630361,0.14647663862031285,1,-1
2025-01-03 09:30:55,-2.2160797,6.8776464,-1.546459,7.3894906,0.14646740223999238,1,-1
2025-01-03 16:04:40,-3.1178749,7.9691167,0.48549753,8.571095,0.14644522591884768,1,-1
2025-01-03 01:55:50,0.8680621,7.547137,-2.8259618,8.105484,0.14644211498099136,1,-1
2025-01-03 02:43:20,-0.77736413,10.369912,1.0642195,10.453321,0.1464074450448725,1,-1
2025-01-01 21:55:50,0.1877797,6.462769,-3.3681142,7.290188,0.1464061546073342,1,-1
2025-01-02 15:18:40,3.9844413,6.8152423,1.461764,8.028703,0.14639017001047597,1,-1
2025-01-02 18:45:45,1.6875486,12.440482,-0.44083852,12.562156,0.14637556357012743,1,-1
2025-01-03 03:34:25,3.655396,8.558081,1.8409287,9.486394,0.14636413867424597,1,-1
2025-01-02 17:16:15,2.3123596,7.619228,-0.98701465,8.023331,0.14635947009114353,1,-1
2025-01-02 02:40:45,-1.3872547,11.633709,1.7603089,11.8476305,0.14635565797779387,1,-1
2025-01-02 23:02:10,2.91103,9.198418,0.8707993,9.687274,0.14635465527008806,1,-1
2025-01-03 05:45:10,-3.5567281,7.8062644,0.3572966,8.585788,0.14633041253009896,1,-1
2025-01-02 14:06:05,-3.5405247,5.2433696,1.1158948,6.4244423,0.146293279849608,1,-1
2025-01-02 09:26:20,-2.1617053,10.709188,-2.5134277,11.210575,0.14627214564115903,1,-1
2025-01-02 04:48:05,-4.1781464,8.67171,2.12388,9.857298,0.1462453270911489,1,-1
2025-01-02 03:16:35,2.6662142,9.042809,-2.3073256,9.705917,0.14621187047642564,1,-1
2025-01-01 00:15:40,3.6547933,12.894207,-1.9862974,13.548559,0.1461850042261297,1,-1
2025-01-02 20:51:50,2.7800167,13.538369,-3.7794251,14.328293,0.14617810275432866,1,-1
2025-01-02 02:19:35,3.8637474,7.3701696,0.7379863,8.354195,0.1461713226088096,1,-1
2025-01-02 20:06:35,-4.001615,10.355116,-2.5732367,11.3957405,0.14616800341592073,1,-1
2025-01-01 23:28:40,0.006716991,6.994986,2.3707879,7.385832,0.14616331786258466,1,-1
2025-01-03 14:51:35,-2.8904645,10.907335,-1.764043,11.420884,0.14613757855369275,1,-1
2025-01-02 12:22:35,-2.9038546,5.5969596,-0.07041448,6.305814,0.14613740850989607,1,-1
2025-01-02 07:16:35,1.6388564,11.69116,-3.0753663,12.199465,0.14613609929904237,1,-1
2025-01-03 05:42:20,-3.7636104,9.943852,-2.8604124,11.01031,0.14613608914475526,1,-1
2025-01-01 01:24:45,3.2995493,10.960214,-0.87238765,11.479301,0.14612177217323377,1,-1
2025-01-02 14:59:40,1.4835949,6.748545,0.9641376,6.976638,0.1461194536360729,1,-1
2025-01-02 21:02:30,0.8428428,8.87155,1.4278464,9.02516,0.14611357879283654,1,-1
2025-01-02 01:38:25,-2.467231,13.334048,-0.45890296,13.568149,0.14609500765741543,1,-1
2025-01-03 14:41:35,-0.8449209,9.605265,-2.7289643,10.02109,0.14605855884725089,1,-1
2025-01-03 01:43:50,-1.2860473,13.501307,-0.12164082,13.562964,0.14604367681012964,1,-1
2025-01-03 18:54:00,-4.0835752,10.067163,-0.946718,10.905028,0.1460414681336431,1,-1
2025-01-03 18:03:45,3.6653316,6.6221566,0.39028925,7.578914,0.14598012350106462,1,-1
2025-01-01 22:37:55,2.4173443,11.651927,0.5216623,11.9114685,0.1459794159323092,1,-1
2025-01-03 19:02:00,-1.4290924,9.155704,2.4653664,9.588913,0.14595060775949575,1,-1
2025-01-01 12:00:35,-2.5071225,12.54486,0.39520144,12.799037,0.14591923967527828,1,-1
2025-01-01 17:00:35,-4.1242065,5.7684145,1.4619459,7.240233,0.14590716317051003,1,-1
2025-01-02 06:56:15,-2.3549144,13.132568,2.3779707,13.552296,0.14587968831031473,1,-1
2025-01-01 01:35:35,-2.6086228,13.119536,-2.1130033,13.542228,0.1458603034854038,1,-1
2025-01-03 02:54:10,-3.8942385,13.17867,-2.577487,13.9816265,0.14583102000546141,1,-1
2025-01-02 06:38:10,3.468305,12.573877,-3.7717314,13.57783,0.14582739928316413,1,-1
2025-01-01 04:46:55,-1.5237535,6.248735,-1.0198449,6.5121884,0.14582002006997896,1,-1
2025-01-02 03:38:20,-1.702126,6.1659613,0.03112606,6.3966613,0.1457807139469906,1,-1
2025-01-01 12:16:25,-3.6976376,7.7388372,1.2487713,8.66727,0.14576826009899652,1,-1
2025-01-01 15:11:25,3.5322373,10.699369,-2.4984033,11.541023,0.1457571530395655,1,-1
2025-01-01 09:43:00,3.5182052,9.768298,1.5605222,10.499173,0.14575231220968596,1,-1
2025-01-02 18:01:40,1.5125372,6.6925526,-0.40504035,6.873288,0.145750941517803,1,-1
2025-01-02 16:15:30,-3.2477922,13.913765,0.30390528,14.291024,0.14571328768101655,1,-1
2025-01-02 10:07:25,1.3200232,5.873584,1.4333212,6.1883645,0.14568494226377543,1,-1
2025-01-02 19:07:40,2.9563982,13.722255,0.8494353,14.062792,0.14567869130040922,1,-1
2025-01-02 12:55:35,2.9341736,12.464252,-0.095070474,12.805311,0.14564159838031768,1,-1
2025-01-02 07:48:35,-2.0543883,12.379742,-3.37379,12.994652,0.14563211328661366,1,-1
2025-01-02 02:35:45,-2.7609262,10.396268,-0.45559,10.766274,0.14561402693458028,1,-1
2025-01-03 01:28:20,2.85329,10.252925,0.20203793,10.644461,0.14560933120672626,1,-1
2025-01-02 08:03:20,-4.136764,6.599198,-0.7150423,7.8213496,0.14559384560166513,1,-1
2025-01-03 04:55:05,-0.30642414,11.968036,-2.9075658,12.319972,0.14555215777346753,1,-1
2025-01-02 03:49:45,2.8143983,10.679562,-0.2856219,11.047872,0.1455442029503323,1,-1
2025-01-02 13:36:55,3.803143,12.350591,-1.0439205,12.964982,0.14553207275102917,1,-1
2025-01-02 12:39:15,-1.7798189,6.8437696,-0.9671764,7.137252,0.14552856045435475,1,-1
2025-01-03 02:50:40,2.7022767,13.120958,0.84988886,13.423269,0.14550992216772204,1,-1
2025-01-01 07:52:40,0.83167297,8.818878,1.2575707,8.946831,0.14550067708321357,1,-1
2025-01-02 22:04:20,3.5722446,9.563364,-1.926314,10.388915,0.1454835413384005,1,-1
2025-01-03 06:07:25,1.1411196,5.662208,-2.1226811,6.1537414,0.14547661186996783,1,-1
2025-01-02 11:08:10,0.5462574,6.4797096,-1.7673166,6.738579,0.14545221873173722,1,-1
2025-01-02 09:51:30,-1.9527496,12.206926,2.1376336,12.545587,0.14544624681549334,1,-1
2025-01-01 22:33:20,3.5863945,6.3518243,1.7107202,7.4922934,0.14544398085674057,1,-1
2025-01-03 18:21:30,0.69210035,10.091034,2.3399918,10.381885,0.145426281655714,1,-1
2025-01-03 18:31:00,3.421586,7.2573056,-0.028852955,8.0235,0.14537822129433284,1,-1
2025-01-02 04:23:30,-1.4880934,13.337322,1.6957412,13.526793,0.1452760238234077,1,-1
2025-01-02 21:01:40,-2.2480676,9.395161,2.2502322,9.918992,0.14524583334809185,1,-1
2025-01-03 16:06:20,1.3073305,6.360426,0.48399222,6.511404,0.1452386693399996,1,-1
2025-01-01 22:09:45,-3.8216684,10.08295,-0.9937895,10.828603,0.1452009975186536,1,-1
2025-01-02 15:51:55,-2.6559732,11.17628,-1.2496961,11.555308,0.14517558055535218,1,-1
2025-01-03 06:05:25,1.3518175,13.914583,-2.0038724,14.122979,0.14513612007841972,1,-1
2025-01-01 14:29:15,-3.645706,9.599236,-2.9583025,10.685881,0.14512477350697137,1,-1
2025-01-03 14:17:50,2.6947157,8.76298,-0.0515734,9.168096,0.14511848552024692,1,-1
2025-01-02 06:43:05,-1.8958657,8.910586,-2.8698564,9.551384,0.14510623763611846,1,-1
2025-01-02 04:37:50,3.3393953,5.216681,-2.56099,6.702536,0.14509213401377233,1,-1
2025-01-01 11:58:50,-2.7139254,9.869423,-0.30824777,10.240406,0.1450689983949308,1,-1
2025-01-03 18:43:30,1.2592052,8.0063305,1.3234283,8.212088,0.14504714141887093,1,-1
2025-01-03 02:14:55,3.8545854,13.1256,0.5403009,13.690549,0.14504506443438073,1,-1
2025-01-02 23:31:35,3.530284,9.008752,-0.9164058,9.7190695,0.14502969157558723,1,-1
2025-01-01 09:20:30,-3.1762922,9.133597,-0.15082327,9.671307,0.14501115146111146,1,-1
2025-01-01 16:31:20,-1.8936558,9.040185,-3.5606875,9.898958,0.1450073413675007,1,-1
2025-01-01 12:51:45,0.8096726,11.852301,-2.5584023,12.152285,0.14500270898966486,1,-1
2025-01-02 10:15:35,1.6274159,12.360488,-1.0165559,12.508538,0.14499844188951866,1,-1
2025-01-03 15:27:35,-2.220112,9.893771,-2.8534594,10.533652,0.144985745104391,1,-1
2025-01-01 07:25:45,-3.1553228,9.361811,1.041851,9.934033,0.1449335201492019,1,-1
2025-01-01 09:36:30,-3.161473,8.203893,-3.71522,9.544717,0.1449281777616665,1,-1
2025-01-01 05:17:55,3.6262674,9.116804,0.85927063,9.849075,0.1449173830336382,1,-1
2025-01-03 08:07:25,2.7618222,10.730842,-0.26439008,11.083706,0.1449136742529418,1,-1
2025-01-02 00:10:10,-0.28081384,8.956908,1.7811811,9.136611,0.14489683391357874,1,-1
2025-01-03 12:25:15,0.47977686,5.6658564,-2.9473252,6.4045954,0.1448966997748366,1,-1
2025-01-02 11:44:40,3.406569,7.160029,0.25606355,7.93324,0.14486533478932828,1,-1
2025-01-02 02:30:05,-1.5200043,12.574425,-2.1383808,12.845203,0.14485652127325233,1,-1
2025-01-03 00:40:55,-2.1206055,7.9076786,1.9896188,8.425374,0.1448548147488717,1,-1
2025-01-03 19:39:30,0.8939732,7.502646,1.4409583,7.6918945,0.14484884563737835,1,-1
2025-01-02 10:15:15,-3.1069334,9.522876,-3.6272151,10.6533985,0.1448420088261148,1,-1
2025-01-01 03:26:35,-1.0700501,12.785915,0.35401022,12.835496,0.14484050119844416,1,-1
2025-01-02 13:54:55,-2.1140807,10.812269,-2.7189517,11.347564,0.14483737563266602,1,-1
2025-01-03 01:09:25,-1.0370029,6.5187044,-1.0379251,6.681779,0.1448365702929458,1,-1
2025-01-01 23:23:40,-2.718965,10.767978,0.11967447,11.106594,0.1448185254488462,1,-1
2025-01-03 07:37:40,0.4249036,8.382264,1.4698336,8.520757,0.1448153000332366,1,-1
2025-01-03 21:18:45,-0.05011034,8.038115,-2.813255,8.516349,0.1448136827619649,1,-1
2025-01-01 18:41:55,-1.7285988,13.168598,-2.1838818,13.459917,0.14480119174511685,1,-1
2025-01-02 22:23:55,2.2631886,11.222799,-3.5777457,11.994728,0.1447922015216771,1,-1
2025-01-02 03:56:50,2.4131882,8.602317,-0.55355895,8.951523,0.1447884150684664,1,-1
2025-01-02 03:37:10,0.7602908,10.30502,2.0750477,10.539322,0.14477024361196797,1,-1
2025-01-03 04:40:15,-1.979917,10.3841,-3.375615,11.097044,0.14475831987642798,1,-1
2025-01-02 18:32:35,-2.3219948,12.098459,-3.4495637,12.793118,0.14472839129710927,1,-1
2025-01-03 08:53:00,-3.4445844,10.917784,0.5731631,11.462621,0.14472498281479468,1,-1
2025-01-02 13:46:50,-3.7478886,10.520067,-2.268293,11.395773,0.14471782277363704,1,-1
2025-01-03 17:48:40,-3.649107,8.525541,1.634967,9.416685,0.1446762023230857,1,-1
2025-01-03 13:15:55,-0.40439796,11.751795,2.21682,11.965889,0.1446654442445986,1,-1
2025-01-03 03:14:55,1.6813037,6.5473924,-0.23978217,6.7640686,0.14466477616934506,1,-1
2025-01-02 08:30:40,-3.5581207,8.930118,-0.01588648,9.612881,0.14464455033595117,1,-1
2025-01-03 18:43:20,3.2130518,12.19598,-0.89629483,12.64393,0.14464426199060615,1,-1
2025-01-03 06:33:10,-3.9974506,9.213895,-2.6569426,10.389168,0.14463314560848672,1,-1
2025-01-01 13:02:40,3.0667634,11.7839775,2.345157,12.400279,0.14461475957192904,1,-1
2025-01-03 12:52:35,2.7568917,11.21516,0.71817684,11.571346,0.14460858874117918,1,-1
2025-01-02 02:15:35,3.437096,12.2559805,-1.4197109,12.807742,0.14458065388999541,1,-1
2025-01-01 03:03:50,-1.0489658,10.941785,1.5577124,11.101777,0.14457760111324386,1,-1
2025-01-01 06:45:25,2.487087,5.6635013,1.2652472,6.313612,0.1445710090031784,1,-1
2025-01-02 17:18:25,1.2903472,11.900815,-2.8801792,12.312181,0.14454099719154806,1,-1
2025-01-01 22:31:15,0.4490169,8.924154,-3.2373943,9.503835,0.1445204837180771,1,-1
2025-01-01 22:00:55,1.1703252,13.362215,-2.039962,13.567605,0.14449187282462445,1,-1
2025-01-02 16:33:55,3.8517354,10.795529,0.8307609,11.492149,0.1444894546075999,1,-1
2025-01-03 05:07:45,2.9397633,11.921386,-2.2429473,12.481686,0.14448652826113295,1,-1
2025-01-02 16:20:00,0.56076205,5.846686,0.91969407,5.945084,0.14446713885993392,1,-1
2025-01-01 00:34:20,1.8155332,5.648791,-3.0281541,6.661435,0.14446401507724907,1,-1
2025-01-02 21:26:20,0.08965236,10.669955,1.4640205,10.770299,0.1444499544843925,1,-1
2025-01-03 06:30:00,2.8396883,10.56589,2.1145024,11.143293,0.14444134460173605,1,-1
2025-01-02 19:40:25,3.9256058,13.092997,1.8303486,13.790834,0.14443723903549655,1,-1
2025-01-01 11:37:30,-2.747456,13.999259,-3.1020856,14.599681,0.14442160481511113,1,-1
2025-01-03 02:40:10,-3.7866528,12.855733,-1.5119371,13.486829,0.14439836128516215,1,-1
2025-01-03 19:53:10,3.6165528,9.484189,0.097405136,10.150803,0.14437675559759416,1,-1
2025-01-02 16:28:20,-4.130586,11.702113,-3.1512234,12.80357,0.1443702673631643,1,-1
2025-01-02 18:34:25,-3.273486,12.8173685,-0.79839027,13.2528515,0.1443579985014476,1,-1
2025-01-01 06:05:20,0.71615666,6.302353,-0.1741126,6.345301,0.14435097097365068,1,-1
2025-01-03 09:06:00,-0.23361301,12.93473,-2.2209487,13.126098,0.14432696553478652,1,-1
2025-01-01 11:13:35,-1.1531589,7.0839295,-3.521056,7.9943523,0.14431048572547908,1,-1
2025-01-01 13:14:25,-3.2573938,10.189494,-2.4230075,10.968472,0.14429991692629887,1,-1
2025-01-03 15:09:35,-3.9531705,6.5410523,0.80993396,7.685631,0.1442842222082264,1,-1
2025-01-03 00:20:45,-0.28972438,12.117836,2.1288614,12.306826,0.1442627232834142,1,-1
2025-01-01 20:13:25,2.3262978,13.810504,0.89920884,14.033897,0.14424088991528172,1,-1
2025-01-02 13:07:10,-3.044463,8.2841215,-0.5547105,8.843253,0.14424009946539573,1,-1
2025-01-03 05:50:45,1.937209,12.51956,-0.5061055,12.678656,0.1442389870582283,1,-1
2025-01-03 14:53:15,-1.4817896,13.204778,-2.2714229,13.480401,0.14421816691662714,1,-1
2025-01-01 05:46:00,-2.7154918,7.9207873,2.254922,8.671646,0.14421265024091262,1,-1
2025-01-01 09:30:40,3.8722506,12.508799,-0.41816795,13.101116,0.14420233399180266,1,-1
2025-01-01 19:31:25,-0.14493448,10.544111,-3.3474102,11.063654,0.14418688642806515,1,-1
2025-01-03 15:58:45,-1.6589129,13.148675,2.076256,13.414562,0.14418592785149328,1,-1
2025-01-02 11:40:15,2.4792624,11.356463,0.4731107,11.633565,0.14418114143561742,1,-1
2025-01-01 14:07:45,1.2702531,13.919734,-0.94252527,14.009314,0.14416995093634385,1,-1
2025-01-03 08:51:20,-4.165228,9.098429,1.8127676,10.169397,0.14416089241515334,1,-1
2025-01-02 05:12:05,-3.1650016,10.691601,0.5688405,11.164727,0.14414368081705942,1,-1
2025-01-01 14:46:50,1.3932471,6.3229256,-0.5810974,6.500631,0.14411116928868367,1,-1
2025-01-03 17:46:50,-1.346605,6.764693,-0.1369224,6.89878,0.1441045775819439,1,-1
2025-01-03 15:45:35,-2.0831618,8.716852,-2.8806956,9.413898,0.14410176577521885,1,-1
2025-01-02 05:49:50,0.59117067,11.212627,-3.6480384,11.80596,0.14409367371370838,1,-1
2025-01-02 16:16:30,3.015727,13.96692,-1.1974784,14.338878,0.14405369027080153,1,-1
2025-01-03 16:07:25,-2.9933321,5.585841,1.2847211,6.466233,0.1440531733144565,1,-1
2025-01-01 17:38:05,1.9302801,6.4554377,-1.8549331,6.9885216,0.14402810640526548,1,-1
2025-01-01 10:35:45,1.595798,13.243928,-0.34194553,13.344105,0.14402574837215545,1,-1
2025-01-02 03:04:15,-1.6506965,9.114177,2.492232,9.591884,0.14401306799720612,1,-1
2025-01-01 01:21:20,-3.2771952,6.0842476,-0.48143095,6.927471,0.1440119809514534,1,-1
2025-01-03 04:15:55,3.6754456,12.368036,0.31886744,12.906545,0.14400633876071636,1,-1
2025-01-01 15:07:00,3.7936418,7.6955147,-2.169125,8.849732,0.14398488932664502,1,-1
2025-01-02 00:21:35,1.6745211,12.358936,2.136405,12.653519,0.1439533225770272,1,-1
2025-01-02 11:25:45,3.1384664,11.503347,-2.1090398,12.108882,0.14392398730435788,1,-1
2025-01-01 19:19:45,-3.6084297,6.466191,-1.825826,7.6266656,0.14392006268538024,1,-1
2025-01-02 22:45:25,-2.6544893,10.226825,-0.6306139,10.584514,0.1439153407334519,1,-1
2025-01-01 16:21:25,-1.6402671,9.418132,-2.6165895,9.91152,0.14390854651695675,1,-1
2025-01-02 08:48:15,0.9785502,13.12368,-3.4328914,13.600489,0.1439059445509025,1,-1
2025-01-01 06:59:50,-1.2255594,5.29505,-0.03089098,5.4351177,0.14388849877299367,1,-1
2025-01-02 22:50:55,-2.7252836,12.936615,-3.400027,13.6507635,0.14388291710021398,1,-1
2025-01-02 19:46:15,0.9737463,8.598794,1.7307719,8.825135,0.14386404745999803,1,-1
2025-01-01 14:09:05,2.5653346,10.6951,0.16651167,10.99972,0.14386300198691165,1,-1
2025-01-03 12:35:45,0.7787592,8.280114,1.5542097,8.460633,0.14385069891914465,1,-1
2025-01-03 01:02:15,-1.2907077,13.124473,-0.40002275,13.193851,0.1438391772418329,1,-1
2025-01-02 15:44:25,0.36310259,7.2832646,1.2061459,7.391385,0.14378236148437462,1,-1
2025-01-03 01:05:15,3.4056349,10.017517,-2.8066385,10.946516,0.14376869722194152,1,-1
2025-01-01 10:02:45,2.9696493,9.061965,-0.039691597,9.536225,0.14376524513989247,1,-1
2025-01-03 09:31:35,-4.0027323,8.369247,-0.6380766,9.299103,0.1437606549336745,1,-1
2025-01-01 06:26:30,-3.627401,13.139416,0.10688645,13.6313505,0.14373437709171516,1,-1
2025-01-03 20:42:30,2.651669,8.773215,-1.8134952,9.342881,0.1437142388062245,1,-1
2025-01-03 00:35:50,3.2361543,6.3803215,-1.2544278,7.263249,0.14370164780631364,1,-1
2025-01-02 13:54:35,3.4875052,8.681761,1.0878801,9.419085,0.14368161935066648,1,-1
2025-01-03 19:50:35,-0.8213497,13.103053,-1.7794528,13.248815,0.1436477461379026,1,-1
2025-01-03 19:41:25,1.5595931,12.791524,-3.2630847,13.292973,0.14363344417495968,1,-1
2025-01-02 19:19:15,3.5908673,13.120006,1.2716383,13.661843,0.14362698100023885,1,-1
2025-01-03 07:02:45,2.6996737,7.234253,-2.0661778,7.9932313,0.14362112094874357,1,-1
2025-01-01 10:40:10,1.352894,11.696304,1.9776388,11.939218,0.14359963634394837,1,-1
2025-01-03 19:10:55,-2.251049,10.199495,1.9684289,10.628812,0.14359227591908622,1,-1
2025-01-03 07:01:05,2.6594594,10.338263,0.021562649,10.6748705,0.14355390493601988,1,-1
2025-01-02 19:39:45,-1.7077672,6.639937,-2.3291726,7.2408757,0.14354711532813882,1,-1
2025-01-03 02:15:30,3.982064,12.685417,-3.0462906,13.640254,0.1435226693940504,1,-1
2025-01-02 15:04:35,-0.6749802,12.715526,0.4663011,12.741963,0.14351742227683492,1,-1
2025-01-02 04:51:05,-2.2959945,13.169939,0.29214343,13.37177,0.14348148814703982,1,-1
2025-01-02 23:36:10,-0.7346505,12.195755,-1.2622828,12.282895,0.14347798285438254,1,-1
2025-01-02 16:43:00,2.0251415,9.770869,1.4745717,10.086895,0.14347022083099129,1,-1
2025-01-01 20:41:40,-3.0646791,13.504598,-1.5497278,13.934421,0.14345589372906034,1,-1
2025-01-03 00:57:25,3.061118,9.638443,0.8367333,10.147421,0.14341753745095015,1,-1
2025-01-03 10:18:45,-3.1455903,6.564176,-3.494603,8.074367,0.14341364693423517,1,-1
2025-01-02 13:36:10,-1.4198457,5.347039,-1.5637207,5.7490883,0.14339907054962203,1,-1
2025-01-02 16:38:55,0.5741953,5.8774056,-2.7322538,6.506828,0.1433935833675133,1,-1
2025-01-02 07:32:00,-4.079972,13.127604,-0.6739523,13.7635145,0.1433705188807292,1,-1
2025-01-01 10:04:35,-1.1734476,8.032241,2.4039614,8.465984,0.14335994687259598,1,-1
2025-01-01 01:27:10,-2.2315156,6.8221097,2.3467238,7.5516853,0.14334274346172307,1,-1
2025-01-02 23:46:20,3.2117393,9.254371,-2.6937902,10.159486,0.14334039772298718,1,-1
2025-01-01 18:44:35,-1.660768,12.019154,-3.4508874,12.614549,0.1433001286465819,1,-1
2025-01-01 08:52:45,-2.7997599,10.837899,0.6403077,11.211989,0.14329058098414055,1,-1
2025-01-01 10:07:40,-0.0040494977,5.9178133,0.35107896,5.92822,0.143288964849058,1,-1
2025-01-02 17:33:55,0.96510917,10.054911,1.8648547,10.271823,0.14328439146701857,1,-1
2025-01-02 12:21:05,3.7364552,8.449449,-2.5739088,9.590583,0.1432644725643407,1,-1
2025-01-02 11:36:10,-3.6100662,8.2738085,-1.2077664,9.107534,0.1432562004153229,1,-1
2025-01-01 00:38:55,-3.3479733,9.673126,-1.8803264,10.407397,0.14324412205688392,1,-1
2025-01-01 21:10:45,3.7535706,10.670407,0.1276697,11.312081,0.14323701209394757,1,-1
2025-01-01 07:12:40,0.14626668,12.896985,1.5646349,12.992372,0.143226811496487,1,-1
2025-01-01 06:08:10,-1.0563709,9.73164,2.49399,10.101521,0.1432079634298854,1,-1
2025-01-01 23:00:40,-1.2618957,6.550588,-0.8283517,6.722258,0.14320629604477864,1,-1
2025-01-02 03:26:50,-1.1608828,12.404159,-1.1141875,12.508086,0.1431834606133935,1,-1
2025-01-01 05:49:25,-3.349316,6.9759274,-3.701632,8.578086,0.14315871555913723,1,-1
2025-01-02 03:12:30,-1.1150048,6.6616616,-2.1095746,7.076106,0.14314856783596666,1,-1
2025-01-01 01:34:00,-1.6825049,12.600597,-0.6535063,12.729217,0.1431033456912274,1,-1
2025-01-03 03:00:45,-0.18279669,11.005853,-3.0655844,11.426286,0.1430899900987898,1,-1
2025-01-02 11:57:30,-0.11668466,7.461408,-2.7736244,7.961107,0.14308299663790905,1,-1
2025-01-03 03:43:05,3.1256974,9.209936,-3.1140485,10.212257,0.14307547663173084,1,-1
2025-01-02 06:16:25,1.2976006,13.365716,-3.0040803,13.760473,0.14301035825926167,1,-1
2025-01-01 02:00:40,-3.755861,11.394007,0.48973444,12.00707,0.1430070789428545,1,-1
2025-01-02 03:41:55,1.011602,6.9834604,0.80057687,7.1016183,0.14300675677515906,1,-1
2025-01-03 03:34:55,-2.0592406,11.151244,2.1168056,11.5356655,0.14300668352267648,1,-1
2025-01-02 05:45:40,2.32251,9.612349,-3.4046295,10.458623,0.14298690781774903,1,-1
2025-01-02 13:00:25,-1.1503701,8.080694,-2.828316,8.638307,0.1429853813937126,1,-1
2025-01-02 08:13:55,0.5534353,13.045319,-1.6928743,13.166338,0.14296396683789053,1,-1
2025-01-01 15:35:30,0.35152748,10.383139,1.8807752,10.557957,0.14296337129068876,1,-1
2025-01-01 01:09:05,-1.6003017,7.116161,2.169101,7.60958,0.14295340817059463,1,-1
2025-01-03 19:17:30,2.9679546,7.267666,-2.24935,8.166229,0.14294973099474523,1,-1
2025-01-03 07:14:35,-2.8807094,13.260083,-0.4763484,13.577746,0.14294440119369894,1,-1
2025-01-01 01:21:25,-3.9191055,6.272473,0.5860917,7.419353,0.14293867899163246,1,-1
2025-01-02 19:58:45,1.1751332,5.783834,-2.397428,6.3703485,0.14293513208268102,1,-1
2025-01-01 13:47:15,-3.1508684,11.490706,-1.3507385,11.991197,0.14290228367572594,1,-1
2025-01-02 07:59:05,-1.3379326,13.527541,0.009654989,13.593548,0.14289866324563344,1,-1
2025-01-03 19:57:05,-2.9611354,10.849042,-3.7148707,11.843576,0.1428858419582787,1,-1
2025-01-02 09:53:15,1.9587566,12.668299,-0.3035874,12.822429,0.14288164145505003,1,-1
2025-01-02 10:47:15,-1.8494349,9.519625,1.3098567,9.785672,0.142879849283913,1,-1
2025-01-03 18:06:45,2.12433,9.240935,2.432864,9.789101,0.1428759347218069,1,-1
2025-01-01 14:45:30,-2.9499397,8.830306,0.12703441,9.310885,0.1428679437700115,1,-1
2025-01-03 02:08:00,1.7718005,8.807065,1.9633175,9.195558,0.1428595632460715,1,-1
2025-01-01 09:11:20,2.338614,13.744951,-2.9509656,14.251351,0.14284822164413463,1,-1
2025-01-03 06:11:00,2.6673229,13.436339,0.26655233,13.701127,0.14284648207355877,1,-1
2025-01-02 12:10:30,-2.9197793,11.664828,-0.4872053,12.034563,0.14282042796826855,1,-1
2025-01-02 18:34:05,3.3381193,11.303085,-2.1216004,11.97514,0.14281272483148136,1,-1
2025-01-02 19:13:25,2.9480412,11.845064,1.0672592,12.25298,0.1428117095570525,1,-1
2025-01-03 17:16:55,0.40768752,11.257297,-3.491393,11.793335,0.14272903221858116,1,-1
2025-01-02 08:16:30,2.4963183,11.302814,0.5413293,11.587849,0.1427216528217966,1,-1
2025-01-02 04:09:00,-1.8037257,9.330122,-2.9972596,9.964345,0.14268950212137965,1,-1
2025-01-02 19:35:55,1.3000478,10.644071,1.5592779,10.835945,0.14266587206668785,1,-1
2025-01-02 12:14:55,-1.699137,6.1828403,-2.6330116,6.931618,0.14265600945959112,1,-1
2025-01-01 21:37:10,2.689185,8.335306,-1.4304572,8.874415,0.14264622948691924,1,-1
2025-01-02 07:36:20,1.532761,7.1569085,1.7736686,7.531042,0.14263614970580477,1,-1
2025-01-02 16:32:45,-2.2063577,10.98118,-3.5351162,11.74527,0.14263397887034168,1,-1
2025-01-01 04:06:35,-0.18065716,5.250612,-3.7439566,6.451261,0.14262858111781043,1,-1
2025-01-01 15:50:15,0.18640734,10.698637,-2.8255217,11.06703,0.14259797591267,1,-1
2025-01-02 23:38:55,-3.098929,11.589855,-0.647918,12.014487,0.142589991796276,1,-1
2025-01-01 14:55:15,-2.8457365,10.9026985,1.2565078,11.337807,0.1425677437878852,1,-1
2025-01-01 23:36:10,3.187102,10.6499,-0.4323047,11.124967,0.1425595753502691,1,-1
2025-01-02 08:03:05,-3.1926425,10.579749,-3.3901787,11.559298,0.14255440037992717,1,-1
2025-01-03 04:38:05,1.3331766,7.3219724,-3.477941,8.214908,0.142530161354442,1,-1
2025-01-02 07:12:45,-3.1496527,13.113494,2.323458,13.68512,0.14252093846307967,1,-1
2025-01-02 22:50:30,3.0249245,5.5252137,-0.7494956,6.3434925,0.14249827577837854,1,-1
2025-01-01 22:08:05,-4.004661,10.496694,-1.5181746,11.336787,0.1424903438026071,1,-1
2025-01-01 13:08:00,-1.6587613,13.085773,-0.9608216,13.225435,0.14247413828249206,1,-1
2025-01-03 09:37:45,-0.28229037,5.987327,-0.9631355,6.0708656,0.14243055205262783,1,-1
2025-01-03 13:02:50,3.2046554,10.987981,-0.8686358,11.478679,0.14242836702772924,1,-1
2025-01-03 14:40:55,1.0532994,11.364968,-2.6681325,11.721385,0.14241499832767632,1,-1
2025-01-03 09:45:20,-1.3263143,5.4048443,1.5138615,5.7674284,0.1423917869059357,1,-1
2025-01-02 08:22:30,2.5159614,10.832614,-3.363919,11.618587,0.14238791459790273,1,-1
2025-01-03 00:58:50,-3.5225718,10.011451,-1.9557807,10.791791,0.14238273933071025,1,-1
2025-01-03 13:46:20,-3.9763317,12.639998,-1.7556779,13.366494,0.14236763579329276,1,-1
2025-01-02 03:15:30,-0.9673726,12.745771,-1.5274534,12.873368,0.14234099158265895,1,-1
2025-01-02 21:54:35,-1.0320212,13.162042,-2.7059083,13.476882,0.14232945310684147,1,-1
2025-01-01 10:18:05,-2.94374,13.580109,-2.8197167,14.178708,0.14228927793647653,1,-1
2025-01-01 14:52:05,-1.0679182,9.944396,-3.7489343,10.681104,0.14228145619811647,1,-1
2025-01-03 20:02:25,-2.6647677,13.590615,-2.9407847,14.158178,0.14227399846469083,1,-1
2025-01-01 01:03:20,1.598627,9.127171,1.9137279,9.461671,0.14226434403967214,1,-1
2025-01-02 05:35:25,2.210366,12.211098,-1.2906535,12.476474,0.14222781684974814,1,-1
2025-01-02 02:24:25,-2.6819925,10.410492,-0.9259358,10.790217,0.14221297806005972,1,-1
2025-01-01 02:17:00,-4.040902,11.084061,-1.6909708,11.918249,0.1422076244504984,1,-1
2025-01-01 01:44:10,1.2895405,11.871317,-3.0002122,12.312284,0.14220725659884895,1,-1
2025-01-02 17:25:45,2.848512,11.767792,-1.9495405,12.26359,0.14217995246595036,1,-1
2025-01-01 10:21:50,-2.1707242,6.498707,-2.4087842,7.262746,0.14217029880432105,1,-1
2025-01-03 03:27:35,1.3279299,6.68607,-3.5237458,7.6735725,0.14215621607942142,1,-1
2025-01-02 21:02:50,-2.4810576,12.820506,-0.5971487,13.072016,0.14215283405479448,1,-1
2025-01-03 16:37:25,-2.3035283,12.759335,2.210301,13.152654,0.142142420748133,1,-1
2025-01-03 11:45:25,3.0862002,6.245227,-0.7412188,7.0054903,0.14211037217224043,1,-1
2025-01-03 07:43:05,3.1491807,6.3935056,-1.2688106,7.23907,0.14206491178234865,1,-1
2025-01-02 19:42:05,-3.654638,9.645323,-1.451611,10.416132,0.1420563913677184,1,-1
2025-01-02 03:01:00,0.17755757,10.29832,2.2922347,10.551837,0.14205533401646242,1,-1
2025-01-02 02:21:15,2.4621406,11.246382,-0.37270734,11.518774,0.14205109851847741,1,-1
2025-01-02 11:01:35,-4.1807456,9.9815035,1.7526575,10.962703,0.1420346894431725,1,-1
2025-01-02 21:13:45,-2.8721201,11.378174,-1.1062154,11.787096,0.14202758267699095,1,-1
2025-01-03 03:40:40,1.0266869,10.487867,1.4368893,10.635511,0.14202716752081412,1,-1
2025-01-01 14:00:55,-2.8916736,12.5361185,2.442978,13.095197,0.14201484798291988,1,-1
2025-01-03 09:35:40,-0.88306063,11.087136,-3.2590425,11.589898,0.1419859724360856,1,-1
2025-01-01 10:43:25,0.1442218,10.875862,-2.9664497,11.274085,0.14195532833454927,1,-1
2025-01-03 11:50:25,0.20544903,14.031239,-2.279111,14.216618,0.14195415010540255,1,-1
2025-01-02 04:24:30,2.3016043,10.224363,0.9581786,10.52393,0.14194130033742688,1,-1
2025-01-02 01:37:15,3.189594,9.665219,-3.15718,10.656348,0.14193636297180193,1,-1
2025-01-02 07:24:45,0.66025907,13.427172,-0.17215942,13.444498,0.14192228806183899,1,-1
2025-01-02 04:05:30,2.439806,7.683165,-1.3405341,8.171947,0.14191674398611803,1,-1
2025-01-01 07:50:10,3.593668,8.334286,1.808661,9.254514,0.14191427191359796,1,-1
2025-01-03 16:18:15,-2.5702724,7.737956,0.037316192,8.153751,0.14190614085344727,1,-1
2025-01-03 07:47:15,2.5634882,5.354434,-1.0898875,6.0356684,0.1418812892588687,1,-1
2025-01-02 07:20:25,0.20889051,6.4725876,0.6817208,6.511741,0.14187942392590955,1,-1
2025-01-01 02:33:10,-3.235095,5.748715,0.20422526,6.5996413,0.14185718878655873,1,-1
2025-01-02 08:14:40,-3.5492651,11.09453,1.3806527,11.729965,0.14185645493843443,1,-1
2025-01-03 10:03:25,-3.270768,8.761836,-1.2477173,9.435279,0.14185186258242818,1,-1
2025-01-03 13:09:55,1.6423763,6.9883294,1.6399449,7.363665,0.14184093129778544,1,-1
2025-01-01 12:26:20,2.5726097,5.522532,0.73472226,6.136489,0.1418051363757686,1,-1
2025-01-02 08:20:05,3.0208638,13.369237,1.2353112,13.761836,0.14177782509472484,1,-1
2025-01-01 10:57:35,1.5708971,11.030574,-3.4714627,11.670147,0.14177400938835918,1,-1
2025-01-01 20:56:25,2.076785,5.7450027,-0.58511406,6.1368113,0.1417529823959006,1,-1
2025-01-01 16:47:40,-0.069148265,6.0174346,-2.2475522,6.4238453,0.14174892656751512,1,-1
2025-01-02 15:59:10,-3.6560857,6.7806287,-1.2896193,7.810698,0.14173609292198605,1,-1
2025-01-02 17:58:30,-2.7143207,5.720923,-1.8080543,6.5852532,0.14173417123716042,1,-1
2025-01-03 13:01:35,-2.8347929,6.2360263,0.8596751,6.9038477,0.14171939083644763,1,-1
2025-01-01 01:12:15,2.6526842,11.472371,-0.019180432,11.775075,0.14169586016945251,1,-1
2025-01-02 08:37:30,-1.3754385,13.332677,1.8084712,13.524891,0.14169418876944298,1,-1
2025-01-01 06:50:55,0.66096336,13.59257,-1.3047835,13.671039,0.1416575721500205,1,-1
2025-01-01 17:46:45,2.4288442,7.4227037,-0.107239135,7.810718,0.1416522590724427,1,-1
2025-01-03 13:17:55,-1.5590895,8.165867,-3.7509484,9.120403,0.14165151547194793,1,-1
2025-01-01 09:40:00,2.8595219,5.836617,-1.1476123,6.599998,0.14164767860827726,1,-1
2025-01-03 04:16:50,1.1394671,6.5210485,-0.2242533,6.6236506,0.14162809927584963,1,-1
2025-01-01 20:11:50,3.9620442,8.494663,0.8894001,9.415314,0.14162013772450638,1,-1
2025-01-02 08:46:15,2.7743337,6.562087,-1.7023057,7.325009,0.14161426481173917,1,-1
2025-01-01 08:53:55,-0.20290978,12.69903,-2.9774609,13.0449915,0.14159720471157153,1,-1
2025-01-01 05:35:40,3.1298294,11.509058,-0.6429495,11.944356,0.14158989732423594,1,-1
2025-01-02 22:06:05,2.5205815,10.05061,0.5845197,10.37833,0.14158179587484204,1,-1
2025-01-03 19:06:40,-3.6796737,11.70455,-2.3430464,12.491051,0.14157782180366618,1,-1
2025-01-01 03:54:30,-0.64051944,11.556209,1.8545586,11.721587,0.14157211402962866,1,-1
2025-01-03 00:28:30,-0.55842054,8.790788,2.4707081,9.148453,0.14157199293347664,1,-1
2025-01-02 09:17:30,-2.4563403,5.472595,-0.3216269,6.0071917,0.14156610754374532,1,-1
2025-01-02 12:48:45,0.6700688,6.20537,2.231877,6.62849,0.14156561770744377,1,-1
2025-01-02 17:45:50,0.71821934,13.488387,-0.06962046,13.507674,0.1415603532736312,1,-1
2025-01-01 10:01:15,-2.5568233,10.193092,2.4442182,10.789378,0.1415444909367536,1,-1
2025-01-02 16:33:20,-3.91336,6.0606194,-1.6131871,7.3924193,0.14154204249366686,1,-1
2025-01-01 21:43:55,-4.06295,7.4549603,-1.794113,8.677721,0.14152329025534546,1,-1
2025-01-01 06:54:25,-0.80006236,12.841138,-3.7334275,13.396769,0.1415196612077382,1,-1
2025-01-02 03:32:05,1.434943,12.817524,1.3179648,12.964761,0.14151786357092414,1,-1
2025-01-01 02:21:25,3.7883775,6.5856686,1.4195188,7.7290273,0.14151260012919362,1,-1
2025-01-02 02:20:10,1.9810694,9.124609,-3.1709607,9.860939,0.14148244480347213,1,-1
2025-01-01 03:23:55,-2.4512744,8.432402,1.3113958,8.878845,0.14145741248133967,1,-1
2025-01-01 00:58:25,-3.8641243,11.639353,-1.6035441,12.368401,0.14144780428944095,1,-1
2025-01-03 18:59:20,3.4625943,8.608488,1.0227674,9.33497,0.14143405849182597,1,-1
2025-01-01 21:58:05,2.245114,9.4139185,-3.3030958,10.226087,0.14139391720899638,1,-1
2025-01-01 12:28:20,2.6449082,12.178225,-1.2298057,12.522664,0.14136051867452218,1,-1
2025-01-01 18:37:50,1.045166,8.938042,1.2777325,9.0892,0.1413596155564102,1,-1
2025-01-02 15:15:40,-3.096391,9.813572,0.54912996,10.305114,0.14135776618758847,1,-1
2025-01-02 19:15:05,2.0232713,6.56439,-0.06975894,6.869477,0.14133865394028206,1,-1
2025-01-02 21:41:25,3.1097372,13.127278,2.438365,13.709177,0.1413328885545227,1,-1
2025-01-03 20:13:55,-3.7877183,8.124521,-0.6149857,8.9851465,0.14131192403129625,1,-1
2025-01-01 10:44:00,-2.9465125,11.292476,-2.6399179,11.965412,0.14131006435269022,1,-1
2025-01-03 12:16:45,-3.6847017,9.801927,1.0440181,10.523534,0.14130659477971652,1,-1
2025-01-03 05:39:10,-2.9802237,8.756601,-1.0180529,9.30571,0.14127370036220427,1,-1
2025-01-03 12:11:55,-1.6315602,6.845455,0.84417,7.087656,0.14126977181675046,1,-1
2025-01-02 15:25:00,2.8204877,12.707521,-3.6220324,13.511306,0.14126606748005358,1,-1
2025-01-03 05:10:10,2.5244212,11.061528,-1.1387522,11.402932,0.14126499469336093,1,-1
2025-01-02 04:18:40,-1.7389487,9.069881,1.8859231,9.425677,0.14123812708179,1,-1
2025-01-01 00:57:55,3.119833,9.651814,0.8343312,10.17777,0.14120884598545225,1,-1
2025-01-03 12:54:50,2.6346486,9.924705,-0.57400334,10.284485,0.14114643603859897,1,-1
2025-01-03 09:17:35,-2.6729236,11.282814,-2.366744,11.834183,0.141139717645147,1,-1
2025-01-03 02:05:05,0.92227304,10.005952,1.5752225,10.171085,0.14113764614716176,1,-1
2025-01-02 15:02:40,-0.9687924,9.0283165,-3.5811615,9.760829,0.14113448841896595,1,-1
2025-01-03 16:41:10,2.6856823,9.510755,0.7576809,9.911681,0.14113178069863413,1,-1
2025-01-02 05:46:35,-2.5625584,10.7567,-0.35867593,11.063541,0.1411286496223696,1,-1
2025-01-03 07:00:35,1.5569729,5.596318,0.3772423,5.821104,0.14108518813770077,1,-1
2025-01-02 22:19:20,3.3931558,12.633838,-2.048596,13.241001,0.14107448619773325,1,-1
2025-01-01 01:52:55,3.1359735,7.257211,0.3143639,7.912033,0.141063577757346,1,-1
2025-01-01 18:35:35,-3.0554736,10.796005,-3.6496096,11.798699,0.14105292219696852,1,-1
2025-01-02 20:41:50,3.2003455,9.075484,0.64935315,9.645118,0.141042826579436,1,-1
2025-01-01 03:24:25,-0.887894,10.958805,1.9976166,11.174714,0.1410339329366367,1,-1
2025-01-02 22:22:15,-0.24991244,8.787823,-2.547608,9.153065,0.14101435281475158,1,-1
2025-01-01 02:28:50,-2.625546,8.230955,-3.4569767,9.305526,0.14097903833204278,1,-1
2025-01-01 08:46:55,2.678753,11.375465,-2.2718766,11.905392,0.14097425603082903,1,-1
2025-01-01 01:08:05,1.354309,12.287951,-0.84917784,12.391489,0.1409695341446908,1,-1
2025-01-03 17:07:50,-0.32141185,6.7479773,-1.605676,6.9438243,0.1409633695870525,1,-1
2025-01-03 00:50:50,0.22463574,12.3570795,-3.1577349,12.756142,0.14095137864632026,1,-1
2025-01-01 21:10:00,-3.1868305,8.299449,0.980027,8.944115,0.14095064015799907,1,-1
2025-01-01 03:02:10,0.5172767,6.919415,-1.5105687,7.101246,0.14094936186976403,1,-1
2025-01-01 00:14:25,0.7028323,13.101747,-3.4936965,13.577764,0.14093548595194552,1,-1
2025-01-01 02:28:05,-0.55890715,12.761205,-0.04217005,12.773508,0.14092856932445397,1,-1
2025-01-02 03:18:10,0.8007496,14.005747,-1.5164499,14.110343,0.14092688143600107,1,-1
2025-01-02 07:49:50,1.297776,12.312375,-3.3274693,12.81994,0.14091453286634442,1,-1
2025-01-01 03:17:00,-3.2721403,13.224034,-2.2081494,13.800649,0.14091238846138632,1,-1
2025-01-01 06:33:50,-2.6300967,8.869339,-1.778367,9.420465,0.1409119003704811,1,-1
2025-01-03 14:07:25,3.9684472,12.058951,-0.27023092,12.698028,0.14090075645247552,1,-1
2025-01-02 02:18:55,0.99887884,10.73074,-3.4744205,11.323344,0.14088104534878879,1,-1
2025-01-01 03:01:45,3.792314,7.0460677,-1.7864852,8.198795,0.14086849873479906,1,-1
2025-01-02 03:53:20,-2.8517182,12.198036,0.7519324,12.549493,0.14085909261487883,1,-1
2025-01-01 01:40:15,-0.069821745,6.156649,0.23274298,6.1614423,0.14084222013967504,1,-1
2025-01-03 08:40:30,-2.465913,5.7614846,0.29048222,6.27374,0.14081485014816994,1,-1
2025-01-03 07:44:15,2.276797,12.11939,1.6679168,12.443687,0.1407965044022047,1,-1
2025-01-01 13:52:25,2.6550043,10.463376,-1.7485261,10.935658,0.14078039764671732,1,-1
2025-01-01 11:02:55,-1.1346719,9.665643,-2.7752697,10.119993,0.1407659292266684,1,-1
2025-01-02 19:49:15,-3.5252702,6.289121,-1.3206469,7.3297124,0.14075006810394616,1,-1
2025-01-03 07:26:55,3.927016,8.50485,-3.7258568,10.081466,0.1407382918132524,1,-1
2025-01-02 12:04:40,-2.8621917,8.958446,-0.9985917,9.457435,0.14073679553611027,1,-1
2025-01-03 08:00:10,3.1674988,10.866734,-1.933486,11.482914,0.1407337517007928,1,-1
2025-01-02 03:53:05,2.6827033,7.7153153,-3.4036694,8.849178,0.14068133859999624,1,-1
2025-01-02 09:28:45,-3.3320355,5.5946617,0.4495914,6.527238,0.14063417030217198,1,-1
2025-01-01 08:08:30,2.6797078,13.328665,-1.565249,13.68518,0.14061349308413845,1,-1
2025-01-03 19:20:40,-1.4183336,5.8378325,-0.62623376,6.0402093,0.1406101537656059,1,-1
2025-01-03 15:30:40,-0.005131328,5.89182,1.0999767,5.9936233,0.14059999499827877,1,-1
2025-01-02 15:17:50,-0.05666613,6.1487646,-0.53878695,6.172585,0.1405642514554425,1,-1
2025-01-02 10:45:50,2.860008,11.108565,0.87982076,11.5045185,0.14056231434748148,1,-1
2025-01-03 20:03:15,2.3278654,6.8571897,-1.9711645,7.5050316,0.14056184235774438,1,-1
2025-01-01 05:31:25,-0.57158476,11.860879,2.0907748,12.057301,0.14055782906231354,1,-1
2025-01-02 07:45:00,-1.1101621,7.5128465,1.6310399,7.7676,0.14055497125698266,1,-1
2025-01-02 17:46:40,0.3061616,13.221385,-0.6824368,13.242525,0.14055086795970126,1,-1
2025-01-02 16:18:40,1.7730219,11.048989,1.0942951,11.24372,0.1405398649602054,1,-1
2025-01-02 18:28:00,-3.1157296,7.936428,1.2641636,8.619325,0.14052472712268313,1,-1
2025-01-02 17:05:15,-3.4572067,7.137752,-1.8624803,8.146693,0.1405118438407062,1,-1
2025-01-03 04:49:05,-0.84966063,5.7528396,-2.3231666,6.262123,0.14050533365246146,1,-1
2025-01-01 09:35:35,3.742723,8.090405,1.7663546,9.0875,0.14050282836026523,1,-1
2025-01-03 06:05:50,0.4587686,12.993048,0.011928586,13.001149,0.14049648532604195,1,-1
2025-01-03 10:27:50,0.72860855,12.925685,-3.2868445,13.356929,0.14047968175842782,1,-1
2025-01-02 07:28:30,-3.5500622,10.800376,-3.2787805,11.832221,0.14047682959663485,1,-1
2025-01-02 01:47:00,3.9859304,8.021561,-3.258786,9.531672,0.14046630135889346,1,-1
2025-01-03 08:15:05,-0.008321826,10.051281,1.6731706,10.189593,0.14045500751568224,1,-1
2025-01-02 05:00:30,1.3038536,5.5702767,0.9278377,5.795593,0.1404056102193353,1,-1
2025-01-02 22:23:30,2.9589722,10.008343,-3.0464103,10.872123,0.14040453186222365,1,-1
2025-01-02 08:54:50,-0.723582,12.7136545,0.4655726,12.742737,0.14039016952808134,1,-1
2025-01-02 20:41:05,3.0880816,13.362825,-1.0471276,13.754921,0.14038644219228957,1,-1
2025-01-02 12:14:10,0.4796558,12.363984,-2.925775,12.714494,0.14038033579042655,1,-1
2025-01-01 07:34:20,3.599334,9.2950325,-0.7392971,9.994968,0.14035552113591251,1,-1
2025-01-02 10:20:55,1.5282171,7.3836565,1.3959755,7.668284,0.14033832033114507,1,-1
2025-01-01 11:19:50,3.4639277,9.468543,0.9854722,10.130314,0.14032109262596817,1,-1
2025-01-02 12:53:35,-2.7172167,11.334903,-2.6530519,11.954162,0.14027425495961113,1,-1
2025-01-03 05:11:15,-0.6153137,10.87485,-2.9191127,11.276622,0.1402555109073303,1,-1
2025-01-01 13:58:55,-3.5262642,8.645375,-0.025575338,9.336901,0.1402554662949646,1,-1
2025-01-03 19:09:10,0.16257851,5.8807797,-2.2987716,6.3161974,0.1402232117755597,1,-1
2025-01-02 00:59:30,0.19077851,13.148197,0.1139832,13.150075,0.140212716099779,1,-1
2025-01-03 07:37:10,1.4833547,11.854005,-2.6402159,12.234725,0.1402032577627643,1,-1
2025-01-01 03:04:10,0.5869367,12.916863,0.21966676,12.932057,0.14019375397201772,1,-1
2025-01-03 09:44:00,-3.1388142,13.60076,-0.9329931,13.989401,0.14017632117222462,1,-1
2025-01-01 21:03:30,0.16587535,8.871597,1.540024,9.005799,0.1401741615631746,1,-1
2025-01-02 03:31:25,-0.1163693,7.5033016,-2.6160166,7.947114,0.1401730663307526,1,-1
2025-01-03 16:38:00,0.16641955,12.989023,-3.4165232,13.431867,0.14017163943271355,1,-1
2025-01-02 03:09:05,-3.5518157,10.813817,-3.3468652,11.864044,0.14016877468265374,1,-1
2025-01-02 10:38:15,1.5384283,8.216991,1.9103712,8.575269,0.14016877118034743,1,-1
2025-01-02 18:33:15,1.6803546,8.990835,-2.8052788,9.567042,0.14016375809304804,1,-1
2025-01-01 21:56:55,-0.5256631,13.404912,-0.75435054,13.436407,0.14014155112436405,1,-1
2025-01-01 21:32:35,0.5392675,9.805038,2.0666335,10.034966,0.14013722055873926,1,-1
2025-01-03 18:11:15,-2.9384675,11.610122,2.1173875,12.1619425,0.14013522188111155,1,-1
2025-01-03 12:06:45,3.974601,8.552897,-3.5557113,10.079315,0.14011778891159474,1,-1
2025-01-01 16:23:10,-1.8265433,12.674247,0.025247714,12.805211,0.14011651436211606,1,-1
2025-01-02 01:51:20,-3.2316837,12.875103,-2.1420062,13.446198,0.14011498415160356,1,-1
2025-01-01 09:21:40,-2.0427787,12.368474,-1.7620965,12.659268,0.14010485804322462,1,-1
2025-01-02 21:30:40,1.3897823,12.907123,-0.022947248,12.98175,0.14009432377225745,1,-1
2025-01-01 21:14:20,3.9665275,12.825997,2.034536,13.578619,0.14001449749617453,1,-1
2025-01-03 12:58:30,-3.11654,7.98045,0.109084986,8.568098,0.13999985343018778,1,-1
2025-01-03 19:05:20,0.7254874,9.8784075,1.3062415,9.990772,0.13999620800351653,1,-1
2025-01-01 18:35:45,0.780204,8.6200075,-2.6156912,9.041852,0.13999603907710692,1,-1
2025-01-02 10:49:15,-2.6463919,8.80037,-0.15677898,9.191,0.13998380904955116,1,-1
2025-01-03 05:53:10,3.6794899,12.994668,1.6190188,13.602252,0.13997978830671695,1,-1
2025-01-01 16:22:20,2.5645568,9.361025,-1.4965339,9.82066,0.13997600721664788,1,-1
2025-01-01 12:43:25,-1.8315351,12.580615,-0.52540636,12.72409,0.13996320941711232,1,-1
2025-01-02 21:05:25,-2.0864513,9.750893,-2.7570868,10.345758,0.1399628670822902,1,-1
2025-01-01 17:51:15,-3.6691613,10.776474,-3.1584885,11.814025,0.13994132949230928,1,-1
2025-01-01 06:51:30,1.4879277,6.1106105,-0.4761523,6.3071556,0.1399353448735208,1,-1
2025-01-01 07:11:35,-2.56613,6.8912926,-0.087580755,7.354088,0.13993506763345806,1,-1
2025-01-02 04:51:20,-1.9329824,8.473276,-2.9417744,9.17534,0.1399033104092625,1,-1
2025-01-01 01:33:45,-1.8159099,5.7773604,1.0843632,6.152338,0.13989131982673556,1,-1
2025-01-01 22:01:10,-1.0160089,13.321978,0.09033752,13.36097,0.13985215740088947,1,-1
2025-01-02 02:54:10,-1.7561601,6.608172,1.0323815,6.9150453,0.13983775918346714,1,-1
2025-01-02 17:46:10,-0.0131221805,6.0497594,-3.6989462,7.0909777,0.1398339994466845,1,-1
2025-01-01 16:14:55,0.9810951,11.769395,-3.1201134,12.215413,0.13981994088167532,1,-1
2025-01-02 10:20:30,1.2954203,13.460102,-1.3532201,13.589837,0.13980182507654584,1,-1
2025-01-01 20:40:45,1.1420939,7.807217,2.4088564,8.249825,0.13977660684657525,1,-1
2025-01-03 11:10:05,3.2136333,6.364164,-0.80444443,7.174758,0.13977555712879539,1,-1
2025-01-02 02:41:40,-3.476473,7.7514215,-2.3397136,8.811621,0.13976072587211805,1,-1
2025-01-03 16:11:25,-3.1751912,12.756522,2.4684916,13.3755045,0.13975191732419778,1,-1
2025-01-01 11:54:25,1.402527,11.719194,-3.0843043,12.199162,0.13974200942553108,1,-1
2025-01-01 16:31:10,-2.7957747,10.153049,-1.5949677,10.651042,0.13973496173383035,1,-1
2025-01-03 08:45:30,1.8278731,11.598672,1.9372844,11.900562,0.13967023758221844,1,-1
2025-01-03 17:58:30,-0.5150358,7.888192,1.722299,8.090436,0.13966173634162837,1,-1
2025-01-02 08:35:50,0.10937904,8.717893,-2.6387832,9.109159,0.13965836324731587,1,-1
2025-01-03 03:10:25,-2.1356282,9.941338,-2.6722386,10.513418,0.13964572879519488,1,-1
2025-01-01 20:36:50,-0.7751248,11.456984,1.5558739,11.588099,0.13963509959955142,1,-1
2025-01-01 03:24:55,-3.8035822,7.99405,0.2970686,8.857783,0.13963070288044915,1,-1
2025-01-01 19:23:05,2.6890402,11.99008,-3.2936938,12.721689,0.13962680245306644,1,-1
2025-01-02 07:53:25,-3.3955522,8.866414,2.0057566,9.703923,0.13960757885654412,1,-1
2025-01-01 07:40:55,-3.430979,10.96218,-1.2867507,11.558406,0.1396047510801793,1,-1
2025-01-03 11:30:50,2.8811605,11.384228,-1.5274719,11.842082,0.13956861333341727,1,-1
2025-01-01 17:49:35,3.4428535,9.925826,-2.1708195,10.727895,0.13954168403911704,1,-1
2025-01-03 03:40:30,-0.58343667,6.181021,-1.2009611,6.323585,0.13952750714635437,1,-1
2025-01-01 20:12:25,-0.65583104,5.8456864,-2.3105714,6.319882,0.13952695316202887,1,-1
2025-01-03 21:11:40,3.596643,9.85129,1.6968228,10.623697,0.13950678787812712,1,-1
2025-01-01 13:48:45,-2.331177,12.214181,-2.058099,12.603825,0.13949450564638355,1,-1
2025-01-02 22:56:10,-3.3581839,11.36467,1.1820194,11.909252,0.1394851074557377,1,-1
2025-01-02 19:36:05,-2.6365213,10.927712,-0.16836905,11.242531,0.13947071906671094,1,-1
2025-01-01 11:02:10,2.8697207,13.507093,1.618723,13.903134,0.13945109332833183,1,-1
2025-01-03 09:01:40,3.5705256,6.29429,0.6057552,7.261796,0.13944197963738328,1,-1
2025-01-03 07:07:50,-2.9424808,11.136282,1.4319948,11.607135,0.13943104832151657,1,-1
2025-01-01 09:33:00,-3.7403362,11.54671,-1.5983124,12.24219,0.1394233036941188,1,-1
2025-01-01 10:16:30,-2.0245602,10.875866,-2.7594364,11.401658,0.13938956212320308,1,-1
2025-01-01 03:40:05,-0.5021654,13.116349,0.31159636,13.129657,0.13938038043843534,1,-1
2025-01-03 16:34:00,-2.7353804,10.149158,-1.994076,10.698788,0.13937612108268213,1,-1
2025-01-01 14:44:35,-1.4807898,5.9450765,-0.9531026,6.2004094,0.1393629171985054,1,-1
2025-01-01 17:43:20,2.1546192,10.786868,-3.7743504,11.629473,0.13934968310159587,1,-1
2025-01-01 19:48:40,1.4812969,13.415472,-2.4647577,13.72021,0.13933959626633785,1,-1
2025-01-01 00:29:25,-1.7180461,11.648974,2.1268327,11.965522,0.13933349241308782,1,-1
2025-01-01 06:19:30,-1.2494043,12.322751,-3.4169152,12.848599,0.13930156675888372,1,-1
2025-01-01 07:42:45,-3.6754086,13.004034,-0.8129103,13.537886,0.13928745053417513,1,-1
2025-01-02 12:20:10,-3.2651045,5.657652,-1.5636563,6.716767,0.13927908611270814,1,-1
2025-01-03 08:59:25,2.3979986,5.92324,2.4636822,6.8487153,0.1392587061105703,1,-1
2025-01-02 20:30:30,-2.1222394,6.283732,-0.6130039,6.6607027,0.1392285723078577,1,-1
2025-01-02 08:33:40,-1.5440187,11.773496,1.4118769,11.957951,0.13920636001015133,1,-1
2025-01-03 03:54:20,-3.1797051,13.533109,1.1320559,13.947656,0.13918549654794557,1,-1
2025-01-02 13:17:35,-2.7331038,13.457464,-0.064004295,13.732345,0.13918255033284396,1,-1
2025-01-03 04:46:20,1.361475,11.418081,2.423723,11.751622,0.13917750647938537,1,-1
2025-01-03 02:17:35,-1.3148118,12.338361,-3.39714,12.864853,0.13917147553124476,1,-1
2025-01-02 18:03:40,1.1548107,6.614775,-2.0403755,7.017975,0.1391661671431323,1,-1
2025-01-02 16:18:30,3.0526366,7.327086,-2.6736636,8.375753,0.13915144135680946,1,-1
2025-01-03 06:35:05,-2.535779,8.627779,0.19918407,8.99491,0.13913943753861013,1,-1
2025-01-03 15:03:45,-1.9568746,5.2240033,-1.5809321,5.798182,0.1391380744670224,1,-1
2025-01-02 03:40:00,1.1645187,12.918433,-1.8425279,13.1010275,0.13913039127533502,1,-1
2025-01-02 12:16:25,-1.5962312,11.384131,-3.0866714,11.902687,0.1391059295679541,1,-1
2025-01-01 19:54:15,2.5455027,7.7842917,-2.8852904,8.683299,0.13910012326194784,1,-1
2025-01-01 01:14:50,-2.3344955,6.0106525,2.4799588,6.9085464,0.13909867177636645,1,-1
2025-01-01 01:33:50,-0.24132694,5.350117,-0.56969506,5.3857727,0.1390951832255665,1,-1
2025-01-02 13:04:45,-2.5157723,12.365893,2.2171226,12.812496,0.1390731549093463,1,-1
2025-01-01 03:03:25,-0.86181116,11.746334,-3.3516505,12.245516,0.13906376705437878,1,-1
2025-01-03 03:49:40,-2.2110486,6.2178082,-2.5861807,7.0878916,0.1390480233713628,1,-1
2025-01-01 19:55:55,1.7721639,9.790606,1.3097059,10.035529,0.13903096931342643,1,-1
2025-01-03 19:58:15,-2.19917,5.8216076,1.7389495,6.461533,0.13902771598104602,1,-1
2025-01-03 05:05:50,2.2308764,13.452116,-0.836493,13.661477,0.13901029799765008,1,-1
2025-01-02 14:11:45,3.633107,12.436509,-0.21626744,12.958125,0.13897143237866555,1,-1
2025-01-03 02:34:20,-3.4245076,10.071738,-0.7954146,10.667701,0.13895725739565432,1,-1
2025-01-02 12:04:45,3.7437174,10.066837,-0.13739982,10.7413,0.13890745066188498,1,-1
2025-01-02 00:28:50,-2.5861297,8.775569,-1.4944825,9.269959,0.13888999280610964,1,-1
2025-01-02 13:21:25,-0.44753566,8.366927,1.8689901,8.5848055,0.13888821800151152,1,-1
2025-01-02 19:10:40,3.9812672,8.116728,-3.476991,9.686136,0.13888417286029237,1,-1
2025-01-02 05:45:50,2.6795678,9.028952,2.176336,9.666359,0.13888113745222547,1,-1
2025-01-02 09:45:20,2.749643,7.236823,-1.0858419,7.817365,0.1388810011747055,1,-1
2025-01-02 11:22:30,-2.8693752,12.112428,-1.3487651,12.520518,0.1388640350305186,1,-1
2025-01-01 06:26:50,-2.049617,7.0020604,0.15476021,7.297516,0.13886168098579796,1,-1
2025-01-03 19:34:15,-2.2782516,7.5886846,1.6376157,8.090757,0.13885803958047885,1,-1
2025-01-03 05:09:00,2.4614432,9.619238,-0.47295293,9.940429,0.13885005675683826,1,-1
2025-01-03 03:25:40,0.88904977,5.627906,0.069173366,5.6981153,0.1388466737086987,1,-1
2025-01-01 00:12:35,-3.6385198,9.444594,-1.9327677,10.304114,0.1388464122326754,1,-1
2025-01-02 03:26:20,-3.9281855,8.924606,1.116615,9.814585,0.13883351629087767,1,-1
2025-01-01 16:21:35,1.1529741,9.107917,-2.5801795,9.536289,0.1388273067616107,1,-1
2025-01-03 14:32:15,-0.41133758,10.211828,-3.140569,10.691764,0.13881268460863436,1,-1
2025-01-02 01:18:35,1.8504142,11.711008,1.5847485,11.961738,0.1388103866005201,1,-1
2025-01-01 23:32:30,3.3067336,11.107275,-2.8698137,11.93909,0.13880301642790624,1,-1
2025-01-03 08:41:45,3.7466776,12.702291,-1.3381182,13.3107605,0.13877948123545727,1,-1
2025-01-01 12:37:05,-2.9411812,8.804824,0.95445275,9.332012,0.13877667260058546,1,-1
2025-01-03 06:41:20,1.9650031,13.736839,0.7398265,13.8963785,0.13877324540666375,1,-1
2025-01-03 03:47:55,-1.342947,12.442416,-1.7119113,12.631226,0.13876818166689772,1,-1
2025-01-03 20:48:10,3.3957913,10.262738,-3.070176,11.23749,0.13876357711023568,1,-1
2025-01-01 07:58:20,1.2432162,5.875947,-1.3043377,6.146026,0.13875719063044847,1,-1
2025-01-03 07:22:00,-2.1681762,11.765839,-3.0022647,12.334891,0.13875606958464126,1,-1
2025-01-03 12:37:55,-0.08767216,13.126938,-2.3034606,13.327795,0.13874476795036012,1,-1
2025-01-03 20:27:15,2.6424305,7.889557,-2.88497,8.806282,0.13874304464387524,1,-1
2025-01-01 14:29:55,2.588477,13.204554,-1.6423876,13.555732,0.138729213615031,1,-1
2025-01-03 00:46:45,2.9663131,11.729268,-2.3894868,12.33225,0.1387223862397082,1,-1
2025-01-02 03:11:05,-0.47985893,5.3394976,0.14386521,5.3629465,0.13869560014897664,1,-1
2025-01-01 07:14:20,3.963299,12.303128,-1.6461034,13.030132,0.1386804205585429,1,-1
2025-01-03 14:14:40,2.4780018,11.740986,-0.12254149,12.00026,0.13867801187231885,1,-1
2025-01-01 20:31:40,1.2571497,7.5189633,1.7134874,7.8135314,0.13866114406468985,1,-1
2025-01-01 08:19:15,-0.01155687,12.019755,2.4650671,12.269931,0.1386609896032824,1,-1
2025-01-02 19:41:40,-1.2387091,12.687497,0.05919182,12.74796,0.13864695901438223,1,-1
2025-01-02 15:28:20,-1.6821952,8.505935,1.9585792,8.889135,0.13862889853397467,1,-1
2025-01-03 03:10:05,-0.057015218,6.779675,-2.2833703,7.1540914,0.13861666181796992,1,-1
2025-01-02 13:46:30,3.4674175,7.763586,-1.2231046,8.5902405,0.1386125815516179,1,-1
2025-01-02 06:57:45,2.1466792,7.961332,0.7275854,8.277706,0.138591831226276,1,-1
2025-01-01 11:07:30,1.6462235,13.264528,-2.5838492,13.613744,0.1385807840469952,1,-1
2025-01-02 02:46:30,-2.80313,7.2389965,-0.048843067,7.762924,0.1385759094764676,1,-1
2025-01-01 10:58:30,1.6319108,11.809318,1.3721676,12.000248,0.13857273204859036,1,-1
2025-01-02 09:39:55,-3.989041,10.062642,-1.2579293,10.897321,0.1385463686407941,1,-1
2025-01-02 07:01:35,1.4938905,10.783447,1.229069,10.955595,0.13854107318841966,1,-1
2025-01-01 02:57:05,2.4974031,7.426281,-1.5705277,7.9908214,0.13852315367585857,1,-1
2025-01-01 12:09:30,3.2812994,6.289671,2.457972,7.5078964,0.1384904091802499,1,-1
2025-01-02 09:42:25,3.7397337,6.152265,-1.8450158,7.4323654,0.13846918273357345,1,-1
2025-01-01 06:23:10,-0.07290335,8.147924,-3.3491118,8.809685,0.13839947576187403,1,-1
2025-01-01 11:38:05,1.7986373,6.66139,-0.26783913,6.9051394,0.13838541387441036,1,-1
2025-01-03 03:33:00,-1.9207338,7.1410546,-3.0202594,7.987856,0.13837807647590877,1,-1
2025-01-01 20:05:15,-2.6522453,10.02699,0.032436788,10.371884,0.1383674942644138,1,-1
2025-01-03 01:24:25,-2.4459898,7.8072176,1.6569418,8.347513,0.13836732778520155,1,-1
2025-01-01 15:23:50,-3.725632,6.1075983,-2.571389,7.602311,0.13833422268962112,1,-1
2025-01-03 05:28:15,2.3552272,13.9391,-1.0684831,14.176998,0.13832772670327198,1,-1
2025-01-02 07:52:05,-3.000905,11.234515,-1.3777702,11.70974,0.13832697824981233,1,-1
2025-01-02 05:02:30,-0.3967364,8.754741,1.882085,8.963545,0.138305358673175,1,-1
2025-01-01 08:50:15,2.3896363,11.461542,1.1317482,11.762574,0.13830502123396546,1,-1
2025-01-03 17:11:10,-3.163195,11.117115,-1.639927,11.674134,0.13830006963058852,1,-1
2025-01-02 21:00:30,-1.6677642,12.339774,0.7465538,12.474325,0.13829639305797092,1,-1
2025-01-02 03:04:35,-0.84738344,6.0062656,0.52172804,6.0881433,0.13828339265633982,1,-1
2025-01-01 20:09:10,-3.515673,9.434763,2.4858494,10.3708315,0.13827649220896668,1,-1
2025-01-01 10:50:25,-2.0428667,9.635078,2.1060379,10.071913,0.13827526844273733,1,-1
2025-01-02 15:18:35,2.4717474,5.745921,0.035297018,6.2551093,0.1382745306865753,1,-1
2025-01-02 13:08:05,2.0425122,8.831824,-3.0260382,9.556666,0.13826011052412931,1,-1
2025-01-02 18:45:15,-3.2836108,9.561934,0.8645559,10.146928,0.13824202800729526,1,-1
2025-01-02 20:09:55,-3.2422285,8.447604,-3.6325455,9.750357,0.13824025910980725,1,-1
2025-01-03 16:23:40,3.2159193,10.576387,-2.9537609,11.442325,0.13822351291534277,1,-1
2025-01-03 21:12:05,2.5776174,8.554599,-2.7513309,9.348535,0.13818533932509838,1,-1
2025-01-03 12:22:10,3.9822724,7.9765625,1.0196611,8.973503,0.1381561161197454,1,-1
2025-01-03 03:53:30,-0.0690269,11.405433,1.3200442,11.481776,0.13814710797640453,1,-1
2025-01-03 10:37:15,0.33149916,12.881107,-1.7033526,12.99747,0.13813360222039228,1,-1
2025-01-02 22:58:55,-0.72267187,8.910449,2.2374904,9.215461,0.1381153673925794,1,-1
2025-01-03 16:14:10,0.9401341,13.697359,1.2884275,13.789907,0.13810313477364156,1,-1
2025-01-01 23:07:25,1.1778537,12.590748,-1.4741889,12.7313595,0.1380901592045806,1,-1
2025-01-01 14:47:50,3.8917267,11.47461,1.8291531,12.253899,0.13802694116431802,1,-1
2025-01-01 19:38:45,2.2409437,5.4643216,-0.29801062,5.913497,0.1380214389830267,1,-1
2025-01-01 06:52:15,1.77448,10.48332,1.6698853,10.7627735,0.13800632288184178,1,-1
2025-01-03 17:39:10,2.9846807,10.247062,-1.3581662,10.758959,0.13800259514871302,1,-1
2025-01-03 17:56:15,3.0011914,12.165471,2.504618,12.778066,0.13795927557198231,1,-1
2025-01-02 08:06:10,2.1759791,12.262677,-0.9534904,12.490687,0.13795725382025312,1,-1
2025-01-02 14:30:25,3.453604,7.103375,0.32787803,7.90524,0.13794151237309685,1,-1
2025-01-02 08:24:20,-2.9084313,10.001513,-2.2280936,10.651462,0.13794034981684855,1,-1
2025-01-02 03:16:45,2.9781966,10.001505,-2.995136,10.856822,0.13791023726575505,1,-1
2025-01-01 04:43:50,3.036495,8.070146,0.24053404,8.625856,0.1379022181456357,1,-1
2025-01-03 07:29:45,1.9011887,12.730852,0.6516776,12.8885145,0.13790107340905833,1,-1
2025-01-02 12:11:10,2.5209455,10.430637,0.35315767,10.736763,0.13789841875037906,1,-1
2025-01-03 20:15:30,-3.6422129,12.711196,0.032300457,13.222755,0.1378776544746592,1,-1
2025-01-03 20:27:35,2.794149,11.802388,-0.93328124,12.164483,0.1378727105809192,1,-1
2025-01-01 18:06:45,-4.090756,11.076642,-3.782703,12.398997,0.1378681731413903,1,-1
2025-01-02 11:07:10,0.32633024,13.72808,0.1461291,13.732735,0.13785481583587827,1,-1
2025-01-02 18:57:00,-0.45080224,5.4117785,-2.95894,6.1843266,0.13782802656401527,1,-1
2025-01-01 01:39:35,3.512062,9.900605,0.52972305,10.51842,0.13782712442021908,1,-1
2025-01-01 19:06:25,-0.6840267,9.667753,-2.8404956,10.099592,0.13782545987825015,1,-1
2025-01-02 09:47:20,2.3022237,10.052592,-0.53913015,10.326931,0.13782531242176704,1,-1
2025-01-02 02:30:00,3.243045,8.106357,0.1625402,8.732513,0.13779509737595771,1,-1
2025-01-02 20:52:10,-2.4473212,13.811793,-2.770972,14.2980175,0.137779054148483,1,-1
2025-01-02 09:23:30,2.972035,13.833268,-0.77883214,14.170353,0.13777483533081172,1,-1
2025-01-01 13:11:10,-3.9700983,11.679759,0.21313904,12.337903,0.13776134743302956,1,-1
2025-01-02 14:27:50,3.5662322,7.7221117,0.012165225,8.505832,0.13772742142104516,1,-1
2025-01-01 09:23:20,-1.8734312,8.944889,1.5332992,9.266704,0.13771674466920567,1,-1
2025-01-02 14:06:25,-3.2580702,12.271053,0.7725788,12.719695,0.13766666275664158,1,-1
2025-01-02 13:44:30,-0.056134533,13.392941,-1.3289719,13.458834,0.13766324715208442,1,-1
2025-01-01 01:25:20,3.9611983,7.091874,-1.9068117,8.343962,0.13765347960414642,1,-1
2025-01-01 09:30:30,-3.7231512,7.953438,1.6920207,8.943263,0.13764527993464287,1,-1
2025-01-01 23:48:00,3.6622124,10.515832,-0.60962373,11.1519575,0.13764313988117935,1,-1
2025-01-02 23:09:05,-2.975045,8.660969,-2.4225378,9.472695,0.13764179356900713,1,-1
2025-01-02 13:29:55,3.7716982,12.407007,0.8716238,12.996895,0.13762746131261538,1,-1
2025-01-03 14:27:25,-0.6657576,13.371574,-2.171123,13.563038,0.13759865190299606,1,-1
2025-01-03 19:42:45,-3.0906823,11.338987,-0.5246894,11.764363,0.13759297155219205,1,-1
2025-01-02 18:22:25,-2.5827029,12.14946,2.3210218,12.635936,0.13758688481316766,1,-1
2025-01-01 04:07:25,-1.5898992,9.648745,1.6606212,9.918857,0.13756779190465343,1,-1
2025-01-01 14:25:35,-2.0247812,7.5489573,-3.7649364,8.6753235,0.1375405025319349,1,-1
2025-01-03 05:00:45,0.45067352,13.500566,1.8127086,13.629171,0.13753455425210295,1,-1
2025-01-02 06:25:10,3.168693,9.650678,1.8296206,10.321033,0.13752867028370488,1,-1
2025-01-03 19:38:10,-0.08522195,12.8759985,1.3316824,12.94496,0.1375179003186906,1,-1
2025-01-03 13:09:35,2.9686632,9.005859,-3.3664663,10.062384,0.13749477170574917,1,-1
2025-01-03 04:33:40,-1.4812759,12.710716,-3.0541945,13.156162,0.13746433051954257,1,-1
2025-01-03 19:34:20,1.9004304,12.759288,1.4175298,12.97769,0.13743720546029758,1,-1
2025-01-01 19:27:50,2.6885326,7.520374,-1.0747128,8.058489,0.1374339899007817,1,-1
2025-01-01 08:26:50,3.1169221,10.9892,-0.8570171,11.454789,0.1374087565420851,1,-1
2025-01-02 13:44:10,-4.1623178,5.9358263,-0.275386,7.2549815,0.13739254806395296,1,-1
2025-01-02 15:08:40,1.4957111,13.165742,-2.5914445,13.501463,0.13738491093898567,1,-1
2025-01-03 07:58:55,-1.6306934,8.463079,-2.7365556,9.042766,0.13736940924478244,1,-1
2025-01-03 16:43:10,-2.5983326,9.712452,0.19424461,10.055883,0.13736477565402877,1,-1
2025-01-01 01:34:25,-0.13976113,6.2629943,-3.0147884,6.9522357,0.13734559787473907,1,-1
2025-01-01 03:28:35,-0.98739195,8.5440035,-3.0102131,9.112427,0.1373430779737848,1,-1
2025-01-01 16:13:30,-1.2182419,11.287331,1.4307663,11.442684,0.13733901212378657,1,-1
2025-01-03 19:38:00,3.2161071,13.194591,0.7509093,13.601633,0.13733060486816345,1,-1
2025-01-02 07:06:00,1.71692,7.6818395,-3.0507188,8.441881,0.13732128085657827,1,-1
2025-01-01 02:20:05,-1.5883857,6.2500668,-1.5640626,6.635706,0.13729852243193982,1,-1
2025-01-02 20:46:05,-0.20538089,12.245004,-1.9530472,12.401479,0.13729273769150968,1,-1
2025-01-02 06:48:05,1.6081309,13.219222,0.26123708,13.319241,0.13728210172806293,1,-1
2025-01-03 18:24:00,3.755241,12.680609,-2.513697,13.461737,0.13726902011027825,1,-1
2025-01-03 20:02:30,3.586685,9.229707,-0.72100794,9.928326,0.13725274041520596,1,-1
2025-01-01 03:29:35,3.851323,7.329173,-1.3561717,8.389795,0.13725167430869378,1,-1
2025-01-01 10:19:35,-1.7309966,13.536443,0.28258255,13.649596,0.1372458224689065,1,-1
2025-01-03 19:22:50,-0.6745081,12.520928,-3.6344023,13.055171,0.13721445696622458,1,-1
2025-01-03 11:43:30,2.373956,8.021182,0.34314433,8.372143,0.13717094763251683,1,-1
2025-01-01 03:58:05,-3.260622,13.834493,-2.4601235,14.424876,0.13716466871549704,1,-1
2025-01-02 23:59:00,1.6082311,10.2748995,1.9561192,10.582361,0.13715393706651643,1,-1
2025-01-01 04:17:20,-3.7559605,9.348218,-2.1984887,10.311632,0.13710800507613427,1,-1
2025-01-03 13:22:00,-3.5436492,13.948846,0.7684181,14.412433,0.13710402613167277,1,-1
2025-01-02 13:44:45,2.9220679,9.785711,0.7513247,10.24027,0.13709557554989457,1,-1
2025-01-01 00:59:35,-0.037929673,12.824507,-3.2427008,13.228171,0.1370916404863667,1,-1
2025-01-03 20:26:05,-3.2415183,9.841295,2.4738946,10.6526375,0.13706319150378518,1,-1
2025-01-03 05:27:25,-0.9753655,5.7962623,-0.76944494,5.9279037,0.1370617097936739,1,-1
2025-01-02 10:31:20,1.083404,11.8695545,-3.3356578,12.376862,0.13705427750072477,1,-1
2025-01-03 10:25:00,2.1991885,8.624186,-3.0976954,9.423839,0.13705206015630414,1,-1
2025-01-02 07:38:10,1.0592066,13.7972355,-1.5111806,13.920104,0.13702971967365982,1,-1
2025-01-03 09:10:30,-2.934712,9.226978,0.35805315,9.689059,0.13702687147128906,1,-1
2025-01-02 03:49:00,-2.8326511,9.900935,-3.3861902,10.840605,0.1370030239230795,1,-1
2025-01-01 06:24:45,-0.26857895,13.464364,-0.42591506,13.473775,0.136997991282979,1,-1
2025-01-02 02:43:45,-3.5563564,7.9626946,1.2218198,8.805965,0.1369741138684502,1,-1
2025-01-03 00:48:35,0.004543054,12.259524,0.96031976,12.29708,0.1369641079758086,1,-1
2025-01-02 04:11:25,1.0215805,8.547682,-3.6924052,9.3669815,0.13695551765755315,1,-1
2025-01-03 07:28:05,2.3315535,11.068927,2.2533565,11.534076,0.1369320153652611,1,-1
2025-01-01 14:00:05,-1.5507501,7.6865616,1.324001,7.952423,0.13691707125947644,1,-1
2025-01-01 18:15:50,-2.6744165,12.083058,0.08841816,12.375808,0.13691493703133475,1,-1
2025-01-02 10:02:00,1.7668647,13.471738,-2.2350624,13.769714,0.13691464420367108,1,-1
2025-01-01 17:27:00,-0.3839163,10.523182,1.2844815,10.608234,0.1368745270998927,1,-1
2025-01-01 17:02:10,-3.9325209,11.750771,0.45746568,12.399782,0.13684584760758298,1,-1
2025-01-03 00:09:20,-3.0165286,5.774471,-1.6928124,6.7312384,0.13682994309106172,1,-1
2025-01-03 18:37:00,3.990669,7.5844736,-1.4454343,8.691315,0.13681194024699617,1,-1
2025-01-02 16:57:45,-0.5902066,10.317468,1.1910753,10.402747,0.1368114412282102,1,-1
2025-01-01 10:32:30,0.0053779744,10.520784,-3.7396536,11.165659,0.13679763386842228,1,-1
2025-01-02 17:18:55,3.1080937,11.002713,-2.2291722,11.648568,0.13677467826891268,1,-1
2025-01-01 20:35:25,-3.2333999,8.194176,-0.5135907,8.824011,0.13673830187899375,1,-1
2025-01-03 19:37:00,0.3573869,10.252715,2.2210002,10.496606,0.13672051461579338,1,-1
2025-01-03 17:55:15,3.0947282,10.230708,0.98285353,10.733626,0.13667048242449314,1,-1
2025-01-02 09:24:30,-4.07925,11.610798,-2.7336407,12.606494,0.13666267856508885,1,-1
2025-01-03 02:02:05,2.8681061,10.813974,-1.2679094,11.25947,0.13666161073484065,1,-1
2025-01-01 02:27:10,-2.5796182,12.369061,0.11132312,12.635684,0.13666110455492217,1,-1
2025-01-01 09:26:30,-3.435942,8.386751,-3.3605676,9.666266,0.13664612601314838,1,-1
2025-01-02 03:30:05,3.4952893,9.955364,0.17983809,10.552662,0.13663887911068173,1,-1
2025-01-02 02:35:15,-0.83821946,6.626441,-2.60661,7.16985,0.136616273110136,1,-1
2025-01-02 03:41:25,2.9774284,10.32113,-2.138677,10.952842,0.13661160182902335,1,-1
2025-01-02 12:19:50,-4.094577,7.298246,2.0303397,8.611169,0.13659434872379317,1,-1
2025-01-01 15:04:15,-3.296444,7.3701563,-2.7910573,8.542584,0.13658800544379157,1,-1
2025-01-03 10:18:20,3.4226732,10.697186,-2.0676517,11.420143,0.13657293956301142,1,-1
2025-01-02 03:00:35,1.0259882,5.7380514,-2.1054785,6.1976547,0.13653752254331938,1,-1
2025-01-02 07:48:10,0.516299,5.585612,-1.4554222,5.79516,0.13653318997086694,1,-1
2025-01-01 19:24:50,-2.2571778,10.766968,1.9775952,11.177358,0.13652584178277016,1,-1
2025-01-03 02:07:35,2.1588652,10.795427,-2.9992652,11.410414,0.1365211818473783,1,-1
2025-01-01 02:14:50,0.2629471,13.114526,-2.1172605,13.286938,0.1365078659872921,1,-1
2025-01-01 15:01:10,0.5676769,14.011722,-3.0626504,14.35376,0.13649399671782342,1,-1
2025-01-02 00:25:50,0.5922658,12.940028,-3.082452,13.315278,0.1364863040676568,1,-1
2025-01-01 23:04:25,0.5099255,6.277042,0.9336133,6.3665466,0.13648416323311144,1,-1
2025-01-01 20:38:45,1.6311387,12.754026,-0.58237666,12.87109,0.13648190655629988,1,-1
2025-01-01 00:55:15,2.44706,9.390438,0.9298554,9.74849,0.1364813417175477,1,-1
2025-01-03 00:11:30,-4.165892,7.1053114,2.0878818,8.497021,0.13646027364496613,1,-1
2025-01-01 00:07:45,0.4605115,12.56462,-3.2289622,12.981061,0.13645916492065033,1,-1
2025-01-01 03:46:55,1.9843179,8.159848,-3.2413034,9.001483,0.1364578132284954,1,-1
2025-01-03 03:44:05,-0.82000256,5.2817073,-2.4151793,5.8653154,0.13644967009374376,1,-1
2025-01-03 19:19:00,2.482828,10.91651,-2.0399349,11.379629,0.13644589498743617,1,-1
2025-01-02 23:00:15,2.6661782,14.029753,-0.3340253,14.284749,0.13644118499880475,1,-1
2025-01-03 18:21:05,0.82021135,6.5171504,1.280978,6.6923018,0.1364363764958814,1,-1
2025-01-02 20:48:40,-2.7983932,7.9901175,-2.487995,8.824007,0.13641266130243282,1,-1
2025-01-01 07:10:25,-2.3373852,12.549666,2.2603018,12.964045,0.1363982630334449,1,-1
2025-01-03 12:32:50,-1.4221325,12.5987835,0.79340374,12.703593,0.13638644013104076,1,-1
2025-01-03 05:59:20,1.4490807,12.557894,-1.4072547,12.719312,0.13638484583278504,1,-1
2025-01-03 05:49:10,0.96406895,12.410622,-1.9933124,12.606596,0.13638241667094161,1,-1
2025-01-02 15:14:25,0.99326265,5.2692575,1.976085,5.714592,0.1363752652683955,1,-1
2025-01-03 20:46:10,-0.37781957,9.692509,-2.6108658,10.045103,0.13635713108096786,1,-1
2025-01-03 06:21:10,-3.1018856,10.280423,-0.25406817,10.741199,0.13634017321766567,1,-1
2025-01-01 13:30:10,0.21435703,12.701126,-0.20875208,12.70465,0.13633361495267454,1,-1
2025-01-01 11:17:50,-2.5732992,8.042051,1.13815,8.520085,0.1363179194578945,1,-1
2025-01-01 02:38:35,-1.8210411,5.6758957,-0.037986916,5.960992,0.1363145625662833,1,-1
2025-01-01 20:46:40,2.611944,7.517325,2.0890644,8.227796,0.13630242701250264,1,-1
2025-01-03 19:07:35,2.4907773,12.352694,-1.632182,12.7065735,0.13629587302009297,1,-1
2025-01-01 21:44:10,3.0166647,11.541858,-0.6434683,11.946916,0.13628406425530534,1,-1
2025-01-01 06:38:50,-3.6023529,10.30139,-0.73883945,10.938074,0.13627711431623887,1,-1
2025-01-02 08:27:25,3.5202107,7.8125935,-1.906004,8.77846,0.13626552385137877,1,-1
2025-01-02 21:21:45,-3.555427,13.712024,-1.706307,14.267871,0.13626286169384547,1,-1
2025-01-01 02:21:35,2.9750788,11.71769,2.1332555,12.276243,0.13625759265112378,1,-1
2025-01-01 20:30:45,-3.745208,13.290566,0.23437046,13.810165,0.13623095056196588,1,-1
2025-01-01 22:21:15,-2.6555688,8.975636,-1.2305703,9.4407835,0.13620299118126808,1,-1
2025-01-02 12:41:25,0.91888314,10.4477415,-2.5549138,10.794778,0.13619996448280922,1,-1
2025-01-03 15:53:00,-1.8071296,9.844131,1.43148,10.110478,0.13615657713400317,1,-1
2025-01-02 13:30:00,-3.5790823,8.714997,0.80129474,9.45532,0.13614802383808947,1,-1
2025-01-01 02:30:45,1.2172954,5.952782,-1.0438977,6.1649933,0.13614741358040788,1,-1
2025-01-02 20:34:50,-0.054274313,13.582116,1.6805174,13.685794,0.13612030504283537,1,-1
2025-01-03 04:59:15,-2.4631915,5.93396,-3.7486274,7.4385076,0.13611778237372735,1,-1
2025-01-03 09:53:10,-1.0389465,12.302828,2.1878712,12.538969,0.13611681509331125,1,-1
2025-01-03 20:32:10,3.4554827,7.086333,-0.9447121,7.940337,0.13611246373978694,1,-1
2025-01-02 20:40:30,-4.011343,8.074317,-0.1330158,9.016827,0.13608274654572483,1,-1
2025-01-03 00:11:10,0.32406825,8.81449,1.4428986,8.937685,0.13606844856119601,1,-1
2025-01-02 06:27:25,3.1437452,11.038098,-2.3130953,11.707825,0.1360571762717502,1,-1
2025-01-02 11:52:30,2.3613198,5.5772266,-0.9997119,6.138462,0.1360457415408959,1,-1
2025-01-03 06:03:15,0.7685539,12.853514,1.6819549,12.985856,0.13603725701212283,1,-1
2025-01-03 13:08:40,2.2412763,7.5652924,-0.9670032,7.9493437,0.1360335280515302,1,-1
2025-01-01 17:44:10,2.6672246,10.836731,-0.18822311,11.161732,0.1360278360317518,1,-1
2025-01-03 19:41:45,0.5488465,13.668402,-1.3029,13.741324,0.13602472448562553,1,-1
2025-01-03 03:19:40,-2.2217634,5.3023887,-1.1253183,5.858148,0.13601941304955312,1,-1
2025-01-02 03:16:15,0.4310899,7.3524675,-2.713297,7.848987,0.13601535309386414,1,-1
2025-01-02 23:39:20,-4.0426936,6.2089796,-1.9237957,7.6547885,0.1360045058770955,1,-1
2025-01-02 04:15:50,0.01847873,12.818235,0.43262875,12.825547,0.13599981728093072,1,-1
2025-01-02 20:54:40,0.8651364,8.451492,2.3474262,8.813999,0.13598505611165454,1,-1
2025-01-03 20:18:05,3.7945054,11.3273945,2.0652287,12.123255,0.1359409263389287,1,-1
2025-01-03 06:41:15,2.3469,6.7652683,0.17861263,7.1630087,0.13593269940397026,1,-1
2025-01-02 22:32:00,-3.5134673,10.849952,-2.6222265,11.702221,0.13592147078074582,1,-1
2025-01-01 23:34:35,-1.410522,7.5799136,1.5715781,7.868578,0.13588702911439368,1,-1
2025-01-02 19:50:00,0.036497664,13.013959,-0.0962994,13.014366,0.13587487345814026,1,-1
2025-01-03 16:55:55,-0.4303156,10.514506,-3.7135541,11.159324,0.13584466382188493,1,-1
2025-01-02 01:02:20,1.0309131,9.469434,1.5434706,9.649625,0.13584372576868275,1,-1
2025-01-02 23:05:50,1.9721104,14.03785,-3.11989,14.514964,0.13582513387163872,1,-1
2025-01-01 04:46:25,-0.6032461,12.983077,-2.0221267,13.153447,0.13581392103787424,1,-1
2025-01-02 09:41:55,0.17568468,13.478139,1.5969554,13.573554,0.13578215510042374,1,-1
2025-01-03 09:57:55,2.598997,13.832753,-2.8903308,14.368503,0.13577088819540747,1,-1
2025-01-03 08:18:55,-0.6050711,12.076749,1.5574749,12.191789,0.13576947691441432,1,-1
2025-01-01 06:13:50,1.3336349,9.21654,-3.4619565,9.935207,0.13574970152167165,1,-1
2025-01-02 15:34:25,-0.8726982,13.63838,-0.40691704,13.67233,0.1357312367127955,1,-1
2025-01-02 23:40:25,-3.7328832,8.505928,-0.4215694,9.298546,0.1357100345912741,1,-1
2025-01-03 08:23:40,-1.897308,11.668603,2.1124053,12.009093,0.1357064254787515,1,-1
2025-01-03 13:21:35,0.37665895,5.844458,-2.4409032,6.3448853,0.13569975055636882,1,-1
2025-01-02 09:29:20,-0.9850685,11.240119,1.4517027,11.376206,0.13568189872046585,1,-1
2025-01-03 08:29:40,-2.0714834,12.69704,0.72101015,12.885097,0.1356721828043469,1,-1
2025-01-02 07:43:20,2.7407813,9.180413,-3.5191102,10.206665,0.1356610631633904,1,-1
2025-01-02 08:44:50,2.9724998,6.488221,-1.2110386,7.238742,0.13565912565929886,1,-1
2025-01-03 00:36:05,-2.7908537,10.763858,-3.359244,11.616111,0.1356511159449186,1,-1
2025-01-01 11:13:25,1.8513879,6.3453403,-1.5123253,6.780716,0.13565004950519216,1,-1
2025-01-03 05:48:35,-3.8561933,12.155189,-2.7364967,13.042517,0.13564515256111817,1,-1
2025-01-01 03:56:45,-1.3608335,13.479216,0.23874274,13.549838,0.13564297006036552,1,-1
2025-01-03 17:47:05,0.18932775,9.025334,2.2692833,9.308177,0.13562601090520726,1,-1
2025-01-02 00:12:20,3.8124795,13.127122,-2.1562672,13.838563,0.13562470472408472,1,-1
2025-01-02 14:17:35,3.1146977,12.550442,-1.9850333,13.082632,0.1356146111512225,1,-1
2025-01-01 05:30:35,0.35778764,13.0318165,-1.1689389,13.089029,0.13561198368403593,1,-1
2025-01-03 02:13:20,3.3226662,6.4587383,-1.5463495,7.4260764,0.13560085057338966,1,-1
2025-01-01 18:56:50,0.5385042,10.6120405,-2.913232,11.0178175,0.13557913611839836,1,-1
2025-01-01 04:27:10,3.97286,9.573988,1.313805,10.44849,0.1355783949404724,1,-1
2025-01-01 09:40:45,3.2336044,9.56776,-2.0428689,10.303958,0.13556901151631082,1,-1
2025-01-03 16:55:40,0.7483482,12.173302,2.1504505,12.384415,0.1355637211256795,1,-1
2025-01-01 21:11:35,1.1700307,12.474003,-2.223951,12.724609,0.1355300052597625,1,-1
2025-01-01 00:29:45,-1.7853788,12.279629,0.5839795,12.422475,0.13550751008382642,1,-1
2025-01-01 06:16:30,-1.6374388,9.484466,1.9838932,9.827111,0.13549474258164088,1,-1
2025-01-02 02:48:25,-3.8591828,11.229235,-0.8416307,11.903669,0.13547991220802166,1,-1
2025-01-01 05:33:50,2.725887,9.451532,-2.1328087,10.065327,0.13547826610232222,1,-1
2025-01-03 04:00:50,3.1767535,10.151318,-3.0319648,11.060462,0.13546670947632497,1,-1
2025-01-02 20:04:35,0.045079447,5.7927556,1.8700422,6.087291,0.13546324901096957,1,-1
2025-01-01 00:51:25,2.165107,10.604246,-2.896946,11.204018,0.13545628114614178,1,-1
2025-01-02 22:05:30,-0.5127099,7.1006503,0.3224576,7.1264358,0.13544530056535936,1,-1
2025-01-02 15:09:35,3.3208935,8.615957,-1.4392099,9.345286,0.1354286743090954,1,-1
2025-01-01 02:27:40,-3.0453286,9.5117035,-1.8087275,10.149779,0.13542659893944464,1,-1
2025-01-01 17:23:10,0.08636397,8.6701975,-3.5636055,9.374384,0.13542657201725888,1,-1
2025-01-01 04:49:05,0.6548917,13.79817,-0.62410015,13.827793,0.1354227648505848,1,-1
2025-01-03 05:23:50,0.63153034,8.053206,2.116591,8.350624,0.1354109146936238,1,-1
2025-01-02 06:15:55,3.5008183,10.525116,-2.365068,11.3414,0.13539281991913707,1,-1
2025-01-02 19:07:20,3.4689038,12.060044,1.7967747,12.677001,0.13538968564916679,1,-1
2025-01-03 11:39:25,-0.667304,10.310837,1.8981178,10.505308,0.13538465360232604,1,-1
2025-01-02 17:35:45,-2.311925,11.630932,1.8968412,12.00923,0.13536160543097808,1,-1
2025-01-02 17:46:25,2.3949919,6.1514864,-1.9558654,6.884924,0.13534751202043857,1,-1
2025-01-02 16:44:30,2.1862245,5.9246078,1.4136913,6.4714046,0.13533844405648757,1,-1
2025-01-01 18:23:30,0.14817558,13.162989,-3.7568576,13.68942,0.13533294768528945,1,-1
2025-01-03 10:54:00,-2.5089598,13.996026,0.2696952,14.221686,0.13532730061538925,1,-1
2025-01-01 02:02:50,2.692976,7.3641515,1.7821379,8.041074,0.13530823487600013,1,-1
2025-01-02 02:09:05,-0.59030855,5.4754853,1.3876995,5.679359,0.135298841353855,1,-1
2025-01-01 11:18:05,1.8200538,12.31976,-2.0833013,12.626529,0.13527607456535332,1,-1
2025-01-01 05:31:10,-0.8004868,13.779386,0.035654746,13.802663,0.13526252353947407,1,-1
2025-01-03 15:37:40,1.6586019,11.100236,1.0057725,11.268442,0.13524321680051732,1,-1
2025-01-01 16:46:05,2.1989222,8.475196,-3.027543,9.264461,0.1352008978884227,1,-1
2025-01-03 09:55:30,-2.9098897,7.2786756,0.7158568,7.8714056,0.13518809070991625,1,-1
2025-01-02 12:52:55,-3.673376,6.368966,-2.909962,7.9072943,0.13518381926945347,1,-1
2025-01-03 00:30:30,3.388155,11.453123,-0.052996833,11.943887,0.13517265076913942,1,-1
2025-01-03 07:44:35,2.8728573,5.3207827,0.5064016,6.0679884,0.13513901200175288,1,-1
2025-01-01 04:07:35,1.8736773,5.796486,-0.34629136,6.1016254,0.13513224528687678,1,-1
2025-01-02 08:06:15,-1.381923,8.066318,1.525431,8.32479,0.13513201511983258,1,-1
2025-01-01 18:38:50,-0.09278312,10.110387,2.4782178,10.410096,0.13512570440753044,1,-1
2025-01-02 11:31:55,3.2641053,10.914021,-0.21692032,11.393739,0.1351255276730754,1,-1
2025-01-02 19:57:55,-0.8814149,8.5626955,-2.7302723,9.030561,0.13512479021762955,1,-1
2025-01-03 06:51:15,-2.21402,7.6738477,1.3770936,8.104703,0.13512442164172667,1,-1
2025-01-02 09:52:30,1.3418663,6.6301227,1.7134289,6.978178,0.13511932807358343,1,-1
2025-01-01 18:44:50,-0.8156875,10.375097,1.0365151,10.458602,0.13511456566742844,1,-1
2025-01-02 07:27:45,2.894293,6.458043,0.27986577,7.082484,0.1351016919202559,1,-1
2025-01-01 20:12:10,2.009927,12.829782,-1.8489438,13.1172285,0.1350811042193947,1,-1
2025-01-03 20:47:10,1.9591268,7.1021323,-3.4337456,8.128288,0.1350795126567068,1,-1
2025-01-02 13:18:40,2.1128185,13.158113,0.15623303,13.327579,0.1350733712233133,1,-1
2025-01-01 20:59:20,-3.6905203,6.6955457,-2.4063766,8.015043,0.13503648918188194,1,-1
2025-01-01 18:34:35,1.1587465,13.81111,1.2546921,13.91631,0.13502497253811427,1,-1
2025-01-02 22:38:15,-1.0177323,5.7975993,1.4116952,6.053166,0.13501690257941754,1,-1
2025-01-03 20:38:20,2.2671041,6.845066,-1.9128911,7.4601507,0.13501408197193765,1,-1
2025-01-02 17:54:45,-2.8216722,8.119645,-2.9565322,9.09019,0.1350127313263925,1,-1
2025-01-01 08:56:20,-1.4681768,12.82501,-3.1991532,13.299287,0.13500981431808104,1,-1
2025-01-03 20:34:10,-0.9939039,6.681052,-1.764443,6.9812293,0.13499382443911137,1,-1
2025-01-02 04:39:20,-2.1430197,12.739873,0.5003123,12.928542,0.134990064063091,1,-1
2025-01-03 05:26:20,-1.4460783,10.42878,-2.5755534,10.839006,0.13497494173271252,1,-1
2025-01-01 01:06:10,3.3042085,7.717785,-1.4716204,8.52336,0.1349607868795324,1,-1
2025-01-03 08:27:20,1.4211909,6.0644836,-3.6140559,7.201329,0.13495401125780598,1,-1
2025-01-02 12:17:15,0.47822306,6.9448323,-1.5082815,7.1228023,0.13494899080918699,1,-1
2025-01-02 20:27:25,-3.5564601,10.152131,1.0632344,10.80947,0.13490960519666376,1,-1
2025-01-03 01:19:15,3.402479,9.186639,-3.128025,10.283761,0.1349081083894807,1,-1
2025-01-02 17:15:45,-2.0498405,11.329922,-2.5196466,11.78633,0.13490258203445477,1,-1
2025-01-01 08:25:15,2.724802,10.563465,0.8518336,10.942438,0.1348905665971924,1,-1
2025-01-03 13:33:10,-2.091127,13.603385,1.7020698,13.868019,0.1348791379473654,1,-1
2025-01-02 01:47:10,-2.1198719,8.288947,-3.7068474,9.324227,0.1348596831488544,1,-1
2025-01-02 15:04:55,3.389789,7.894333,-0.23666762,8.594602,0.1348394219446962,1,-1
2025-01-02 06:08:00,-1.8186151,6.469052,-1.867672,6.974539,0.13483419327669197,1,-1
2025-01-01 17:26:20,-4.148212,5.931723,-2.2985847,7.5945044,0.1348253411851374,1,-1
2025-01-02 08:22:25,-2.1448784,13.385402,-2.4550102,13.776667,0.1348245834761181,1,-1
2025-01-02 16:40:25,2.30711,8.813106,-2.8995702,9.560391,0.13479689304235512,1,-1
2025-01-02 23:02:20,0.5930706,12.725533,-1.4217322,12.818433,0.13478910373693884,1,-1
2025-01-01 04:09:10,0.90089554,7.93208,-2.605853,8.397617,0.13478153550382915,1,-1
2025-01-01 03:48:35,-3.6658142,7.6382627,1.7235812,8.645923,0.13477665261316651,1,-1
2025-01-03 08:27:35,0.2221404,11.839451,-2.7849822,12.164623,0.13477564355980556,1,-1
2025-01-01 01:52:05,2.5522237,11.009383,-1.2940934,11.375195,0.13476611355289747,1,-1
2025-01-02 03:55:45,1.7179312,9.189887,1.9893839,9.558397,0.13476490560411863,1,-1
2025-01-01 21:21:10,-3.3679163,10.4306755,-2.0113428,11.143938,0.1347611722298862,1,-1
2025-01-02 19:40:35,-3.2672057,13.61759,0.8154516,14.027771,0.1347328658319416,1,-1
2025-01-01 02:34:40,-1.0717986,10.268003,2.0558271,10.526494,0.13472915783015957,1,-1
2025-01-03 12:02:50,3.5088212,8.300558,1.8248597,9.19463,0.1347137891661694,1,-1
2025-01-03 07:56:15,3.0314243,6.392208,-1.6324553,7.2604938,0.13469600748298682,1,-1
2025-01-01 07:01:50,1.2749169,14.020563,-3.3025799,14.460588,0.13468852855457505,1,-1
2025-01-02 00:34:10,-3.6590784,8.944592,-1.4535309,9.772786,0.13468276189754486,1,-1
2025-01-03 21:25:05,3.4728985,8.4275675,0.5917881,9.134283,0.1346777936299266,1,-1
2025-01-03 08:43:05,3.1589432,10.194997,-2.8367083,11.043722,0.13467675733537218,1,-1
2025-01-03 13:51:45,-1.2114093,12.970376,-2.2416313,13.218286,0.13467464231198523,1,-1
2025-01-01 20:41:55,-2.352758,12.6227255,2.2640986,13.038206,0.13466601079256257,1,-1
2025-01-03 02:55:45,1.5513501,7.8851705,2.417011,8.391933,0.1346648498311493,1,-1
2025-01-01 08:14:10,-0.92046875,7.3675838,2.1097698,7.7187877,0.13466380908953976,1,-1
2025-01-03 17:24:35,2.8110323,6.6107087,2.1518552,7.4989233,0.13465982525052564,1,-1
2025-01-01 05:19:45,-1.5862818,9.953316,-3.773655,10.762215,0.134651950528802,1,-1
2025-01-02 06:45:30,3.1756496,13.045049,-0.51875913,13.436039,0.13465170638670126,1,-1
2025-01-02 09:03:00,-3.9778752,10.215328,-0.7088352,10.985394,0.13463429387865888,1,-1
2025-01-02 02:47:10,-1.3919121,5.965275,-0.9953159,6.20585,0.13461760822364555,1,-1
2025-01-02 07:36:45,-0.6126915,13.331946,-2.033205,13.500005,0.13459343104271407,1,-1
2025-01-01 15:00:10,-1.8009809,11.090106,1.5110778,11.336549,0.13458526210978036,1,-1
2025-01-01 00:19:55,-3.0583405,6.8540616,-0.9895423,7.5703897,0.13452814372564398,1,-1
2025-01-02 17:10:05,3.1124377,6.9068174,2.4287834,7.9555254,0.13451120860888163,1,-1
2025-01-03 14:50:55,3.446255,10.921865,-2.8388581,11.799276,0.13447155827518853,1,-1
2025-01-02 07:04:00,3.846007,6.2505603,-0.14429802,7.3404427,0.13445233016247587,1,-1
2025-01-01 21:02:15,1.1217359,6.87577,-3.449394,7.773855,0.13444529918569334,1,-1
2025-01-01 22:40:20,-3.848429,9.149493,-2.3461738,10.19942,0.13444030959824102,1,-1
2025-01-03 20:54:05,2.073573,13.564829,-0.7453507,13.742628,0.13439506284439667,1,-1
2025-01-01 17:38:20,0.8745895,6.0406017,-2.226313,6.4969416,0.13438330481001703,1,-1
2025-01-03 00:20:30,3.372663,11.948546,-2.9584882,12.763043,0.1343570032394431,1,-1
2025-01-03 12:16:15,0.89848095,5.297392,-0.17672926,5.3759522,0.13434828713514574,1,-1
2025-01-02 05:36:30,-1.9899546,6.870545,-0.46346375,7.167922,0.1343459294713822,1,-1
2025-01-01 02:02:35,2.741838,8.0094595,1.7513682,8.645022,0.1343258466270336,1,-1
2025-01-02 12:14:20,-3.5071418,13.754287,-1.643002,14.289154,0.134325390850867,1,-1
2025-01-03 17:07:10,1.3779048,10.670898,-2.700206,11.0931425,0.13430792799116947,1,-1
2025-01-03 15:55:50,-3.0223908,8.084183,1.8522015,8.827203,0.13430133078357842,1,-1
2025-01-01 18:46:10,2.8916435,6.5664396,-1.4009081,7.3104224,0.13429867301126677,1,-1
2025-01-03 12:49:25,1.9099472,10.116177,1.2160319,10.366468,0.1342873360028921,1,-1
2025-01-02 09:48:25,-1.5235469,6.0554967,2.0182087,6.562271,0.1342824706804202,1,-1
2025-01-01 12:42:20,-1.143417,12.244026,0.71030587,12.317797,0.134265892964403,1,-1
2025-01-02 12:07:00,0.3498288,6.6838427,0.5969569,6.71956,0.13425598714828846,1,-1
2025-01-01 18:48:20,-3.182964,9.303218,1.2155249,9.907503,0.13425383768300625,1,-1
2025-01-02 00:56:00,3.314864,12.440678,-0.3740922,12.880168,0.1342423214531368,1,-1
2025-01-01 12:59:25,3.911438,9.940052,2.0455606,10.876042,0.13423297123885092,1,-1
2025-01-02 17:36:40,-3.050311,11.935842,-1.470013,12.406838,0.1342320641356427,1,-1
2025-01-02 22:28:10,-1.5893404,6.4661307,-3.619041,7.5785427,0.13423017008954335,1,-1
2025-01-02 08:45:30,0.9749433,7.013998,0.8085164,7.1274385,0.13420708888421973,1,-1
2025-01-03 17:06:45,3.945388,7.8386874,-2.5006146,9.124921,0.13419968889185077,1,-1
2025-01-02 08:29:45,-3.1084518,8.415407,-0.98382986,9.024936,0.13419278633575765,1,-1
2025-01-02 08:56:55,3.0019057,8.452385,1.8611612,9.160686,0.13419192528837387,1,-1
2025-01-01 14:16:05,-2.0088928,13.628971,0.0067185736,13.776231,0.13418685810059547,1,-1
2025-01-01 06:38:10,-3.5057607,8.634213,0.18176126,9.320571,0.13418113118390326,1,-1
2025-01-03 05:38:40,-2.9006803,6.639977,-1.6269306,7.4263144,0.13417425942189587,1,-1
2025-01-02 09:26:10,-2.9602296,6.3794866,-3.6716394,7.9335833,0.13416545468676266,1,-1
2025-01-03 21:02:10,3.2848365,7.2162895,-1.6564884,8.099935,0.1341447415570138,1,-1
2025-01-01 12:29:15,-0.12286754,9.788592,1.7291441,9.940905,0.1341441163451893,1,-1
2025-01-02 11:38:40,3.4785612,8.230875,-3.1667976,9.480311,0.1341318758916006,1,-1
2025-01-02 13:11:50,-1.2022761,10.379854,1.3072641,10.530706,0.1341280745039946,1,-1
2025-01-01 17:40:30,2.4478593,10.790103,1.648627,11.186434,0.13412515738263894,1,-1
2025-01-01 06:52:40,-2.2612083,6.6821365,0.26247284,7.0592427,0.1340897035164973,1,-1
2025-01-03 09:34:00,-2.1431148,6.452344,-1.812826,7.036478,0.13408358581433852,1,-1
2025-01-02 06:16:15,-2.051876,11.788194,2.2072918,12.167327,0.1340820361435949,1,-1
2025-01-01 19:42:35,-3.4564388,6.2706933,-0.7323341,7.1975603,0.13407131944355868,1,-1
2025-01-03 13:34:00,1.6540487,13.765146,-0.6762448,13.88065,0.13407059986882447,1,-1
2025-01-01 19:44:30,-3.0130014,11.2783785,-0.07921124,11.674171,0.1340690074943122,1,-1
2025-01-02 20:00:05,-2.4935188,12.82671,0.008710438,13.066836,0.13406279862606393,1,-1
2025-01-02 06:32:50,-3.2577345,7.7253637,-2.240504,8.67836,0.1340524246368877,1,-1
2025-01-02 12:21:10,-1.0004216,7.9784074,2.2545457,8.350976,0.1340376244267508,1,-1
2025-01-02 05:26:55,1.2034035,6.7673793,1.8503029,7.118232,0.13400925108753906,1,-1
2025-01-03 04:55:30,2.0339456,5.8189707,-2.469588,6.6404986,0.13398906210065034,1,-1
2025-01-02 08:09:00,2.0642896,7.7476997,1.9507645,8.251886,0.13398701852047526,1,-1
2025-01-02 11:24:35,0.64106536,13.064862,-0.5173916,13.09081,0.1339751555031295,1,-1
2025-01-03 02:09:00,-2.801202,7.4470587,-0.82005334,7.998619,0.1339729998439749,1,-1
2025-01-03 06:10:05,-3.0343912,8.011198,-2.1138365,8.823555,0.13396106466596636,1,-1
2025-01-03 11:31:05,3.2992377,11.072003,-1.6505564,11.670414,0.1339555252212385,1,-1
2025-01-01 20:50:35,2.024135,6.0302467,0.0630625,6.361209,0.1339319562719575,1,-1
2025-01-02 23:26:35,-4.1234465,6.9317856,1.5079111,8.205257,0.13392023421808558,1,-1
2025-01-02 10:28:20,-3.306527,5.5582275,-0.82723564,6.5200715,0.13390831133466896,1,-1
2025-01-03 19:49:35,-0.3090405,7.0795536,-2.946723,7.6745524,0.13390340139356421,1,-1
2025-01-01 18:42:40,-0.5537676,13.00086,1.9680877,13.160638,0.13389796225010236,1,-1
2025-01-02 02:49:00,-0.21040715,6.82956,2.3720539,7.2328277,0.13388441271382126,1,-1
2025-01-01 23:04:30,0.03932373,12.077678,-3.5770433,12.5963125,0.13388249979912573,1,-1
2025-01-01 10:55:05,1.3410422,6.758146,-0.5826779,6.9145093,0.13388177979063212,1,-1
2025-01-02 10:06:10,-2.596719,10.97391,-1.8409914,11.426237,0.13388166480584496,1,-1
2025-01-02 14:55:50,1.2250271,9.106739,-2.5848036,9.545397,0.13386936692948634,1,-1
2025-01-03 01:12:05,0.34437868,6.104358,0.28645226,6.120771,0.13385975262989083,1,-1
2025-01-01 09:05:45,3.346868,12.864159,0.15080272,13.2932625,0.13385256740060197,1,-1
2025-01-02 04:07:20,1.4236292,6.079507,-2.9416564,6.9022074,0.13384760664675918,1,-1
2025-01-01 11:29:25,2.5857077,7.329885,-1.8031844,7.979008,0.13380211177992632,1,-1
2025-01-01 00:07:35,-2.228402,6.2556033,-2.4237564,7.0691543,0.13380157564107958,1,-1
2025-01-03 15:58:20,-0.6809869,13.347523,0.5091156,13.374577,0.13375242017243533,1,-1
2025-01-02 09:01:35,-3.470202,10.802519,0.71942925,11.369005,0.1337364532152325,1,-1
2025-01-02 08:24:40,0.6848433,10.338558,1.723587,10.503597,0.1337168392531231,1,-1
2025-01-03 01:41:25,1.172645,7.4196916,-3.2603168,8.188808,0.13370810978809558,1,-1
2025-01-02 17:17:35,-3.5128853,8.58388,-2.039391,9.496446,0.13370508585767502,1,-1
2025-01-02 20:54:55,-3.5382605,9.517685,2.5031886,10.458086,0.13369746361484092,1,-1
2025-01-01 01:37:20,-2.9943616,9.24999,0.49222997,9.73503,0.13369071526665982,1,-1
2025-01-03 16:28:20,2.3500102,8.377075,-3.4501307,9.359559,0.13368985838447092,1,-1
2025-01-02 06:36:30,-1.4710822,7.744494,-3.0470262,8.451369,0.133675804616565,1,-1
2025-01-03 16:19:15,-0.24813573,6.0589805,2.1549792,6.435585,0.13367244813464854,1,-1
2025-01-02 07:44:45,1.4183595,11.205935,-3.7376263,11.897671,0.1336662525862096,1,-1
2025-01-02 09:05:30,0.14929931,6.2611723,0.17449912,6.2653823,0.13366293087736617,1,-1
2025-01-02 12:48:15,3.0343795,8.679065,2.327231,9.484178,0.1336572900419823,1,-1
2025-01-01 23:02:25,-3.1183221,10.254584,1.003612,10.765114,0.13364799482134113,1,-1
2025-01-03 00:59:10,-1.0720998,13.388873,-2.9085393,13.7430315,0.13363380598768793,1,-1
2025-01-01 12:49:40,2.2466846,7.8441873,-3.121377,8.7362385,0.13362291335833004,1,-1
2025-01-03 06:44:35,-2.6863258,7.773508,1.389794,8.341181,0.1336035293821407,1,-1
2025-01-01 03:18:35,3.6182747,8.561379,0.066950224,9.294817,0.1335987795999661,1,-1
2025-01-02 23:56:05,-3.1276948,12.810006,2.2177136,13.371499,0.13359591421726635,1,-1
2025-01-03 15:24:35,2.8288734,6.208293,-0.08981364,6.823012,0.1335807103630799,1,-1
2025-01-02 12:48:40,-0.66907704,12.432899,0.43350294,12.458434,0.1335779999917787,1,-1
2025-01-01 17:16:55,0.5977073,6.66393,-1.2254045,6.801973,0.13356426521481132,1,-1
2025-01-02 06:52:05,3.9103076,11.415103,-3.7569382,12.6376295,0.13354079378704095,1,-1
2025-01-03 01:47:00,1.0904591,6.2706237,-0.7781669,6.4121265,0.13353940888740384,1,-1
2025-01-02 00:38:40,-3.3005157,8.630013,-3.4351954,9.85754,0.13352872099931562,1,-1
2025-01-02 11:52:45,3.6830003,7.706488,-1.8980821,8.749695,0.1335256952293499,1,-1
2025-01-01 20:20:30,1.6652985,8.771432,-2.8737516,9.379215,0.13351804085974062,1,-1
2025-01-03 06:25:15,-0.14302695,6.2901087,-3.0530493,6.9933567,0.13349991401172193,1,-1
2025-01-03 14:30:25,-3.3891764,7.604704,1.0121648,8.387044,0.13349859787099888,1,-1
2025-01-02 19:36:10,0.8661573,6.1859946,1.8728052,6.521055,0.13349696429212946,1,-1
2025-01-01 14:09:45,3.4053888,6.341515,-0.49557295,7.2150593,0.1334907927309429,1,-1
2025-01-01 12:19:50,2.1038473,11.111202,-0.9356339,11.347263,0.1334759608554137,1,-1
2025-01-03 12:25:00,1.3756818,12.730596,1.3522797,12.8759165,0.13346979208879542,1,-1
2025-01-02 09:19:50,-2.8235834,8.93066,-1.1177384,9.43285,0.13345044278488336,1,-1
2025-01-02 09:51:20,-2.9138694,8.429315,-2.6519618,9.304669,0.13344626552859262,1,-1
2025-01-02 17:22:10,-0.44077542,7.5359325,1.5742873,7.711222,0.13342075747710389,1,-1
2025-01-02 23:47:35,-3.2128882,13.684978,-1.3706506,14.123736,0.1334148278175466,1,-1
2025-01-01 21:42:35,1.1493026,7.504909,-3.2443738,8.256544,0.13336150092670826,1,-1
2025-01-01 11:55:40,3.1183405,12.902235,-3.6497176,13.766341,0.13334531018948792,1,-1
2025-01-03 02:38:30,-3.0335388,8.954402,-1.8024057,9.624569,0.1333342131545545,1,-1
2025-01-01 17:02:55,-0.98093367,10.580935,-3.2198794,11.103424,0.13333199472891827,1,-1
2025-01-03 12:16:20,-3.5000434,5.271049,0.6233232,6.3578925,0.13332238919345024,1,-1
2025-01-02 10:35:25,1.2348145,12.142205,-3.288048,12.639983,0.13331844434428963,1,-1
2025-01-01 21:08:30,0.51838243,12.7317915,1.5198671,12.832663,0.13330859085988483,1,-1
2025-01-02 23:07:25,-3.1707036,7.656486,1.945689,8.512394,0.1332729869004775,1,-1
2025-01-03 09:47:25,3.7005863,13.082895,1.4440963,13.67267,0.1332650764974978,1,-1
2025-01-01 17:09:45,2.8052473,13.574753,-2.1833875,14.03248,0.13325379057283934,1,-1
2025-01-02 03:21:45,3.7802982,8.309561,1.7063725,9.28715,0.13325119959460804,1,-1
2025-01-01 03:24:05,-2.6372623,11.48304,-3.0038633,12.158888,0.13325024268599572,1,-1
2025-01-02 09:49:10,-3.661419,13.274553,-0.32827076,13.774161,0.1332363924724894,1,-1
2025-01-03 02:23:25,3.923533,8.572881,-3.6344757,10.104346,0.13321561759668724,1,-1
2025-01-01 19:09:45,-3.5937798,8.911692,0.9805878,9.6589365,0.133198198096475,1,-1
2025-01-02 05:59:30,3.013719,8.447915,1.6068449,9.112174,0.13318899470986922,1,-1
2025-01-01 23:42:40,2.899539,11.828593,1.1571522,12.233641,0.13317248040022978,1,-1
2025-01-02 22:12:55,3.970759,7.797731,0.59384245,8.770643,0.13316023866463977,1,-1
2025-01-01 14:08:10,-2.9983664,11.091267,-0.16936797,11.490652,0.13314549326553887,1,-1
2025-01-03 03:49:10,0.0024142477,5.3866467,-3.7751482,6.57782,0.13313577262632295,1,-1
2025-01-01 07:15:50,2.4322553,11.399382,0.24716122,11.658596,0.13313136004307022,1,-1
2025-01-02 04:07:15,-0.47171453,5.2834406,-3.7061806,6.4709377,0.13311875668662607,1,-1
2025-01-02 05:23:00,2.0181103,5.334878,-0.955851,5.7833676,0.13310856103760219,1,-1
2025-01-02 21:19:45,-0.8595742,13.095713,-1.7575727,13.241058,0.13310382872697735,1,-1
2025-01-03 09:38:25,-2.7559845,12.026114,-3.3787947,12.792151,0.13307518596664533,1,-1
2025-01-03 04:25:40,1.8309687,13.074562,-0.115600035,13.202651,0.13306784754040615,1,-1
2025-01-03 00:09:10,-2.7977393,8.304493,-3.2906225,9.360563,0.13305408297545598,1,-1
2025-01-03 18:40:25,-1.3129644,9.818014,-2.5416813,10.226311,0.13303691335880174,1,-1
2025-01-02 06:29:50,-3.5027711,8.006324,-0.29023308,8.743847,0.1330280868903985,1,-1
2025-01-01 01:34:20,-2.823631,10.515956,0.665454,10.90876,0.1330212931170653,1,-1
2025-01-02 14:55:05,-0.556189,13.640267,1.2554262,13.709207,0.1329911480199924,1,-1
2025-01-02 04:24:40,0.09015317,9.75874,-3.3082035,10.304627,0.13298046505748803,1,-1
2025-01-03 03:08:10,3.5592897,10.784268,-0.49684563,11.367315,0.132977732637778,1,-1
2025-01-03 09:39:55,0.75139046,5.9439206,-0.26836884,5.997233,0.13297008681363776,1,-1
2025-01-02 03:29:15,3.226469,11.319865,-3.32081,12.230177,0.13295379694636414,1,-1
2025-01-01 00:59:40,-0.9809901,10.125198,1.3390151,10.260358,0.13293664617850495,1,-1
2025-01-02 06:41:45,0.9291059,5.470793,-1.1731963,5.67179,0.13293502041790986,1,-1
2025-01-02 01:15:50,-4.1353793,5.441605,1.3403064,6.9648294,0.13293282861033784,1,-1
2025-01-03 17:04:05,1.1696934,8.652274,-3.0870929,9.260678,0.13289458795487444,1,-1
2025-01-03 16:40:15,-1.6640841,6.303939,0.44216716,6.5348554,0.1328930917579672,1,-1
2025-01-01 18:52:20,2.5839953,9.287913,1.0885742,9.701926,0.1328914692390037,1,-1
2025-01-02 09:13:20,-0.30252627,13.740783,1.741777,13.85404,0.1328698735630259,1,-1
2025-01-03 11:25:30,-0.211608,13.131562,0.08025013,13.1335125,0.13286872947938072,1,-1
2025-01-03 01:54:10,2.659489,5.4292707,-0.7399585,6.0907636,0.13286830096090385,1,-1
2025-01-02 20:43:35,1.9211812,6.2204356,-2.6330793,7.022668,0.13282647572581924,1,-1
2025-01-01 22:06:30,-3.358434,13.949433,-1.8767,14.470238,0.13279771535559806,1,-1
2025-01-01 18:20:25,-3.1467257,6.2257514,-0.595747,7.0011983,0.13279365552501976,1,-1
2025-01-01 03:10:10,-2.0365524,6.357588,2.1856134,7.0244837,0.13278925701006997,1,-1
2025-01-01 22:09:30,-3.5179574,8.822205,-1.7570353,9.658907,0.13277018845185226,1,-1
2025-01-03 19:11:20,0.42823565,12.730933,1.6382191,12.843045,0.13276183104543024,1,-1
2025-01-02 23:51:35,1.3434869,12.971502,-3.043718,13.39138,0.13274543001751274,1,-1
2025-01-03 06:00:40,-2.5722883,9.876947,-1.8379215,10.370569,0.13273185277294702,1,-1
2025-01-01 11:19:40,-1.1770183,5.8895245,-2.7107604,6.589392,0.13272095992756405,1,-1
2025-01-01 13:10:50,0.44435593,13.806903,0.07898614,13.814278,0.13271380580274322,1,-1
2025-01-03 12:44:30,2.933936,11.965967,0.8046923,12.346655,0.13270018401517814,1,-1
2025-01-01 23:29:00,-1.6406629,8.640372,-3.059252,9.31165,0.132699267633962,1,-1
2025-01-01 12:48:45,-0.6899989,5.729123,0.42032307,5.785812,0.13269583640286037,1,-1
2025-01-02 20:02:55,1.1391621,11.749661,-2.7916982,12.130367,0.13263352183978225,1,-1
2025-01-03 10:49:50,0.4685923,6.1560884,-3.5783145,7.1359186,0.13262796726851123,1,-1
2025-01-01 07:26:00,0.7932391,6.9750414,0.9490948,7.0838695,0.1326197343833371,1,-1
2025-01-03 02:57:45,3.1096308,13.648837,1.5365171,14.0826645,0.13261228905940065,1,-1
2025-01-01 09:26:20,3.0043128,6.7759056,-1.2331892,7.5139565,0.13260220150425783,1,-1
2025-01-02 05:26:10,2.797415,13.979413,-3.1778786,14.606452,0.13258250379692324,1,-1
2025-01-03 12:19:25,2.3746822,9.423298,1.6442293,9.856021,0.13258197165374655,1,-1
2025-01-03 04:39:45,0.38292113,6.0570908,-1.2477618,6.196119,0.13257574427173677,1,-1
2025-01-03 21:19:20,3.1332297,13.880121,1.4136208,14.299413,0.13255519483399547,1,-1
2025-01-03 17:00:55,-1.7810841,6.7085032,1.1219512,7.0310063,0.13255320169932658,1,-1
2025-01-02 07:06:50,1.6087433,13.036759,-2.353103,13.344746,0.13254706347358472,1,-1
2025-01-03 11:17:35,-0.93635017,13.527368,0.025956692,13.55976,0.13254459195744986,1,-1
2025-01-03 10:13:50,1.4059082,8.368787,-3.1081374,9.03735,0.13254348988076559,1,-1
2025-01-01 11:19:30,2.2424037,8.004619,-2.9775398,8.829951,0.13254019830325375,1,-1
2025-01-03 07:03:15,-0.98865086,6.5815043,-2.0760703,6.9716353,0.13253401040695864,1,-1
2025-01-01 09:16:05,3.067375,13.886335,1.1968478,14.271354,0.13250592846135978,1,-1
2025-01-01 13:57:20,-0.22527403,12.54625,1.7362773,12.667826,0.1324918933209622,1,-1
2025-01-01 02:32:45,3.9831128,14.002492,-2.0418704,14.700483,0.13247000267967343,1,-1
2025-01-03 03:23:30,-0.20338856,8.852051,1.9543076,9.067496,0.1324641040341784,1,-1
2025-01-02 23:48:25,2.7822912,8.660253,0.38319734,9.104282,0.1324557592623074,1,-1
2025-01-02 07:57:20,0.7384481,5.749862,1.4291598,5.970655,0.13245528394447906,1,-1
2025-01-02 06:32:10,-1.6084732,10.962953,1.8018626,11.225873,0.13242848120788844,1,-1
2025-01-03 08:35:15,-1.4176981,6.096732,-3.1410944,7.0033197,0.13242600532282112,1,-1
2025-01-02 23:28:15,-2.8150427,7.2669783,0.5073706,7.8096647,0.13241426474721138,1,-1
2025-01-01 16:50:25,-0.5393836,7.338705,-3.1062768,7.98727,0.13241031389718572,1,-1
2025-01-01 09:21:10,-2.9223325,10.144345,-0.8782819,10.593354,0.13239904185474105,1,-1
2025-01-03 19:30:40,-0.16414468,13.644038,-3.1386104,14.001343,0.1323931863305894,1,-1
2025-01-03 18:03:20,-3.202492,5.514038,-1.1231018,6.4747143,0.13238961728901383,1,-1
2025-01-03 20:32:25,-4.059543,9.195734,-0.80901194,10.084439,0.1323700725862721,1,-1
2025-01-03 17:48:10,-3.9063292,7.72876,-0.49429724,8.673953,0.13234332931935278,1,-1
2025-01-02 00:57:30,-3.1128886,9.749427,-0.7068596,10.258706,0.13233206569823464,1,-1
2025-01-02 19:45:15,-4.028001,5.298226,-2.811606,7.225034,0.13229973686828359,1,-1
2025-01-02 02:57:35,3.646372,8.421036,-1.6427561,9.322474,0.13228542703217597,1,-1
2025-01-03 21:05:00,3.6525176,8.918908,1.8022977,9.804901,0.1322833057058892,1,-1
2025-01-02 13:25:00,3.0472598,13.453113,0.95303905,13.826797,0.13227929088490786,1,-1
2025-01-03 00:56:25,-2.8951318,10.74227,0.58645195,11.141009,0.13226999370289802,1,-1
2025-01-03 07:26:00,0.20369716,9.22638,1.5151049,9.352172,0.13226627294188037,1,-1
2025-01-02 00:42:25,-3.2588198,7.652372,-1.3926157,8.433154,0.13226185226076095,1,-1
2025-01-02 00:15:35,3.3777559,7.5564647,-0.40397662,8.286893,0.13225682511164574,1,-1
2025-01-02 09:19:00,-4.1755586,13.986,-1.8023065,14.706862,0.1322427254983723,1,-1
2025-01-02 23:27:55,2.3383145,12.55422,-3.410026,13.217581,0.13219740667309693,1,-1
2025-01-03 10:34:15,2.4966304,5.345195,0.09501203,5.9002795,0.1321937621710652,1,-1
2025-01-01 08:59:45,-4.06716,8.411949,-0.5882105,9.362087,0.1321808942844575,1,-1
2025-01-02 02:34:35,-2.0753987,6.2215433,-3.4566445,7.4137216,0.13216915513849292,1,-1
2025-01-01 11:43:45,-2.6533875,8.401546,0.593178,8.830532,0.13216737635236592,1,-1
2025-01-01 04:17:10,3.0403414,10.138779,-0.9090483,10.623788,0.1321660720840596,1,-1
2025-01-01 21:30:50,-0.700493,5.6779704,0.6084654,5.7532835,0.13215641451221985,1,-1
2025-01-01 17:17:40,-2.701953,7.7308483,1.9173679,8.410878,0.1321505830911167,1,-1
2025-01-02 23:33:10,-4.0197544,10.882291,-2.3257084,11.831805,0.13214752742611408,1,-1
2025-01-02 14:30:20,-3.1770148,12.075945,0.21528777,12.488724,0.13212914616969787,1,-1
2025-01-01 01:54:50,2.652882,9.935244,-0.9971498,10.331561,0.13212683263625594,1,-1
2025-01-01 08:52:00,-3.5278394,12.202107,-0.6974029,12.720984,0.13212089030905927,1,-1
2025-01-03 17:14:45,-2.963968,7.730017,-2.222829,8.572003,0.13210775850213105,1,-1
2025-01-01 22:28:35,1.9430188,13.010076,0.25660676,13.15687,0.13209491461940964,1,-1
2025-01-03 02:08:50,-2.7736824,11.426698,0.6990141,11.779277,0.1320712981578685,1,-1
2025-01-01 14:48:10,3.2521887,6.3904405,0.571352,7.193115,0.13207079720316087,1,-1
2025-01-01 15:41:15,-2.8212447,9.89039,-2.954348,10.700814,0.13206658209483305,1,-1
2025-01-01 12:20:40,1.2213271,12.860595,-1.7798302,13.040488,0.1320526304966547,1,-1
2025-01-01 08:31:50,0.123501755,9.432609,-3.24563,9.976145,0.13201218138558418,1,-1
2025-01-03 03:33:55,-1.7061559,9.924231,1.7133181,10.214538,0.13200565704450412,1,-1
2025-01-01 01:54:05,3.386252,11.737582,-0.53569776,12.228022,0.13200260012235895,1,-1
2025-01-01 01:56:40,1.1239008,5.2740154,-1.1489812,5.513488,0.13199520098313264,1,-1
2025-01-03 03:59:35,-3.2195604,9.332443,-3.3054576,10.410865,0.1319893389525948,1,-1
2025-01-02 20:01:30,-1.3318251,5.480778,1.5780189,5.8568616,0.13197209203959334,1,-1
2025-01-02 15:41:15,1.1851556,12.165255,1.3877838,12.30138,0.13196784730062572,1,-1
2025-01-03 03:59:15,-1.7349292,9.012482,1.8594985,9.364429,0.13196395364351712,1,-1
2025-01-03 17:24:00,-0.028522898,11.404599,-3.1204984,11.82384,0.13195953767237656,1,-1
2025-01-02 08:47:20,1.2375557,5.588899,0.87902737,5.791375,0.13194183366725265,1,-1
2025-01-02 22:47:30,-3.894381,9.700656,-0.22792779,10.455663,0.13189773954915765,1,-1
2025-01-03 08:39:35,1.7689253,7.0633316,-0.10466946,7.2822185,0.13189360245867848,1,-1
2025-01-03 15:02:20,-2.8131626,11.731739,0.7818733,12.08962,0.13188165699488952,1,-1
2025-01-03 20:43:50,3.993132,8.310393,-3.6690502,9.923188,0.13185941983766705,1,-1
2025-01-02 15:03:05,3.446324,7.541991,-2.4156709,8.636796,0.13184275679254506,1,-1
2025-01-01 04:00:15,3.0173514,12.058671,-3.5551772,12.928853,0.13182536006741558,1,-1
2025-01-02 11:58:15,2.1361833,12.535186,-3.5117686,13.191917,0.13181977266636102,1,-1
2025-01-01 10:02:25,-1.8230484,10.763479,-3.217416,11.381026,0.13181083358872192,1,-1
2025-01-01 01:28:40,-2.6665647,7.036621,2.40069,7.898602,0.13178593320979273,1,-1
2025-01-03 02:15:00,-2.3800933,10.092621,-3.2007203,10.852209,0.13170177228402205,1,-1
2025-01-01 00:46:35,-0.9522999,13.688104,1.8081511,13.839814,0.13168209335046901,1,-1
2025-01-03 12:52:25,2.8915474,8.692266,-2.8934834,9.606706,0.1316624949883152,1,-1
2025-01-02 01:57:15,2.8734112,7.048396,-2.170612,7.915045,0.13165398283826693,1,-1
2025-01-02 06:48:45,2.3504267,10.339692,0.10982958,10.604047,0.1316399635539589,1,-1
2025-01-01 02:37:05,1.111676,12.176381,0.363879,12.232435,0.13163927117454752,1,-1
2025-01-02 14:44:40,2.3307064,9.07959,0.4309599,9.3838625,0.13163314279835509,1,-1
2025-01-01 21:33:30,-2.675186,5.301545,1.2598557,6.07044,0.13162630931683938,1,-1
2025-01-03 18:30:10,-1.7280269,8.975429,-2.8617694,9.577793,0.1316260304994507,1,-1
2025-01-02 15:01:00,-0.22207955,12.6980715,0.72118294,12.720473,0.1316090999477041,1,-1
2025-01-01 22:34:15,-2.9461372,7.570529,-2.4792755,8.493494,0.13160535925108408,1,-1
2025-01-02 21:11:05,2.3628101,8.267493,-1.6661477,8.758446,0.13159584328133928,1,-1
2025-01-01 04:18:35,2.185008,10.726731,-3.4183738,11.468318,0.13158664117979216,1,-1
2025-01-01 19:39:35,-2.7297776,8.902687,-0.38350427,9.319688,0.13157520047657223,1,-1
2025-01-02 21:45:45,0.20692138,8.280779,2.224128,8.576763,0.13157337133455102,1,-1
2025-01-02 05:24:50,0.94344425,8.494644,1.675093,8.709477,0.13152899884961458,1,-1
2025-01-03 07:08:20,-3.3770788,5.583166,0.4640175,6.541538,0.1315231163828213,1,-1
2025-01-01 02:06:40,-3.5418947,9.842942,-0.33030036,10.4660225,0.13151818233550291,1,-1
2025-01-01 15:57:00,1.3612278,9.292617,-3.260349,9.9416065,0.13151532549314493,1,-1
2025-01-03 04:04:10,-0.062196314,13.479796,-0.8044648,13.503923,0.13150547634898604,1,-1
2025-01-03 08:07:10,-3.1047058,7.8785853,-2.9476528,8.966602,0.13147833315059965,1,-1
2025-01-01 02:15:05,-2.5306203,6.1354995,-0.6187143,6.6656733,0.1314571453006499,1,-1
2025-01-03 14:14:30,1.8997527,6.9417744,-0.9489369,7.2593236,0.1314488269795808,1,-1
2025-01-02 20:29:35,-0.8858275,5.662354,-0.31709534,5.7399907,0.13144108085578804,1,-1
2025-01-03 04:10:25,-3.650818,8.575362,-1.0027142,9.3739395,0.13143335694098415,1,-1
2025-01-01 23:39:25,-4.1329412,6.065959,-0.784508,7.381904,0.1314301673891983,1,-1
2025-01-01 18:05:50,-0.66621333,6.5976925,-0.8664632,6.687611,0.13141756903656576,1,-1
2025-01-02 02:07:35,-3.2046525,8.434521,0.5433175,9.0391445,0.13141750943066827,1,-1
2025-01-03 20:19:35,-3.3787298,6.1115727,0.9313322,7.0451765,0.13140651492143374,1,-1
2025-01-02 04:45:05,-1.4249862,7.16261,1.5092226,7.4572997,0.13139418347191242,1,-1
2025-01-03 11:30:55,1.0092822,10.855507,-3.0633104,11.324512,0.13134546792388058,1,-1
2025-01-01 02:51:40,2.6910517,11.083934,1.9954154,11.5791645,0.13133414164331472,1,-1
2025-01-03 19:27:00,-0.10581466,7.4171863,-3.768873,8.320472,0.13132970303910615,1,-1
2025-01-02 13:27:25,1.5440422,13.02425,1.9653395,13.261889,0.13132602388444012,1,-1
2025-01-03 03:01:00,3.387552,13.994726,-0.885671,14.426097,0.13132169172555577,1,-1
2025-01-02 00:27:45,-2.5499468,9.5656805,-3.3512974,10.451587,0.13132140024279634,1,-1
2025-01-02 07:24:00,0.3804176,12.504059,-1.1755546,12.564957,0.1313057824472566,1,-1
2025-01-02 18:39:15,1.163443,13.533011,-0.6564188,13.598783,0.13129920436834325,1,-1
2025-01-02 05:23:35,2.425029,9.371944,-2.4978971,9.99768,0.13125353759609,1,-1
2025-01-02 19:01:10,-0.7719493,7.0546546,0.786272,7.1401877,0.1312508906669677,1,-1
2025-01-03 07:35:40,3.1074324,10.287483,0.700186,10.769341,0.13122196851084664,1,-1
2025-01-02 02:45:00,0.91418904,6.5428033,1.1415199,6.7042584,0.1312071356626119,1,-1
2025-01-03 07:03:45,3.6864572,12.353984,0.01403926,12.892287,0.1311981861158436,1,-1
2025-01-03 09:20:25,2.974887,7.820618,-3.7111132,9.15338,0.13119721518357214,1,-1
2025-01-03 12:17:55,-0.83722514,12.814575,0.23681013,12.844078,0.13118705749520235,1,-1
2025-01-02 07:14:25,-3.2921078,6.077488,2.49399,7.3480487,0.1311859840838639,1,-1
2025-01-01 23:59:15,1.9763461,5.713504,0.34499127,6.055501,0.1311732159631133,1,-1
2025-01-02 10:42:05,-1.9002641,12.58591,-3.0016928,13.0777025,0.13115460741440513,1,-1
2025-01-03 16:38:05,0.19459355,8.072167,-3.13251,8.660853,0.1311243942041523,1,-1
2025-01-01 22:49:50,-1.1951073,9.68202,-2.4647489,10.062047,0.1311237879137427,1,-1
2025-01-02 23:24:35,-1.6839699,6.2403736,-1.6575981,6.6727543,0.13111795776048882,1,-1
2025-01-03 12:42:55,-2.1974058,5.9224057,0.27462608,6.322887,0.13111172936794813,1,-1
2025-01-01 12:40:50,-3.359419,13.437298,0.51383305,13.8604,0.1311101216028676,1,-1
2025-01-02 02:54:30,-2.612254,7.250148,-1.2753881,7.8112183,0.1310867800905896,1,-1
2025-01-02 08:19:50,2.3491635,9.874691,1.525016,10.264198,0.13108379528620592,1,-1
2025-01-02 03:13:35,0.69927055,6.283055,-1.013292,6.4025397,0.1310828203594819,1,-1
2025-01-01 14:07:25,3.278456,11.286404,-3.296879,12.20658,0.1310758838027539,1,-1
2025-01-03 08:33:15,-0.8236397,6.2565446,1.156494,6.4156227,0.13105640807838848,1,-1
2025-01-02 16:56:15,-2.9336712,8.8756695,-0.44362238,9.3584585,0.13105162440186252,1,-1
2025-01-02 08:51:15,-3.832511,8.88166,-3.0731564,10.149696,0.13104431557704962,1,-1
2025-01-01 00:50:10,3.963852,9.069817,-2.7497501,10.273014,0.13104347005476205,1,-1
2025-01-01 08:52:15,-3.5124223,9.0293255,-0.6465332,9.709987,0.1310394248545288,1,-1
2025-01-01 15:23:10,0.11189655,12.839954,1.5528717,12.934,0.13103143153940028,1,-1
2025-01-01 03:26:45,0.44557747,11.375198,-3.31519,11.856819,0.13100999034095193,1,-1
2025-01-03 08:13:40,2.1883874,8.120465,2.1313775,8.676045,0.1310090107372424,1,-1
2025-01-03 13:35:55,-1.9631032,11.845943,1.3146522,12.079258,0.13098942981408684,1,-1
2025-01-01 14:05:40,0.51637596,10.078554,1.5038217,10.203205,0.13098570410082813,1,-1
2025-01-02 14:55:20,-3.0581603,9.271303,1.6512927,9.901321,0.1309260999983694,1,-1
2025-01-03 06:02:35,2.2851555,10.383443,1.4496635,10.730301,0.13091941190339307,1,-1
2025-01-03 13:13:25,-0.70948786,10.228705,-2.7530377,10.616449,0.13091210509691137,1,-1
2025-01-02 11:56:25,0.2516014,6.901346,-0.2642509,6.910985,0.13089828762359382,1,-1
2025-01-01 18:01:30,1.7886738,6.5547414,0.57392883,6.8186054,0.1308846802061687,1,-1
2025-01-02 02:02:10,1.977017,5.939658,1.7579137,6.502184,0.13085366833864548,1,-1
2025-01-03 04:04:15,-1.0837221,13.933852,-1.6126211,14.068662,0.1308441608361369,1,-1
2025-01-02 08:44:55,-3.599778,12.379707,0.15196194,12.893356,0.13082758340891515,1,-1
2025-01-03 02:30:40,-1.7201964,13.149803,-0.9597802,13.296525,0.1308228739988244,1,-1
2025-01-03 08:09:35,-3.8216944,12.591263,1.4310468,13.236054,0.13081534454599789,1,-1
2025-01-01 00:09:20,1.0565367,6.3522243,-3.192655,7.187494,0.13081465708234313,1,-1
2025-01-03 18:59:55,-0.6306102,9.550401,-3.045432,10.044027,0.13081002846264392,1,-1
2025-01-02 15:22:15,0.37566432,13.583942,0.026024,13.589161,0.13077383379362192,1,-1
2025-01-01 11:01:35,0.6355472,6.866507,-1.146847,6.990572,0.1307644537521868,1,-1
2025-01-01 02:34:20,2.4540591,11.099305,-3.3826132,11.859977,0.1307445490971568,1,-1
2025-01-01 13:15:05,2.645092,12.470774,-2.1601903,12.929932,0.13073892599923184,1,-1
2025-01-03 05:58:45,1.2349265,12.588159,-1.7071642,12.763275,0.1307364166100653,1,-1
2025-01-01 08:30:20,-0.66031414,13.463735,-0.4896883,13.488809,0.13073528055357614,1,-1
2025-01-03 07:22:25,0.701328,5.986722,1.9466046,6.3341904,0.13072681542785589,1,-1
2025-01-01 05:30:55,1.5013322,6.6164417,2.3827918,7.1908965,0.13072403051427645,1,-1
2025-01-02 14:08:15,3.1487823,10.723006,1.3384732,11.25563,0.13067261130334581,1,-1
2025-01-02 15:58:05,2.1067135,9.844115,-0.59264374,10.084447,0.1306589660804403,1,-1
2025-01-01 08:50:10,-1.5977285,12.999744,-0.019306283,13.097574,0.13063484169508843,1,-1
2025-01-02 10:45:30,1.9491566,7.163111,1.2585258,7.529493,0.13063333888043782,1,-1
2025-01-01 09:31:10,-3.6411476,12.637416,0.106089406,13.151938,0.13060542783537415,1,-1
2025-01-01 10:47:05,-3.3775783,8.285716,1.7609993,9.119333,0.13060251999352426,1,-1
2025-01-02 15:43:20,0.39823377,12.804413,-1.6789302,12.920154,0.13060024187008404,1,-1
2025-01-01 17:44:35,2.420828,13.163598,-0.07522916,13.384558,0.1305928588828515,1,-1
2025-01-01 04:01:05,-1.0126002,11.495741,-2.7031188,11.852606,0.13059029257097735,1,-1
2025-01-03 19:08:55,2.2611969,7.202839,-3.2611628,8.22369,0.1305583285341443,1,-1
2025-01-03 15:16:45,-3.7332532,8.320409,-2.5219352,9.461846,0.13054449452402536,1,-1
2025-01-01 10:39:00,2.3658774,9.167682,-1.1288215,9.535093,0.13053859239355642,1,-1
2025-01-02 06:51:55,0.13971914,11.595322,-3.2879403,12.053279,0.13052085800240518,1,-1
2025-01-01 12:56:20,-2.950941,10.818957,0.8590934,11.247041,0.13051607141159502,1,-1
2025-01-02 14:43:20,-1.8620992,8.295668,1.4238526,8.620492,0.13051150717573595,1,-1
2025-01-03 05:26:25,-2.9234242,10.8742485,-0.04707407,11.260458,0.13050912468721634,1,-1
2025-01-02 10:37:55,-1.681679,5.9856763,-1.3014872,6.3521833,0.13050158635648693,1,-1
2025-01-03 12:19:15,-2.611862,11.033016,0.9494383,11.377641,0.1304826597180158,1,-1
2025-01-03 06:37:10,-0.50797695,9.3081455,-3.196128,9.854687,0.13047403761193715,1,-1
2025-01-01 13:55:50,-1.2771895,13.279891,-2.66275,13.604299,0.1304734620531312,1,-1
2025-01-02 07:23:55,-1.6390536,8.287424,1.7390853,8.625097,0.1304707896956142,1,-1
2025-01-03 09:52:05,-2.8659453,7.94089,-0.23449166,8.445494,0.13046497432903045,1,-1
2025-01-01 18:08:50,2.6095426,7.4143057,-1.3536117,7.9758325,0.13041255466883456,1,-1
2025-01-03 16:09:50,-3.8014934,10.751856,1.4266999,11.493008,0.13041247763835992,1,-1
2025-01-02 17:45:40,-2.731452,7.1799483,-0.5424922,7.70109,0.1303871739863927,1,-1
2025-01-03 06:50:25,3.2605362,12.530813,-1.6303533,13.050303,0.13038093779118498,1,-1
2025-01-03 14:05:30,3.4076862,8.185317,-1.373336,8.972056,0.13037990590626067,1,-1
2025-01-03 19:57:15,-2.6577802,13.863903,0.16988964,14.117382,0.13036964005840673,1,-1
2025-01-02 04:47:15,-0.52031296,10.102657,2.1764894,10.347537,0.1303587918723962,1,-1
2025-01-01 02:41:50,-3.3270187,9.4806,2.081389,10.260752,0.13035414255168593,1,-1
2025-01-02 06:07:40,-2.4114008,13.813241,0.9868129,14.056824,0.1303515162615872,1,-1
2025-01-01 15:18:05,-2.8707678,8.87686,0.80099446,9.363842,0.13034734716128688,1,-1
2025-01-01 21:51:55,-1.020521,10.752269,-3.7432778,11.430874,0.1303461948352506,1,-1
2025-01-01 19:18:35,3.6534333,8.017016,0.9334869,8.859544,0.13032630744180468,1,-1
2025-01-01 00:42:30,-2.7988887,10.759894,-1.9760338,11.292202,0.13032258342713066,1,-1
2025-01-01 18:13:30,2.7626977,13.973993,0.17916651,14.245599,0.13031765641398313,1,-1
2025-01-02 20:58:30,-1.5660579,11.140378,-2.7901464,11.59075,0.130292705934359,1,-1
2025-01-01 00:39:00,-3.5290635,13.177637,0.20553839,13.643558,0.1302642813011616,1,-1
2025-01-03 06:26:20,-2.5568933,7.483465,-0.9399264,7.963882,0.13025205776438312,1,-1
2025-01-02 19:23:10,0.4366467,6.7353554,0.43807876,6.763696,0.13024306653421855,1,-1
2025-01-02 05:40:10,0.18655673,10.136666,-3.2084057,10.63394,0.13024183905330516,1,-1
2025-01-02 16:22:30,-2.2964225,12.276442,-1.1754476,12.544571,0.13023328507134221,1,-1
2025-01-03 18:25:50,-3.1320367,11.393905,-1.0177263,11.86029,0.13021803976937968,1,-1
2025-01-01 22:58:45,3.979285,9.56369,-0.111994654,10.359123,0.13018498541389925,1,-1
2025-01-03 15:08:10,-2.9156144,5.7540903,-2.1944313,6.8136544,0.130182165368819,1,-1
2025-01-02 02:52:45,2.9420428,6.992327,-0.94632167,7.644853,0.1301735836124386,1,-1
2025-01-01 03:50:35,3.2086902,7.9436116,-0.81362754,8.605733,0.1301620709691107,1,-1
2025-01-01 19:16:35,-2.7901335,12.118871,-1.3617789,12.510249,0.13012214993445853,1,-1
2025-01-02 10:14:30,2.4548154,9.936563,-1.628513,10.364046,0.13010778084309763,1,-1
2025-01-01 05:34:50,2.7957504,9.132312,1.3865405,9.650794,0.1300887938541382,1,-1
2025-01-02 22:21:00,0.046009585,9.455765,-2.5664203,9.797964,0.1300867223207474,1,-1
2025-01-01 01:26:55,-4.114366,13.339961,0.7145113,13.978308,0.13007657090909117,1,-1
2025-01-02 15:55:40,-3.5857172,10.814935,-2.7646885,11.724491,0.13006390172529805,1,-1
2025-01-02 03:40:20,1.1016917,13.170634,1.9703902,13.3627,0.1300558516136464,1,-1
2025-01-03 15:20:50,-1.3873472,5.518589,0.13840221,5.6919866,0.13005152111124704,1,-1
2025-01-02 08:00:45,-0.7063752,12.878425,0.38846648,12.903631,0.13002935317949388,1,-1
2025-01-02 14:06:55,3.6805398,6.5334697,1.5085503,7.649073,0.13002601853771614,1,-1
2025-01-03 06:35:30,2.0118966,5.6762657,1.1965926,6.1399965,0.13001496551626415,1,-1
2025-01-01 12:07:15,2.673763,11.8712435,0.94620156,12.205357,0.13001200958678458,1,-1
2025-01-01 22:36:25,-3.6019557,11.851034,0.14710434,12.3872,0.13000373922484273,1,-1
2025-01-01 16:20:15,-3.6909485,6.2251854,-2.432351,7.634944,0.12997645941898778,1,-1
2025-01-03 16:07:45,-3.6414196,12.003663,0.6213909,12.559218,0.12997544884566364,1,-1
2025-01-01 00:02:00,3.2888985,6.8368545,0.6060324,7.6109595,0.12993748142550018,1,-1
2025-01-01 12:58:35,-0.44026384,8.356959,1.1389226,8.445694,0.12993494956744583,1,-1
2025-01-01 11:16:25,-3.4775455,9.224285,-2.3720052,10.139387,0.12993300455253676,1,-1
2025-01-01 00:44:40,2.2100697,12.169854,1.9296734,12.518522,0.129926462421723,1,-1
2025-01-03 18:40:40,3.284918,6.1707325,0.2481952,6.995014,0.1299084206465049,1,-1
2025-01-03 08:17:20,-3.6622236,8.237201,-0.18283346,9.016473,0.1299068512336662,1,-1
2025-01-03 00:17:40,1.455201,10.031087,2.3431666,10.4034,0.12989486092427568,1,-1
2025-01-01 23:59:20,3.4822214,8.400952,0.543839,9.110303,0.12987919531683273,1,-1
2025-01-01 17:49:45,-2.9301872,10.797162,-0.0327036,11.187751,0.12985088779723897,1,-1
2025-01-02 12:09:30,-2.9804618,8.995044,-0.71895784,9.503203,0.12984652992720036,1,-1
2025-01-02 13:49:05,-1.3130153,11.817988,-3.2147872,12.317618,0.12984136852675435,1,-1
2025-01-01 21:12:50,-2.8740933,6.7655416,-1.1373019,7.4381733,0.12984029120342483,1,-1
2025-01-01 10:53:15,-0.77418333,10.154318,-3.5026953,10.769327,0.12984017625599742,1,-1
2025-01-02 16:43:15,-3.4845667,7.242068,0.5131636,8.053142,0.12983162592422884,1,-1
2025-01-03 01:57:25,-1.9006708,10.267024,-2.9472663,10.849457,0.12982036422570584,1,-1
2025-01-01 20:21:50,3.0788214,8.492953,0.5218496,9.048852,0.12980984462624323,1,-1
2025-01-03 05:27:40,-2.155044,5.4179616,-2.675381,6.415309,0.12979785415158682,1,-1
2025-01-03 19:53:55,-3.4356885,7.1065617,-0.8429741,7.938374,0.1297801157740879,1,-1
2025-01-01 21:46:35,3.1835535,7.5629635,0.9592713,8.261576,0.12975738077028648,1,-1
2025-01-03 07:15:55,-1.9523374,13.377603,-2.6987803,13.786054,0.1297273878226097,1,-1
2025-01-03 09:52:00,3.382029,11.506465,0.971979,12.032523,0.1297216448330997,1,-1
2025-01-03 19:43:05,2.2012959,10.826576,1.5826894,11.160885,0.12971094973528136,1,-1
2025-01-01 08:46:40,3.0298953,9.008389,-2.6038384,9.854507,0.12968914164409376,1,-1
2025-01-01 11:53:00,1.9128877,11.72151,-3.0635014,12.265316,0.1296880328461683,1,-1
2025-01-01 15:26:55,3.057874,7.340946,1.719448,8.136128,0.1296661959449322,1,-1
2025-01-01 02:58:20,3.273605,10.800606,0.9863798,11.3288355,0.1296592616970018,1,-1
2025-01-02 04:50:00,3.08401,10.628762,-3.2625167,11.538012,0.12961708091913834,1,-1
2025-01-01 04:43:20,2.9025183,11.419623,0.054945715,11.782845,0.12961504718722175,1,-1
2025-01-03 07:06:30,-2.9535565,7.693796,0.8291157,8.28284,0.12961282411119388,1,-1
2025-01-03 17:20:15,3.5333567,9.985912,0.98801285,10.638573,0.1296098535066561,1,-1
2025-01-01 04:12:45,3.016004,9.089419,-0.06093045,9.576928,0.1296088356073272,1,-1
2025-01-02 05:59:05,-3.154646,5.397061,-2.0511925,6.5793195,0.12958009607886475,1,-1
2025-01-02 08:14:55,2.5046542,6.7285256,0.69320875,7.2129664,0.1295683842138107,1,-1
2025-01-03 08:37:25,3.2454097,10.495705,-2.817632,11.341585,0.12955233199255953,1,-1
2025-01-02 13:32:50,0.81764525,6.2952914,-0.06823744,6.348535,0.129544267986776,1,-1
2025-01-02 03:52:55,-3.3072634,10.704748,-0.60139304,11.220129,0.12949343653481382,1,-1
2025-01-02 22:46:55,-1.7799028,5.8894863,0.36909017,6.1636295,0.1294626432125052,1,-1
2025-01-01 15:06:35,2.8651304,13.110853,-3.5853443,13.890937,0.12945702581727242,1,-1
2025-01-01 23:12:45,-1.8095464,13.113075,-3.3717484,13.66001,0.12944316135616762,1,-1
2025-01-02 18:59:55,-3.2938654,8.354727,-1.7221531,9.144223,0.12943576709119842,1,-1
2025-01-02 21:25:20,2.7639287,12.247629,-2.153938,12.739041,0.12937797506174334,1,-1
2025-01-01 08:36:50,-3.1485329,8.9941025,-3.5622845,10.173348,0.12937435293367874,1,-1
2025-01-02 07:11:30,3.7956603,11.048546,-0.25550595,11.685148,0.12937328228012124,1,-1
2025-01-01 00:20:20,2.7516463,5.264618,-3.2720156,6.781876,0.1293702900589175,1,-1
2025-01-03 13:46:05,1.4838071,10.767663,1.3896638,10.957892,0.12935550046845384,1,-1
2025-01-01 05:15:50,2.849778,8.578207,-2.892794,9.490791,0.12935121129205523,1,-1
2025-01-03 19:12:15,3.0692596,5.96748,1.1730903,6.8122916,0.12933783431082232,1,-1
2025-01-01 07:31:20,0.2622846,8.155223,1.3166035,8.26498,0.12933317337954076,1,-1
2025-01-02 19:08:15,-1.5438803,5.217281,-1.7705922,5.721764,0.1293321456144805,1,-1
2025-01-03 02:21:05,3.2688725,7.1385546,0.47852007,7.865969,0.12932072664312627,1,-1
2025-01-02 04:40:45,-0.31333333,12.321266,2.0926402,12.5016365,0.12931761493825664,1,-1
2025-01-02 08:40:35,3.94121,10.77862,-3.7247806,12.065893,0.12926762526989316,1,-1
2025-01-03 00:49:15,-1.8736227,12.629824,-0.41719058,12.774857,0.1292270508223378,1,-1
2025-01-01 22:39:20,1.4061085,7.4169316,-3.6746407,8.395892,0.12920010761628087,1,-1
2025-01-01 04:19:30,-3.7980654,14.038422,-0.38292906,14.548169,0.12919137877190845,1,-1
2025-01-02 14:09:50,-2.707392,11.358442,-2.988527,12.053027,0.12917527168961598,1,-1
2025-01-02 10:05:20,-1.3559119,11.945253,2.2504525,12.230785,0.12915445041757087,1,-1
2025-01-01 08:03:35,2.7247133,10.030919,-1.1131438,10.453827,0.12914941946678218,1,-1
2025-01-03 20:57:20,3.4248285,13.1162815,-1.429288,13.631183,0.12911300260438077,1,-1
2025-01-03 15:07:25,2.5076334,13.338464,-0.059803903,13.572266,0.12911294245577218,1,-1
2025-01-01 09:56:10,0.56890625,10.310002,-3.007642,10.7548,0.1290931504416479,1,-1
2025-01-02 22:42:25,2.9492881,6.007948,2.471773,7.1346617,0.12908694071200244,1,-1
2025-01-03 06:19:00,-0.07988707,6.726741,1.6792128,6.9336267,0.12908429668983853,1,-1
2025-01-02 14:27:35,-0.1689014,6.614187,-1.1516479,6.7158237,0.12903304897585016,1,-1
2025-01-03 05:02:30,2.436567,7.882189,1.7830889,8.440685,0.12902829656103249,1,-1
2025-01-01 12:47:30,3.392391,7.098318,0.19131595,7.8696275,0.12902568892129598,1,-1
2025-01-02 15:57:35,-2.6955333,7.634155,0.9810913,8.155291,0.1289880296422934,1,-1
2025-01-01 18:31:30,0.46602118,5.6528983,1.4956445,5.8659515,0.12897907235073514,1,-1
2025-01-02 10:56:20,2.9961648,7.7182107,1.6308963,8.438459,0.12897174307208323,1,-1
2025-01-02 14:13:15,-1.6416559,10.00786,-3.462627,10.71644,0.12896771464065246,1,-1
2025-01-02 03:27:50,-3.4818542,9.75872,0.87117124,10.39783,0.12896442195190208,1,-1
2025-01-03 01:01:05,0.19673859,5.360357,0.85905814,5.432321,0.12895989242611647,1,-1
2025-01-01 06:59:00,-2.6841493,8.36045,-0.1555324,8.782139,0.12894748694339758,1,-1
2025-01-02 15:24:00,1.44405,11.042401,1.5960202,11.250208,0.12893660048132244,1,-1
2025-01-03 05:05:30,-0.18404749,7.0352197,-0.9780414,7.1052628,0.12892304775535404,1,-1
2025-01-02 18:22:00,-2.5346272,10.647563,0.96577543,10.987614,0.12886816222026884,1,-1
2025-01-03 17:49:45,2.2038178,8.020416,2.3994348,8.6568575,0.12886219058654003,1,-1
2025-01-02 16:35:10,-2.6151862,10.094802,-0.015482309,10.428061,0.12885178639737785,1,-1
2025-01-03 16:39:25,3.3613722,10.9554825,-2.198352,11.668512,0.12884988245891338,1,-1
2025-01-02 05:13:45,1.4462743,14.006419,1.5748775,14.168688,0.12884825672349223,1,-1
2025-01-02 15:33:30,-2.9328706,9.831302,-1.1965458,10.328986,0.12883704414532907,1,-1
2025-01-03 20:27:00,-3.407235,11.599715,-1.9545915,12.2467575,0.12883697912020373,1,-1
2025-01-02 21:35:40,-1.4921597,13.609763,2.4805138,13.9142065,0.12883478848191338,1,-1
2025-01-01 00:28:05,-2.9247515,13.527971,-3.0994358,14.183324,0.12882204510137085,1,-1
2025-01-02 23:51:15,2.7764132,9.932157,-2.5526042,10.624124,0.12881666878289508,1,-1
2025-01-02 16:15:40,-1.8980933,10.734423,1.6146423,11.019876,0.12880986577980386,1,-1
2025-01-01 15:19:05,2.0807705,13.937346,-0.4346465,14.098516,0.12880475757175724,1,-1
2025-01-02 02:05:45,3.977094,13.196233,0.69445735,13.800004,0.12879988129437783,1,-1
2025-01-03 16:18:20,-3.00357,9.121831,-0.62208307,9.623732,0.12879966458579648,1,-1
2025-01-01 04:46:35,-3.5085933,13.751995,0.7352742,14.211553,0.12879443117809034,1,-1
2025-01-01 22:35:45,-1.6739345,7.0705223,-3.2436957,7.957129,0.12879234260028463,1,-1
2025-01-03 12:18:25,1.6387618,9.849001,1.3845184,10.079944,0.12877648499674263,1,-1
2025-01-02 14:28:00,2.7453413,10.83711,-0.43560103,11.187922,0.12876539303688675,1,-1
2025-01-01 14:21:50,2.769864,8.096707,2.012004,8.790732,0.128760886507919,1,-1
2025-01-02 00:11:30,3.3947027,9.855681,1.2329538,10.496601,0.12874206621658232,1,-1
2025-01-01 00:35:10,2.7559478,8.948869,2.1665614,9.611009,0.12871714753604688,1,-1
2025-01-02 10:56:30,3.191208,6.126552,0.19036102,6.910476,0.1287135433815893,1,-1
2025-01-01 07:43:20,0.9647272,5.4382677,-3.116239,6.34164,0.1286889933400118,1,-1
2025-01-01 19:21:30,-2.5222611,8.744685,1.307985,9.19468,0.12867481555592264,1,-1
2025-01-03 06:06:25,0.97875655,12.731948,-2.2328885,12.963265,0.12865759848233455,1,-1
2025-01-01 17:26:05,-2.9248693,7.7323265,-3.6895347,9.052978,0.12863994424976766,1,-1
2025-01-02 02:07:10,-2.2574232,13.206503,0.6817807,13.415383,0.1286245767302268,1,-1
2025-01-03 06:43:20,-3.2229183,7.767641,-1.7880423,8.597706,0.12861146451129737,1,-1
2025-01-03 16:42:30,-3.5612361,8.327896,1.5425119,9.187796,0.12860490677925887,1,-1
2025-01-02 09:12:30,-2.2694912,6.591039,0.5576904,6.9930973,0.12860417890935283,1,-1
2025-01-02 21:47:05,2.4354513,9.353235,2.4425378,9.968973,0.12859510406443722,1,-1
2025-01-01 18:00:40,-0.2725998,6.4369397,-1.4028726,6.593675,0.12858282775947363,1,-1
2025-01-01 20:00:15,3.1007276,10.381912,2.0678148,11.030615,0.128582219917837,1,-1
2025-01-01 20:28:20,-3.1289663,7.224506,-3.3975403,8.5748005,0.12858168572701933,1,-1
2025-01-01 05:44:40,2.6969626,11.694813,-1.4970909,12.094773,0.1285789680603078,1,-1
2025-01-02 17:20:05,-3.5266373,12.626472,-2.2328296,13.298515,0.12856946771019395,1,-1
2025-01-02 14:01:45,2.866807,10.375627,-1.9753667,10.944144,0.12855101147229253,1,-1
2025-01-03 13:07:55,-0.19994016,9.174001,1.4042941,9.283011,0.12854924120609587,1,-1
2025-01-01 14:15:55,0.27555335,6.0040417,-1.8675084,6.293809,0.1285306419939026,1,-1
2025-01-01 14:11:10,1.2068259,11.302685,1.4670583,11.461212,0.12851381332835277,1,-1
2025-01-01 14:46:25,2.177695,11.949388,-3.3153062,12.590531,0.12851189559001874,1,-1
2025-01-02 19:17:15,2.009186,7.9004765,-3.6558375,8.934176,0.12850452716109081,1,-1
2025-01-02 15:58:00,-0.75323105,7.4160013,-2.4783456,7.8553567,0.12850217888025875,1,-1
2025-01-01 02:35:40,-3.5058887,12.202975,0.3461104,12.701325,0.12845036111363964,1,-1
2025-01-01 14:53:20,-0.5653413,11.225981,-2.9975162,11.633029,0.12844673197107107,1,-1
2025-01-02 10:13:00,-2.9454052,13.924727,0.33614156,14.236799,0.12842072545847097,1,-1
2025-01-03 18:43:05,2.4892032,10.182205,-0.60692763,10.499609,0.12838989278670446,1,-1
2025-01-03 08:37:55,-1.5990095,5.3642416,-3.7724419,6.7500544,0.12836520798840487,1,-1
2025-01-03 07:43:35,0.4265558,5.5539074,0.6893868,5.6127615,0.12834234212101076,1,-1
2025-01-02 12:32:10,3.996368,12.413006,-1.7132832,13.152529,0.1283418601925557,1,-1
2025-01-01 02:50:10,-2.2534106,6.108245,-3.659365,7.4685655,0.12831471376505957,1,-1
2025-01-01 02:47:05,-3.1167684,6.493856,-3.4738834,7.997017,0.12830678564514625,1,-1
2025-01-01 02:19:25,-1.0236834,6.2197084,-1.9773811,6.606265,0.1283018494357246,1,-1
2025-01-03 09:15:25,-2.9223156,8.664757,-2.7431817,9.546884,0.12829969018509915,1,-1
2025-01-03 03:15:40,-1.8369173,6.361504,-1.8965667,6.8876677,0.1282977620319082,1,-1
2025-01-01 08:21:05,3.8039966,9.674969,-3.0626962,10.837689,0.12829179436559923,1,-1
2025-01-01 07:27:05,-0.24219583,6.3076844,1.1324801,6.413116,0.12829162178247108,1,-1
2025-01-02 13:05:35,2.720683,8.524094,1.0869358,9.01353,0.12828022452932875,1,-1
2025-01-01 01:16:30,2.112266,9.795372,-2.8250163,10.411133,0.12826673144931583,1,-1
2025-01-02 21:15:30,3.4677289,12.652945,1.7889934,13.240946,0.12826595380666858,1,-1
2025-01-02 15:12:35,1.4396628,11.214014,-3.6838393,11.891065,0.12826434317852306,1,-1
2025-01-01 05:07:30,2.0414188,13.389575,-1.0290005,13.583333,0.12825176926847937,1,-1
2025-01-01 09:57:35,-0.55764097,8.987395,-2.6873512,9.397133,0.1282498357078038,1,-1
2025-01-01 17:19:15,-1.0930353,6.9015474,0.66746426,7.0193725,0.1282456733347637,1,-1
2025-01-01 06:54:30,0.3404531,8.799043,-2.5920126,9.179193,0.12824281583135974,1,-1
2025-01-02 09:25:45,-0.39890346,6.947823,-1.9960955,7.2398734,0.12822844119753962,1,-1
2025-01-02 02:28:50,-1.7256747,11.123683,2.1398077,11.458318,0.12821114951321202,1,-1
2025-01-01 04:12:30,-3.8251374,9.124253,-1.6114643,10.023995,0.12818744324338022,1,-1
2025-01-02 08:21:45,0.4556386,7.5829663,1.7101164,7.7867503,0.12816056652906876,1,-1
2025-01-03 07:08:25,3.4395692,12.102789,0.77790093,12.606081,0.12815750788818422,1,-1
2025-01-02 20:36:05,0.17170303,6.7567043,-0.9427567,6.824319,0.1281224806834563,1,-1
2025-01-02 14:27:05,3.0503654,9.2682905,1.5413135,9.878339,0.1281193755625876,1,-1
2025-01-03 00:00:30,-0.5033583,11.009535,2.3535786,11.269541,0.12811316870228734,1,-1
2025-01-01 11:40:20,-3.2816398,6.6409183,-1.1961068,7.503441,0.12811044788569692,1,-1
2025-01-02 12:22:15,3.886332,8.177482,-3.2882197,9.632609,0.1280761078664737,1,-1
2025-01-02 10:06:05,1.6560794,6.7621875,-0.53996015,6.982932,0.12807331149797713,1,-1
2025-01-01 05:33:45,-1.4814048,12.385884,1.1038903,12.522909,0.12806220439982408,1,-1
2025-01-02 15:17:55,0.8350746,8.377918,-3.1126738,8.976391,0.12805603537889124,1,-1
2025-01-03 00:07:20,-2.1915033,14.035333,0.84092385,14.230264,0.12804334779951934,1,-1
2025-01-03 14:21:20,2.9617133,8.687617,-0.4893782,9.191623,0.128043275562077,1,-1
2025-01-01 04:34:30,-0.5771902,9.110291,1.679786,9.281821,0.1280244037165292,1,-1
2025-01-01 00:38:50,3.0297217,13.810028,1.797943,14.252322,0.12800735501373525,1,-1
2025-01-02 20:01:20,-0.53852266,8.772707,1.2678411,8.880193,0.12794586354267443,1,-1
2025-01-02 21:18:15,-2.5465734,12.8113,0.5573826,13.073833,0.12793275943318463,1,-1
2025-01-03 01:20:55,-3.2799537,13.948187,-2.0619886,14.47625,0.12792245454382925,1,-1
2025-01-03 11:11:40,-0.5351393,13.556181,1.2337533,13.622722,0.1279115602331614,1,-1
2025-01-03 12:20:45,-2.4173672,6.6193147,2.093669,7.351356,0.12787980181741046,1,-1
2025-01-01 09:42:50,-2.5771465,10.818552,1.0222186,11.168155,0.12787290172070373,1,-1
2025-01-01 03:18:45,1.6922085,6.3843555,-0.35182112,6.6141777,0.12786566284263567,1,-1
2025-01-02 18:59:50,3.6906843,11.6672325,1.8426414,12.375007,0.12786110424747413,1,-1
2025-01-02 12:44:35,-2.2999032,5.97112,0.013111002,6.39875,0.12785810002226367,1,-1
2025-01-03 21:21:10,0.96394193,13.599095,-1.1809009,13.684265,0.12785753477103362,1,-1
2025-01-01 08:49:30,3.5127404,9.478896,-1.1565672,10.174796,0.12783766317858306,1,-1
2025-01-03 21:16:30,-3.1176147,10.780194,-3.604073,11.786494,0.12783239152659173,1,-1
2025-01-03 16:00:20,-0.041456807,13.889045,1.1979679,13.940675,0.1278319416531957,1,-1
2025-01-01 14:59:10,-1.9671249,6.530469,0.7770044,6.8644257,0.12780298050084948,1,-1
2025-01-02 07:39:10,1.6102271,10.252576,2.0684881,10.582381,0.12780234224362982,1,-1
2025-01-01 14:04:15,-3.1027143,11.779767,-2.3030074,12.397322,0.12779695833293914,1,-1
2025-01-01 04:10:35,-3.0222619,8.682304,0.8560227,9.233051,0.12778801538337747,1,-1
2025-01-02 23:53:10,0.049093314,11.3529415,-3.5972443,11.909318,0.1277806959956984,1,-1
2025-01-01 07:17:10,3.0101576,11.090311,-3.1959789,11.927712,0.12777547694027144,1,-1
2025-01-02 17:40:15,0.6149227,12.479396,-2.6218543,12.766658,0.1277634038561828,1,-1
2025-01-03 10:05:35,-2.325546,7.892161,-3.2804797,8.857534,0.12774934620230188,1,-1
2025-01-01 16:23:35,1.1951302,11.442352,1.2052369,11.567556,0.12774011007339134,1,-1
2025-01-01 20:58:05,-3.5021336,12.151252,2.409515,12.873368,0.12773192316504844,1,-1
2025-01-03 20:06:45,-1.6378914,6.8268375,-2.480445,7.445872,0.1277272011630007,1,-1
2025-01-02 10:22:45,2.269132,6.2334576,-1.9135283,6.904096,0.12770771850523457,1,-1
2025-01-01 08:42:15,3.2257388,10.056591,1.0168393,10.610107,0.12769825867822304,1,-1
2025-01-03 12:34:50,-3.098194,6.149459,0.8058058,6.9328184,0.12769564530963562,1,-1
2025-01-03 01:45:40,-3.16461,6.3390307,-0.3480911,7.093605,0.12769104852844537,1,-1
2025-01-03 12:43:35,3.7217221,6.223524,1.3286811,7.372168,0.1276879073194068,1,-1
2025-01-02 08:18:25,-1.6673042,12.457206,0.6136413,12.583261,0.12768618676832638,1,-1
2025-01-02 18:33:05,0.8677516,12.235336,-0.64663196,12.283102,0.12768028266758963,1,-1
2025-01-01 01:06:05,0.12890738,10.339889,1.5191123,10.45168,0.12766859119381663,1,-1
2025-01-02 02:41:10,1.7500917,7.046886,-3.6423056,8.123288,0.12766226638512512,1,-1
2025-01-02 09:47:10,-3.2423072,7.6992507,-2.0130222,8.593211,0.12765506693443282,1,-1
2025-01-03 17:01:15,3.4135776,9.510906,-2.4583693,10.399684,0.12762952432468622,1,-1
2025-01-03 01:56:00,3.6509051,6.242879,-3.104448,7.8702126,0.12761511462427214,1,-1
2025-01-01 05:36:55,-2.1269095,9.21863,-2.5735865,9.804603,0.1276046519175039,1,-1
2025-01-01 08:26:45,-0.86799407,7.938765,1.4112554,8.109812,0.1276042419434127,1,-1
2025-01-02 12:32:40,3.636037,11.364949,-2.9813383,12.299236,0.12760422200065416,1,-1
2025-01-03 04:50:15,-0.16578346,11.870489,1.1694381,11.929106,0.12758350154646975,1,-1
2025-01-03 02:35:35,0.063051745,13.459707,1.0293834,13.499161,0.12755971965630294,1,-1
2025-01-02 21:38:00,2.2772975,12.733709,0.01760209,12.935755,0.12754823737271584,1,-1
2025-01-02 01:19:15,1.97723,6.2664557,-1.4834607,6.736361,0.12754319166441128,1,-1
2025-01-01 03:17:25,-2.162827,12.431259,-1.4849973,12.705088,0.12753777375190742,1,-1
2025-01-02 04:18:05,-1.8043927,5.841355,-0.52839714,6.136486,0.12752300516723566,1,-1
2025-01-02 05:32:40,0.16494146,6.496946,-0.728352,6.5397253,0.1275219298383596,1,-1
2025-01-01 05:46:15,-0.3935137,12.5282545,-2.4118516,12.764366,0.1275212128377913,1,-1
2025-01-03 15:53:45,-0.6915356,12.119558,-3.3713546,12.598728,0.12751087991336063,1,-1
2025-01-03 19:00:10,1.0570924,5.9571095,0.42637748,6.065179,0.1274973602610003,1,-1
2025-01-02 22:12:00,-1.782115,5.762845,-1.199558,6.150224,0.12749029462866227,1,-1
2025-01-02 21:41:15,2.1996918,10.288287,1.533164,10.631937,0.1274703494585217,1,-1
2025-01-01 00:51:45,1.5010146,12.831494,-0.7271639,12.939438,0.127466600039804,1,-1
2025-01-01 19:56:25,3.8248837,10.105437,-0.04748207,10.805178,0.12746452780042064,1,-1
2025-01-02 15:13:30,-1.1620879,5.4025445,-0.07750647,5.5266576,0.12746337047145767,1,-1
2025-01-03 17:25:10,3.4123714,11.769476,1.4582546,12.340638,0.1274355234377182,1,-1
2025-01-03 18:10:05,3.3781993,10.661694,1.1050578,11.238554,0.12735932727989932,1,-1
2025-01-02 06:40:35,-2.4584248,10.28988,1.9959702,10.766122,0.12735457864370708,1,-1
2025-01-03 01:38:55,-3.302944,11.01401,-0.769629,11.52433,0.12733909173446173,1,-1
2025-01-03 03:24:35,-0.7062606,8.066937,2.4049118,8.447359,0.12733153809557507,1,-1
2025-01-01 23:04:10,-1.9306304,13.41955,-3.769907,14.072095,0.12730892511249778,1,-1
2025-01-03 04:42:55,-1.5750161,5.892327,-2.8686311,6.7401214,0.12726490727443504,1,-1
2025-01-03 13:27:40,-3.131769,12.847016,-1.0079744,13.261592,0.1272586056304654,1,-1
2025-01-01 05:39:05,3.3380656,9.494724,2.5000572,10.370282,0.12724582419703473,1,-1
2025-01-03 01:21:25,-2.7066085,6.825207,-0.25437987,7.3466926,0.12723952482252932,1,-1
2025-01-01 19:49:05,-1.8906051,5.986402,0.017596614,6.2778745,0.12723571662452351,1,-1
2025-01-03 01:09:40,-3.0469592,9.92959,-1.5846952,10.506759,0.12722905921346372,1,-1
2025-01-01 12:04:25,-0.3759502,7.0360546,1.6366516,7.2336736,0.12721821410022985,1,-1
2025-01-01 18:25:35,0.30493686,12.26377,-1.009822,12.309053,0.1272119762356273,1,-1
2025-01-02 17:58:15,-1.1490952,10.811195,1.2317084,10.941639,0.12715342956435297,1,-1
2025-01-03 07:13:25,2.999521,10.181645,1.0324839,10.664382,0.12709364476167007,1,-1
2025-01-01 22:33:50,-2.5281413,13.491412,0.29718426,13.729458,0.127070628492389,1,-1
2025-01-02 16:08:55,-0.0562838,6.9174004,-0.54202753,6.938832,0.12705643504708186,1,-1
2025-01-01 03:35:50,-2.3171175,12.076171,-0.11121121,12.296964,0.12701343058853526,1,-1
2025-01-02 06:16:00,3.2368276,11.5822315,1.0140312,12.068695,0.1270046876275843,1,-1
2025-01-03 21:12:15,-3.613033,12.423747,-0.6388887,12.954214,0.12697323229933943,1,-1
2025-01-01 22:53:40,2.9588041,13.283676,-3.7803333,14.1245,0.1269699954041769,1,-1
2025-01-02 00:23:15,0.88190544,11.869684,1.99389,12.068254,0.12695950536634973,1,-1
2025-01-02 13:14:25,2.5676382,9.988427,1.2116923,10.384106,0.12694536972247872,1,-1
2025-01-01 23:27:20,-0.5266296,5.315837,-2.750811,6.008529,0.12694536372290552,1,-1
2025-01-01 15:26:50,0.114837356,5.8946195,-2.3298147,6.3393817,0.1269389880501181,1,-1
2025-01-01 12:12:20,-3.4653347,10.021754,-0.83203673,10.6365595,0.1269053145125203,1,-1
2025-01-01 16:57:35,0.089641936,12.05404,1.6251833,12.163435,0.12690424952121518,1,-1
2025-01-01 06:59:05,1.5671659,5.807405,2.5010846,6.514398,0.12687575955106628,1,-1
2025-01-02 04:09:50,0.045526873,6.6020617,0.56678635,6.6265025,0.12687434947547058,1,-1
2025-01-01 05:33:40,-3.860209,11.6174965,0.5794186,12.25574,0.12687346443479752,1,-1
2025-01-02 13:58:50,1.183579,6.8471465,-1.5337579,7.115946,0.12684345097122754,1,-1
2025-01-02 02:31:45,1.6326982,6.0204015,-0.03632043,6.237969,0.12680815566715992,1,-1
2025-01-01 13:00:10,-3.7375216,7.6004868,-0.7986368,8.507308,0.126792162145514,1,-1
2025-01-03 12:45:30,1.1819191,6.63372,-0.6412808,6.768635,0.12678214737151028,1,-1
2025-01-01 13:20:40,2.4008567,11.48314,0.27326038,11.734619,0.1267807675140604,1,-1
2025-01-02 04:36:35,1.1282974,11.458204,2.4833407,11.778391,0.1267752458802119,1,-1
2025-01-02 08:12:05,-2.744928,9.749035,-3.3364284,10.663492,0.12677277249655505,1,-1
2025-01-02 00:03:50,0.15660353,12.961747,-2.4100082,13.184823,0.1267560428669446,1,-1
2025-01-03 04:47:15,-1.7537749,12.407205,0.9170367,12.564053,0.12675028226501459,1,-1
2025-01-02 04:24:20,2.2016764,9.059842,1.4095042,9.429466,0.12674405895223959,1,-1
2025-01-01 19:56:10,3.3514218,11.93141,-2.9965227,12.750282,0.12674367871188874,1,-1
2025-01-03 10:51:35,1.6435306,13.176361,-3.264144,13.673781,0.12671172217830584,1,-1
2025-01-01 19:47:40,0.40783623,12.4908085,0.1783566,12.498737,0.12670773071861044,1,-1
2025-01-01 17:07:25,1.1374142,7.8974285,1.3366364,8.090098,0.12669730597715287,1,-1
2025-01-03 18:46:35,-1.5114702,11.212105,-2.8118918,11.657726,0.12668859239546393,1,-1
2025-01-01 01:43:15,-1.6240426,9.329547,-3.4188333,10.068088,0.1266725668377848,1,-1
2025-01-01 07:07:55,3.2470202,9.939558,-0.10305211,10.456986,0.1266615413005701,1,-1
2025-01-02 15:32:30,0.021003217,6.0217714,1.974931,6.337391,0.12663450856809713,1,-1
2025-01-02 15:25:40,2.6510503,9.213686,-3.4990332,10.206042,0.12661527030381475,1,-1
2025-01-03 09:36:05,1.5417132,5.7299113,-0.7483003,5.9806952,0.12661404459697373,1,-1
2025-01-03 15:34:25,3.744697,12.230915,-2.0770712,12.958868,0.12661227727705288,1,-1
2025-01-02 15:24:20,-2.125425,6.8765736,-1.3616054,7.3252077,0.12655545940670682,1,-1
2025-01-03 16:40:40,1.8591328,9.972212,-3.19612,10.635627,0.12654062391396334,1,-1
2025-01-02 14:24:05,-3.3110425,11.8621645,1.9696215,12.472103,0.1265177786771713,1,-1
2025-01-01 16:26:45,3.2040484,7.1754313,-1.631146,8.025794,0.12651397122969021,1,-1
2025-01-02 03:20:35,1.9230037,6.8038535,1.4855051,7.224756,0.12649669609018147,1,-1
2025-01-01 18:35:00,-2.6130347,10.309451,-1.965844,10.815603,0.12647571803194074,1,-1
2025-01-03 19:11:55,0.00088496215,12.411791,1.5563686,12.50899,0.12647413640040653,1,-1
2025-01-03 07:26:05,1.3145117,10.374306,1.6299102,10.583514,0.1264452211986389,1,-1
2025-01-03 21:08:15,-1.7491709,8.741437,1.2329922,8.999588,0.1264331522094411,1,-1
2025-01-02 03:38:35,-2.1067433,7.821723,-2.710523,8.541935,0.12642247206897045,1,-1
2025-01-02 01:56:40,3.0013824,11.20305,-0.69540197,11.618958,0.12641220978766626,1,-1
2025-01-02 06:26:35,0.6640752,6.9365435,-1.988488,7.2464275,0.1264087798457706,1,-1
2025-01-03 19:00:20,3.4931207,8.391159,-2.456154,9.415208,0.12640252651445122,1,-1
2025-01-03 17:57:50,-2.813507,8.829111,1.1889472,9.342517,0.12636422511415854,1,-1
2025-01-03 04:13:55,1.9008964,11.7980585,1.8195788,12.087947,0.1263624130793447,1,-1
2025-01-02 02:02:35,-3.328363,9.011072,1.8274385,9.778393,0.12634164134024234,1,-1
2025-01-03 00:27:50,-1.9210272,13.934637,-3.7813733,14.565824,0.12634099338171217,1,-1
2025-01-03 08:25:25,2.3804686,9.458223,-1.2781246,9.836576,0.12631669379340615,1,-1
2025-01-02 12:30:30,2.014905,7.776219,1.8653339,8.246751,0.12629960432625134,1,-1
2025-01-03 00:41:25,-2.6893961,12.191152,-1.6409117,12.591649,0.12629332704453175,1,-1
2025-01-01 09:00:45,-3.3173094,12.518704,0.97196066,12.987194,0.12628416407558285,1,-1
2025-01-02 17:23:10,-3.2863107,8.663111,-0.22233891,9.268158,0.12627911001981687,1,-1
2025-01-03 14:58:45,3.1324294,7.8788614,-0.002627734,8.478713,0.12627887991705358,1,-1
2025-01-03 02:10:20,0.8197749,7.5267243,-3.5163138,8.347939,0.12625691383757437,1,-1
2025-01-02 01:26:40,-0.78541166,6.838896,-0.41321287,6.8962393,0.12625312540880126,1,-1
2025-01-01 16:25:15,-3.9089708,6.1023846,-2.389417,7.630758,0.12624914305568974,1,-1
2025-01-03 13:09:45,-2.604924,5.9038143,-1.8208736,6.704941,0.12624776665431978,1,-1
2025-01-02 10:33:05,-2.1513553,10.556058,1.7771667,10.918654,0.1262457544503007,1,-1
2025-01-02 02:41:00,-0.40498856,5.6454153,-2.067307,6.0256524,0.12623154221641647,1,-1
2025-01-01 16:52:40,-2.317162,13.389306,-0.028004402,13.588361,0.12622654760832605,1,-1
2025-01-01 05:16:55,-1.9299948,9.272116,2.4276593,9.777041,0.1262226858272012,1,-1
2025-01-02 07:21:10,0.29536512,9.218313,1.8357873,9.40397,0.12620207752049098,1,-1
2025-01-02 11:12:35,3.2672842,7.810917,-2.1065023,8.724845,0.1261965832418939,1,-1
2025-01-02 08:46:20,1.3015326,12.410062,0.29611355,12.481638,0.12619363845098386,1,-1
2025-01-01 04:08:10,-1.3413222,9.233524,1.4828058,9.447531,0.12617384318497057,1,-1
2025-01-01 22:06:40,-2.2782187,12.059362,-3.4091957,12.7373905,0.12617205928361294,1,-1
2025-01-03 19:56:45,-3.8291566,8.300866,-1.4880873,9.261815,0.12616851452721628,1,-1
2025-01-03 10:09:55,-2.9750164,8.848445,2.0252845,9.552355,0.12615633154248856,1,-1
2025-01-03 08:13:55,-0.9464693,9.590907,-2.7514465,10.022563,0.12614935322365858,1,-1
2025-01-02 14:45:35,-0.4529951,7.591488,1.6176068,7.7751236,0.12614648411619783,1,-1
2025-01-01 19:37:35,1.7200725,9.795832,1.0954825,10.005851,0.12614063589100544,1,-1
2025-01-02 00:13:45,-1.6127506,7.9645004,-3.1262355,8.706755,0.1261360462738735,1,-1
2025-01-01 02:49:10,2.7630537,13.562244,-2.110339,14.000803,0.12613514823957717,1,-1
2025-01-02 00:06:30,-3.262523,6.779884,-0.5067374,7.5410647,0.12612104342182653,1,-1
2025-01-03 20:45:45,1.3615463,7.5478215,1.5120192,7.817264,0.1260886224649177,1,-1
2025-01-01 14:06:30,3.4523897,6.3040338,2.4641984,7.598165,0.12607065581848936,1,-1
2025-01-03 00:09:05,-0.4693691,11.036841,1.7732713,11.188238,0.12606855048719312,1,-1
2025-01-01 20:11:40,-3.4835968,11.790654,-2.2799563,12.504127,0.12606722232187592,1,-1
2025-01-02 22:31:40,2.859498,5.7396936,-2.7512355,6.97783,0.1260670062736558,1,-1
2025-01-03 05:48:15,2.0578096,6.6660957,-0.1994857,6.9793415,0.12602233724381817,1,-1
2025-01-02 21:12:55,-0.9893564,6.2912855,0.27411777,6.3744993,0.12600785981379858,1,-1
2025-01-03 19:27:20,2.4345818,11.905197,-1.851499,12.291825,0.12600065598954135,1,-1
2025-01-02 00:19:40,0.98230636,12.83967,0.28505877,12.880345,0.125971484743632,1,-1
2025-01-03 06:36:30,2.4882283,10.17675,0.079967394,10.476828,0.1259337626494851,1,-1
2025-01-01 03:57:05,-0.50274044,6.033104,-1.0744579,6.1486216,0.12593110183063022,1,-1
2025-01-02 10:25:40,2.180481,13.500058,1.6530188,13.774561,0.12592216423827685,1,-1
2025-01-01 01:41:25,1.7892373,10.319342,-3.020822,10.900254,0.1259103652823619,1,-1
2025-01-03 21:06:05,-1.8245325,6.6670127,-0.07622155,6.912582,0.12589480294906658,1,-1
2025-01-01 02:05:30,3.1252427,11.653377,1.6809628,12.181706,0.1258904632419379,1,-1
2025-01-02 00:14:55,0.19869874,12.994267,-2.4583836,13.226266,0.12588765272722918,1,-1
2025-01-03 15:45:05,3.8136733,8.179916,-3.234905,9.587479,0.12587050145304654,1,-1
2025-01-02 08:38:45,1.0878791,5.8454065,-0.4929949,5.96618,0.12585108674426557,1,-1
2025-01-03 05:29:55,-3.3043425,12.267081,0.8055819,12.729844,0.12584574276613167,1,-1
2025-01-01 13:03:00,2.0681982,8.074495,1.6867855,8.504126,0.125835447752295,1,-1
2025-01-01 00:19:25,3.1076317,10.31846,-2.1444256,10.987564,0.12583092163158607,1,-1
2025-01-01 19:23:00,-1.7702929,13.462721,-2.774307,13.859134,0.12582824607780346,1,-1
2025-01-02 06:31:00,-2.671248,8.495286,0.37187907,8.913122,0.12582597184687466,1,-1
2025-01-02 21:55:30,-1.227102,9.290541,-3.1846066,9.897557,0.1258238566554355,1,-1
2025-01-02 06:29:15,2.4075694,11.29716,1.38744,11.633882,0.12580236098967623,1,-1
2025-01-01 03:00:20,-3.4041939,9.211449,0.875182,9.859273,0.12576456075132175,1,-1
2025-01-03 01:06:15,-1.8952569,6.60257,0.33392283,6.877313,0.12575905762062578,1,-1
2025-01-03 17:47:45,-0.38121575,12.520031,-2.9150245,12.860555,0.1257485364975998,1,-1
2025-01-02 15:37:15,0.59590846,13.320434,-0.06463158,13.333913,0.125743454348545,1,-1
2025-01-02 20:22:05,1.9613218,13.768352,-1.6097678,14.000201,0.12572542740601386,1,-1
2025-01-02 23:28:30,-3.648227,6.3203483,-1.0621824,7.374591,0.12571552909988123,1,-1
2025-01-03 17:44:00,-0.9299604,10.679648,-3.3821807,11.240946,0.1256901400415446,1,-1
2025-01-03 12:54:20,1.2380211,9.444673,1.2751293,9.610436,0.12567973887819317,1,-1
2025-01-03 05:55:05,-3.1796427,10.605598,-1.2853578,11.146344,0.12566587423667813,1,-1
2025-01-01 12:25:10,2.8092005,11.3729925,-1.906069,11.868853,0.12565932840352648,1,-1
2025-01-02 08:31:55,-3.3478782,10.97944,-3.172933,11.908983,0.125653529699248,1,-1
2025-01-02 22:16:05,3.1560464,13.764845,0.54676294,14.132606,0.1256506890213241,1,-1
2025-01-03 01:58:40,0.11358776,13.068087,-1.3481007,13.137929,0.12564387544562314,1,-1
2025-01-03 07:08:45,1.2057189,5.928804,-1.0781041,6.145468,0.12563890166005226,1,-1
2025-01-02 09:37:30,1.8634452,9.153414,1.4270675,9.449547,0.12563437626117752,1,-1
2025-01-03 02:19:15,3.2961464,10.295609,0.49447188,10.821675,0.12560612644506472,1,-1
2025-01-03 07:38:55,-0.5323178,5.3866086,0.7222629,5.460822,0.12560140918492843,1,-1
2025-01-01 04:31:20,-4.1457505,5.8125997,0.7213294,7.175924,0.12559666536393435,1,-1
2025-01-02 23:57:35,-1.0367407,12.263967,0.83101475,12.335732,0.12554771157910646,1,-1
2025-01-02 03:03:55,2.2872636,8.982617,-1.7693931,9.436617,0.1255471244441968,1,-1
2025-01-03 03:20:05,3.2516441,12.469862,-0.37813678,12.892386,0.12553846706238408,1,-1
2025-01-03 19:55:05,0.8731962,13.207343,1.8889188,13.37028,0.1255338173558269,1,-1
2025-01-01 05:43:30,-1.9120609,9.203347,-3.075797,9.890304,0.1255334656468598,1,-1
2025-01-01 08:43:25,-3.7973998,13.105886,0.37833232,13.650188,0.1255321455613816,1,-1
2025-01-02 23:09:45,-2.2069948,6.5281854,-0.36319846,6.9007206,0.12552624053649303,1,-1
2025-01-01 02:31:15,-1.7458444,5.224888,-1.5004958,5.709546,0.12552059392119966,1,-1
2025-01-03 10:30:25,2.4135492,10.940673,-1.2633651,11.2747345,0.12551988606672684,1,-1
2025-01-03 18:49:55,1.7594275,11.503422,-3.0730767,12.036117,0.12551521872770577,1,-1
2025-01-02 19:44:00,-0.028945442,13.550462,-0.34765783,13.554952,0.12551444692110292,1,-1
2025-01-01 21:34:40,-3.3365443,13.907135,-0.69434994,14.318625,0.1254960886866351,1,-1
2025-01-01 14:06:45,-2.3764155,11.222929,-3.2020314,11.910269,0.12549201092775106,1,-1
2025-01-02 16:13:55,3.5052857,11.599398,-3.4793184,12.607089,0.1254911226526004,1,-1
2025-01-01 05:04:50,2.915665,9.00789,0.6063077,9.487401,0.12546478897754768,1,-1
2025-01-02 23:17:35,-2.0847936,12.4765415,1.7764524,12.773654,0.12546110698278437,1,-1
2025-01-03 19:10:05,-3.986682,8.09981,-1.9370795,9.233246,0.1254547305287088,1,-1
2025-01-02 08:16:20,-4.1173553,8.938739,-2.2546072,10.096381,0.12544597835477928,1,-1
2025-01-03 11:32:10,-3.3335986,10.98688,-1.3311849,11.5583935,0.1254350026138049,1,-1
2025-01-01 09:57:00,-3.8514714,7.9780016,-2.1681545,9.120484,0.1254219279185634,1,-1
2025-01-02 07:09:05,3.6904783,7.90938,0.94603807,8.779119,0.1254138764070847,1,-1
2025-01-03 20:49:25,0.11087531,13.383616,0.06543926,13.384236,0.1254123839427162,1,-1
2025-01-01 12:20:30,-1.6181072,8.633991,-3.1708663,9.339083,0.12540891197819032,1,-1
2025-01-03 11:18:55,-3.4907227,9.529888,-1.6892394,10.288705,0.12540555902403602,1,-1
2025-01-03 06:48:00,-1.5940958,5.3504705,-3.7578757,6.7298074,0.1253904677473132,1,-1
2025-01-01 18:36:25,0.50158644,6.8503923,2.1921763,7.2100697,0.12536376843179523,1,-1
2025-01-02 17:15:35,3.624263,7.713778,-3.1194863,9.075728,0.12534331001310284,1,-1
2025-01-02 17:41:50,2.5414379,5.7898436,0.8710756,6.382787,0.12534223348020812,1,-1
2025-01-02 20:36:25,1.2163959,7.9078794,2.3669345,8.343654,0.12533146244406204,1,-1
2025-01-03 08:47:00,2.1467402,12.775644,2.2432861,13.147544,0.12532155060565248,1,-1
2025-01-03 05:44:35,2.3364599,9.155094,-1.4056424,9.55252,0.12532153189796302,1,-1
2025-01-02 07:13:20,-4.024716,8.594048,1.8353922,9.665643,0.12531287139940897,1,-1
2025-01-01 03:41:20,0.5968361,12.965212,-2.3067698,13.182342,0.12528653428334902,1,-1
2025-01-02 21:34:45,-3.151497,8.933056,1.705564,9.624987,0.12524923170109778,1,-1
2025-01-01 16:25:55,-0.3586552,12.578959,-1.9402685,12.732773,0.1252481453087784,1,-1
2025-01-02 08:37:20,1.1052353,10.644461,-3.2983813,11.198456,0.1252474075342968,1,-1
2025-01-01 21:17:05,-0.37191752,11.830459,-3.229938,12.26909,0.12524503694552397,1,-1
2025-01-02 04:35:40,1.543993,10.721206,-2.7211561,11.168386,0.12524076191003616,1,-1
2025-01-01 10:00:10,-2.8039246,7.155869,-1.8912534,7.914878,0.12521632090039128,1,-1
2025-01-03 12:53:20,-0.05825226,12.529308,-0.3519169,12.534385,0.12521607973532817,1,-1
2025-01-03 11:47:00,0.20796043,5.8914742,-2.9197247,6.578564,0.12521332094723162,1,-1
2025-01-03 16:33:30,-3.2454915,11.270764,1.179844,11.787933,0.1252005348799695,1,-1
2025-01-01 08:16:15,-1.4064713,10.351935,-2.9182398,10.846974,0.1251570907179278,1,-1
2025-01-01 01:52:40,-4.1210628,6.890532,0.7008193,8.059388,0.1251541291979383,1,-1
2025-01-03 21:14:10,-0.37356916,6.2662253,2.0088441,6.590947,0.1251388757170678,1,-1
2025-01-02 04:38:10,0.47516483,6.882067,-0.052669454,6.8986526,0.1251246591657792,1,-1
2025-01-02 19:10:55,2.9959846,5.36204,-3.1556454,6.9054685,0.12512064855958938,1,-1
2025-01-01 10:40:25,-0.14557,6.4561687,-1.3022236,6.5877986,0.12509919086042262,1,-1
2025-01-02 09:34:55,2.3355505,11.373657,-0.82078385,11.6399555,0.1250951495325831,1,-1
2025-01-02 09:20:05,-3.1094162,12.208367,-0.9118829,12.631083,0.1250920691640958,1,-1
2025-01-01 02:53:50,2.8851397,11.380786,-0.27683502,11.744061,0.125088976597491,1,-1
2025-01-02 04:54:15,-4.0445614,13.211607,1.7724973,13.930068,0.12507822331818774,1,-1
2025-01-01 11:07:55,-4.162732,5.21502,-0.6021578,6.6998034,0.12507349915035612,1,-1
2025-01-02 14:45:25,0.9132062,12.430582,-2.6189723,12.736259,0.12506382295817214,1,-1
2025-01-03 17:17:10,-3.448214,8.140068,0.392054,8.848989,0.12506076784610576,1,-1
2025-01-01 23:12:25,-2.6275737,7.8528275,0.81327313,8.320604,0.1250512504161971,1,-1
2025-01-01 05:46:05,2.7150722,7.5164604,-0.22776692,7.9950404,0.12504722257325931,1,-1
2025-01-02 21:12:05,3.4771216,6.1413207,-1.5475414,7.2250314,0.12504072224285417,1,-1
2025-01-01 05:26:05,3.342119,9.725228,-3.3171523,10.805245,0.12500475513908968,1,-1
2025-01-01 00:44:00,0.99823385,10.884759,2.160871,11.141984,0.12499112000170552,1,-1
2025-01-01 04:22:35,1.3918697,9.629193,2.4744859,10.039011,0.12497586794609754,1,-1
2025-01-03 11:07:40,1.2158955,9.986606,-2.3353446,10.327852,0.12496103931932223,1,-1
2025-01-01 22:44:35,1.7503065,7.876744,-2.602744,8.478263,0.12492981391700636,1,-1
2025-01-03 04:43:15,1.7888376,7.3729134,2.1145318,7.8759785,0.12491186717744311,1,-1
2025-01-02 01:48:25,1.6636373,12.962148,-2.6676261,13.33796,0.12490947881642295,1,-1
2025-01-02 12:13:05,-4.151196,11.447437,1.3248492,12.2487335,0.12490278131271015,1,-1
2025-01-03 06:31:20,1.9602417,7.126915,2.0116558,7.6604323,0.1248659266624737,1,-1
2025-01-01 05:03:30,-1.9709355,13.061707,1.3944951,13.282973,0.12486481320429138,1,-1
2025-01-02 09:23:25,0.341644,13.001983,0.2811055,13.009508,0.12485961565816424,1,-1
2025-01-03 09:26:40,-1.4918278,12.480993,1.1806641,12.625162,0.12485800164089852,1,-1
2025-01-03 15:39:25,-2.741709,7.4746118,-3.2197845,8.588003,0.1248555952769406,1,-1
2025-01-03 03:38:55,-3.3474422,8.26243,1.1435974,8.987822,0.12484013147541594,1,-1
2025-01-03 20:48:30,-4.0675106,8.967835,-3.0550761,10.3102,0.12482682101686021,1,-1
2025-01-03 15:01:50,2.5749679,5.7018704,1.1369876,6.3588147,0.12481442861906282,1,-1
2025-01-01 12:38:00,-3.273309,12.709909,2.475267,13.356021,0.12481181822626544,1,-1
2025-01-01 03:27:15,-2.3681395,10.734043,1.3129326,11.070301,0.12480673627508988,1,-1
2025-01-01 07:03:30,-2.8560114,14.026963,-2.598431,14.548689,0.12478869218874879,1,-1
2025-01-02 23:09:40,-1.4468913,6.9238033,-2.3873103,7.465373,0.12478087292675952,1,-1
2025-01-02 11:10:15,3.1885204,12.271167,-0.014687984,12.678659,0.12476260204735763,1,-1
2025-01-02 17:33:45,1.7868292,7.106184,-0.12608275,7.3284726,0.12476181152860917,1,-1
2025-01-01 20:55:25,2.254623,8.558788,-0.16984664,8.852403,0.12473061092320242,1,-1
2025-01-03 20:35:35,-0.25347427,12.206724,1.8603523,12.350274,0.12471320943808122,1,-1
2025-01-02 19:19:05,-3.5532758,14.010047,-0.11626104,14.454089,0.1246852024473488,1,-1
2025-01-02 17:17:05,0.2613513,12.246342,1.2664932,12.31443,0.12468048699103489,1,-1
2025-01-02 05:08:20,-1.3167243,7.9380617,1.7767788,8.24036,0.12467690904265957,1,-1
2025-01-02 03:09:35,3.8347692,11.683029,-3.172493,12.69895,0.1246673028649106,1,-1
2025-01-01 21:54:00,2.6125944,6.7248187,-1.2196027,7.3168483,0.12465677755540913,1,-1
2025-01-03 11:27:30,1.0141712,7.0775676,-3.2488317,7.853369,0.1246202555107822,1,-1
2025-01-03 17:56:35,-1.9253824,10.540801,2.197423,10.938202,0.12459779998846894,1,-1
2025-01-03 00:32:10,0.69747543,6.830297,-0.29954273,6.8723474,0.124577552474032,1,-1
2025-01-02 12:31:20,-1.8701084,7.038423,-3.6061854,8.126578,0.12457412517200411,1,-1
2025-01-03 06:17:05,-0.5593771,5.7556534,1.6659288,6.017954,0.1245658753524816,1,-1
2025-01-01 10:28:05,-0.1534904,13.304937,-2.704989,13.577993,0.1245576542487688,1,-1
2025-01-01 16:39:35,2.24256,7.2782545,2.1283665,7.907718,0.12455558819403403,1,-1
2025-01-01 14:58:10,-0.5328437,13.375867,-1.9727772,13.53106,0.12453946641701766,1,-1
2025-01-03 06:51:05,-2.0933867,9.631078,-2.6151807,10.197015,0.12453647706734038,1,-1
2025-01-03 07:53:30,2.5439193,7.541424,0.6191182,7.9829764,0.12453402567439377,1,-1
2025-01-03 18:36:40,2.8052754,11.451913,0.04346792,11.79058,0.12452970839534759,1,-1
2025-01-02 02:22:30,2.7896924,11.220223,-0.8673233,11.594311,0.1245115436686544,1,-1
2025-01-03 09:31:45,-3.457354,11.465755,-1.1509998,12.030862,0.12447332622626979,1,-1
2025-01-03 16:02:55,-2.57836,10.812995,0.32945925,11.121032,0.12447149248877934,1,-1
2025-01-01 15:47:10,-3.0528133,11.542289,-0.7116563,11.960374,0.12445648960508897,1,-1
2025-01-03 11:42:50,-0.29328397,11.733784,2.1761775,11.937481,0.12444984158284106,1,-1
2025-01-02 16:37:15,1.7086964,6.8949294,-2.530373,7.5407214,0.12444067814031617,1,-1
2025-01-01 05:12:05,-2.9800422,13.285,-2.2208316,13.795071,0.12441345591537667,1,-1
2025-01-02 06:56:40,2.3043518,13.93028,-0.62579757,14.133448,0.12440854644174403,1,-1
2025-01-03 19:07:15,-2.888883,7.566496,-1.772847,8.290989,0.12440700477794917,1,-1
2025-01-02 08:27:30,-1.0324941,6.7173376,2.010864,7.087471,0.12439112743356477,1,-1
2025-01-03 12:56:05,-0.575035,13.898451,1.8006212,14.026398,0.1243826553569871,1,-1
2025-01-03 12:53:55,0.7399904,8.384586,-3.102711,8.970824,0.1243791890420992,1,-1
2025-01-01 12:28:45,3.4117205,12.976139,-0.72562414,13.436761,0.12437568639561271,1,-1
2025-01-03 14:24:40,0.3479765,6.362292,-0.8153771,6.4237595,0.12433758997691152,1,-1
2025-01-01 18:35:30,-1.5807008,12.165914,1.7405678,12.39103,0.12432862180015662,1,-1
2025-01-03 14:25:20,3.0985892,13.631988,1.0840021,14.021676,0.12431033026906997,1,-1
2025-01-02 05:02:35,0.42660618,10.004934,2.2700167,10.26809,0.12430870365320996,1,-1
2025-01-02 03:45:10,-2.2475042,12.853624,-3.1451466,13.422327,0.12427864364129777,1,-1
2025-01-01 01:28:20,-2.162292,11.240172,1.9379395,11.60916,0.12426554539462045,1,-1
2025-01-03 12:09:00,1.6157799,12.528011,-0.19588989,12.633297,0.12425609897141164,1,-1
2025-01-01 21:05:00,2.7376385,6.3307133,-3.707452,7.830568,0.12425083545339494,1,-1
2025-01-03 09:46:20,3.627446,12.191172,-0.17417966,12.720589,0.12424799834024032,1,-1
2025-01-02 17:07:55,3.6122391,13.326958,1.1950103,13.859442,0.12424602962229156,1,-1
2025-01-02 12:38:20,0.688973,13.961446,0.9721802,14.012201,0.12423944126253866,1,-1
2025-01-01 15:22:30,-4.1274905,6.3129067,-0.6430894,7.569844,0.12423064842135786,1,-1
2025-01-01 22:32:00,2.0273395,10.082494,-2.9780593,10.706802,0.12420878006174244,1,-1
2025-01-01 15:08:05,-3.42536,12.0360565,1.0630022,12.55905,0.12418532005389461,1,-1
2025-01-02 19:39:15,2.4957578,7.8304996,-0.96999836,8.275653,0.12417689045211919,1,-1
2025-01-01 00:44:50,3.5763755,6.420596,1.9778106,7.61093,0.12416839990009491,1,-1
2025-01-01 13:44:50,0.9536445,10.612377,2.0058465,10.842298,0.12415634880968948,1,-1
2025-01-02 02:18:10,-3.25523,10.098426,1.9548367,10.788703,0.12413218164473473,1,-1
2025-01-01 16:14:40,3.1273868,10.43986,1.72932,11.034572,0.12413142266869795,1,-1
2025-01-03 01:30:40,-1.4136256,8.63717,1.5671887,8.8912945,0.12412640906772236,1,-1
2025-01-01 14:39:35,-1.9532615,6.6636095,-0.25780573,6.9487686,0.1241263139785126,1,-1
2025-01-01 06:02:10,0.8129241,13.488702,-1.719986,13.622198,0.1241176474642963,1,-1
2025-01-02 23:44:40,2.8178868,8.41903,-2.8747485,9.33192,0.12410616414926454,1,-1
2025-01-02 15:12:00,-3.5991104,10.545319,-2.487867,11.416953,0.12409714070722141,1,-1
2025-01-02 17:02:15,-4.0601587,13.138025,1.6933311,13.854962,0.12407679173843267,1,-1
2025-01-01 10:03:40,-3.3239489,11.039143,-0.9468799,11.567535,0.12407172699389059,1,-1
2025-01-01 14:24:55,-2.7333202,9.082208,-2.112334,9.7169695,0.12404211576543141,1,-1
2025-01-02 07:41:55,-0.9875013,12.603694,-2.3198884,12.85341,0.12403309332838527,1,-1
2025-01-03 12:02:35,0.5851729,5.87486,1.6688106,6.135253,0.12402694239527655,1,-1
2025-01-01 02:17:15,3.5859818,10.883888,-1.7794768,11.596759,0.12402331905262784,1,-1
2025-01-03 15:29:20,3.2294273,11.016598,-2.7254014,11.799256,0.12397672906988617,1,-1
2025-01-01 02:19:00,-2.3321097,13.1274395,2.204743,13.51404,0.12397432425901657,1,-1
2025-01-01 22:58:00,1.0805051,5.756474,1.8669637,6.1473603,0.12396477604228946,1,-1
2025-01-01 18:39:55,0.7435164,6.6588764,0.2012081,6.703278,0.12393673775445258,1,-1
2025-01-02 18:13:30,0.36813536,8.348167,1.9138169,8.572638,0.12393385371891978,1,-1
2025-01-01 08:25:10,-0.20855936,7.115621,0.343073,7.126939,0.12393158363236881,1,-1
2025-01-01 08:33:05,2.7604628,9.367604,-3.223803,10.284215,0.12392117917734687,1,-1
2025-01-01 02:03:55,2.9848106,12.786892,-2.1933515,13.312569,0.12392030618494117,1,-1
2025-01-02 08:37:45,-3.0503201,9.611838,-1.292742,10.166763,0.12391964245108852,1,-1
2025-01-03 12:48:00,-0.21122628,9.140279,2.1855638,9.400319,0.12391281420465268,1,-1
2025-01-02 21:51:20,2.7196734,10.700454,-1.9580144,11.212946,0.12389911395244693,1,-1
2025-01-02 04:56:55,0.68313205,9.646969,1.9950006,9.874751,0.12389132911504082,1,-1
2025-01-02 02:14:05,-2.7095726,5.482537,-0.14126074,6.1171846,0.12388418352641092,1,-1
2025-01-02 01:22:55,3.4976234,12.772086,-2.3526528,13.449704,0.12388376219318567,1,-1
2025-01-03 19:02:40,1.9069672,7.36211,2.0300524,7.8713593,0.12385022249360196,1,-1
2025-01-03 13:45:05,-3.3322697,7.9970465,-0.07845067,8.663886,0.12384920699758725,1,-1
2025-01-02 15:55:55,2.4942706,8.1265955,-0.2946041,8.505864,0.12384550912476845,1,-1
2025-01-01 17:10:55,-1.8341161,13.406788,-2.4948292,13.7597275,0.12381265267533682,1,-1
2025-01-02 11:33:50,3.6190076,9.412622,-2.7267506,10.446523,0.12380240428724748,1,-1
2025-01-02 23:00:35,0.7901422,6.87544,2.1886895,7.2585373,0.12379125738260932,1,-1
2025-01-02 05:56:10,3.5184374,12.835684,-1.8401793,13.435789,0.12378268748376371,1,-1
2025-01-01 01:02:00,-1.6682993,7.161714,1.3571689,7.477652,0.12375416288769003,1,-1
2025-01-01 04:32:05,-2.9412897,5.8332872,-0.6339112,6.563556,0.12374912098658278,1,-1
2025-01-03 18:15:45,2.6138027,8.911856,-1.9855535,9.497134,0.12374872674987643,1,-1
2025-01-01 07:29:50,3.2165277,10.607179,-2.5395672,11.371354,0.12374774650764989,1,-1
2025-01-01 02:38:05,2.0529935,12.951753,-1.7568582,13.230617,0.12373195970423931,1,-1
2025-01-01 17:56:05,-1.068022,11.197028,-2.8701677,11.608272,0.12371086233246549,1,-1
2025-01-03 00:38:50,-0.9358256,6.3164244,2.3795562,6.8143435,0.12370905923627123,1,-1
2025-01-03 17:58:05,0.47253075,12.633803,-1.8974878,12.784238,0.12370839434104476,1,-1
2025-01-03 04:22:35,-1.4407879,9.820824,1.8703343,10.100624,0.12370582558232826,1,-1
2025-01-03 11:29:45,3.523537,8.419945,-1.2211292,9.2087965,0.12368055766002799,1,-1
2025-01-03 04:46:55,-1.2534233,8.079795,-2.598967,8.579556,0.12367061413519594,1,-1
2025-01-03 07:43:00,1.5585916,5.917424,-0.62894714,6.1514783,0.12366062528808437,1,-1
2025-01-02 13:20:10,-4.0459385,9.421418,-0.17259112,10.254878,0.12364769693452508,1,-1
2025-01-03 15:42:15,-3.3118556,12.683696,-1.6929414,13.217813,0.12363523127243603,1,-1
2025-01-02 16:23:55,-3.5297112,12.559838,0.9550241,13.081303,0.12362000463036138,1,-1
2025-01-02 22:56:25,-3.7446969,11.984188,-2.5345416,12.80888,0.12357521272325382,1,-1
2025-01-03 17:52:00,3.4481812,5.911614,1.081461,6.928686,0.12357456954900513,1,-1
2025-01-01 08:26:20,2.8585336,9.755426,-0.36595997,10.172192,0.12357264214749766,1,-1
2025-01-02 08:02:55,3.9745479,5.2918115,0.016645648,6.618201,0.12356919381608869,1,-1
2025-01-03 17:55:05,1.5653113,14.028752,-3.1088634,14.454103,0.12356122044596472,1,-1
2025-01-02 17:22:55,-2.6328166,11.376053,-0.61532766,11.692944,0.12354252275461433,1,-1
2025-01-01 14:58:15,1.5123804,12.936426,-1.7881969,13.146713,0.12353416166741092,1,-1
2025-01-01 23:46:25,-2.8367891,13.976869,-1.3754711,14.32802,0.12352728029880564,1,-1
2025-01-01 16:45:10,2.598756,10.284481,-0.4652568,10.617935,0.12350687558963196,1,-1
2025-01-03 07:37:50,1.7176262,5.61592,-1.8354664,6.1528645,0.12350425024220839,1,-1
2025-01-01 04:16:15,1.7221994,11.284592,-3.0057623,11.804346,0.1234863619463847,1,-1
2025-01-03 03:48:00,3.7044559,11.2717085,-3.0257125,12.244564,0.12348500027364599,1,-1
2025-01-01 05:50:00,3.0685794,10.399792,-2.703776,11.175073,0.1234487485227197,1,-1
2025-01-03 08:13:50,-2.0056415,6.304312,-1.6239133,6.8120513,0.12344302252029672,1,-1
2025-01-03 14:35:55,0.41360015,5.2697163,-3.275501,6.218511,0.12343721236570915,1,-1
2025-01-01 15:41:25,0.022438021,7.1872964,-2.7427788,7.6928906,0.12343482396753266,1,-1
2025-01-01 16:06:00,3.5032036,7.684591,-1.7173376,8.618273,0.1234318979519968,1,-1
2025-01-02 08:48:25,-0.21646355,7.037024,-1.4451311,7.187139,0.12337869214463053,1,-1
2025-01-03 14:49:15,3.4069839,9.120791,-3.18744,10.244811,0.12337570674156678,1,-1
2025-01-03 19:14:05,-0.66404915,8.195347,-3.2129707,8.827676,0.12337557843198871,1,-1
2025-01-03 12:01:25,-3.891189,6.1172595,1.1281569,7.3372307,0.12336763807862165,1,-1
2025-01-02 16:01:35,-1.0178111,11.491804,-3.05871,11.935377,0.12336384227326169,1,-1
2025-01-03 09:38:35,-2.3521042,5.853935,-2.4149904,6.7552295,0.12334775447917629,1,-1
2025-01-02 12:18:35,2.8599086,10.142151,-0.8059297,10.568436,0.12330085322156752,1,-1
2025-01-02 22:18:50,1.0699005,7.45588,1.4764985,7.675603,0.12328505988872585,1,-1
2025-01-02 08:09:50,0.45298684,7.3337913,1.5462794,7.508706,0.12328302361470518,1,-1
2025-01-02 09:47:35,-3.7608747,8.43948,0.6461563,9.262101,0.12327886467042962,1,-1
2025-01-02 01:28:55,-2.7014225,10.089468,-1.5623307,10.561057,0.12327181553708667,1,-1
2025-01-01 12:47:10,1.8710116,6.008434,0.08248094,6.293549,0.1232519945931214,1,-1
2025-01-03 17:03:35,0.41202995,7.381319,1.2286226,7.494208,0.12324144472511979,1,-1
2025-01-03 04:12:00,0.5307398,5.2719245,-3.3434854,6.2652826,0.12324013963536362,1,-1
2025-01-02 07:09:35,-1.5736974,6.075894,1.006194,6.356527,0.12323757756646826,1,-1
2025-01-02 12:23:25,2.1957657,7.5314713,1.5977228,8.006071,0.12323075931310279,1,-1
2025-01-02 04:36:05,3.3046622,9.878301,-3.7074628,11.056532,0.12322725524318935,1,-1
2025-01-01 13:36:45,-2.4039829,8.212189,2.0075948,8.789176,0.12322038535605456,1,-1
2025-01-03 17:13:25,-2.2885683,12.770311,0.39186293,12.979674,0.12321446104852984,1,-1
2025-01-01 21:12:45,1.450421,11.595431,-2.7038236,11.994515,0.12321083982024579,1,-1
2025-01-02 21:06:30,1.5205756,12.311189,-3.4271595,12.869457,0.12320640289592777,1,-1
2025-01-01 05:55:30,0.074553356,6.7247977,0.5424642,6.747053,0.1232056249222517,1,-1
2025-01-02 19:16:35,-3.470243,9.390924,-2.9311428,10.431857,0.12318768625736584,1,-1
2025-01-01 01:33:15,1.3860519,5.951826,-0.20572354,6.1145477,0.12317757912234249,1,-1
2025-01-01 07:05:35,-0.65815747,5.4997907,-0.048137832,5.5392404,0.1231740841465224,1,-1
2025-01-02 14:00:15,1.1391833,12.940401,0.07999175,12.990693,0.12316593248339802,1,-1
2025-01-01 11:25:20,0.37963465,12.164931,-3.0413177,12.54509,0.12316153099740675,1,-1
2025-01-02 09:15:45,2.6742125,6.889599,-0.4057807,7.40153,0.12315547882566805,1,-1
2025-01-01 20:07:00,-0.91522765,13.897238,2.2997952,14.115946,0.12314156948720235,1,-1
2025-01-03 07:45:40,1.6582456,12.987003,-1.6660485,13.198021,0.12313331290394583,1,-1
2025-01-02 09:38:15,-2.7488766,7.957563,-2.4549003,8.7695875,0.1231237299287958,1,-1
2025-01-02 19:46:45,-1.4821271,10.447739,-3.2634406,11.045451,0.12310772152945472,1,-1
2025-01-02 00:24:30,-0.56885654,6.613365,-2.7055597,7.1680017,0.12306786808007392,1,-1
2025-01-03 02:24:20,0.98180544,8.836723,-3.5185874,9.562012,0.12306601127926747,1,-1
2025-01-03 17:20:30,1.6323423,12.3656025,1.2016753,12.53063,0.1230545709230728,1,-1
2025-01-01 05:58:20,-3.719296,9.303439,-0.86400634,10.056522,0.12304634807609208,1,-1
2025-01-02 12:30:35,-0.050965138,8.57401,-3.6865144,9.333094,0.12303736148413762,1,-1
2025-01-01 16:04:30,3.3227134,11.250312,-2.3575814,11.965289,0.12303165063585152,1,-1
2025-01-03 05:38:45,2.6810122,11.011962,-3.1148677,11.753873,0.12302513821399726,1,-1
2025-01-01 04:40:15,-2.605781,12.251209,-2.139266,12.70664,0.12301921589079323,1,-1
2025-01-02 19:05:25,-1.3966321,12.939944,0.8449057,13.042492,0.12299452788142927,1,-1
2025-01-02 18:08:55,-3.3921263,11.133235,1.3621615,11.717975,0.12299408251028464,1,-1
2025-01-01 14:25:25,-2.6770122,10.603224,1.7446214,11.074224,0.1229829273278423,1,-1
2025-01-03 15:45:25,1.4376855,9.878324,-2.4607291,10.281217,0.12297129830885663,1,-1
2025-01-02 20:55:15,0.06387337,7.3168445,2.0779755,7.6064625,0.12296952143435654,1,-1
2025-01-01 10:00:00,2.3191001,9.13663,-0.8448408,9.464143,0.12295189004098925,1,-1
2025-01-03 20:15:50,-1.3618605,7.558627,-2.7644718,8.162708,0.12294701322447336,1,-1
2025-01-02 08:44:20,-2.5675437,5.2651057,0.9152821,5.9288583,0.12290315214145452,1,-1
2025-01-03 18:07:25,2.793374,10.406143,0.21479948,10.776683,0.12288300611253498,1,-1
2025-01-02 10:44:50,-1.251121,10.816178,1.6870321,11.018217,0.12287395105933652,1,-1
2025-01-03 20:14:55,-3.3970618,5.635968,-0.49470624,6.5991592,0.12286602664666693,1,-1
2025-01-03 09:30:10,0.9031756,12.681859,-0.3894002,12.71994,0.12285179844229745,1,-1
2025-01-01 01:01:25,0.9293999,13.727796,0.9410692,13.791366,0.1228323190058879,1,-1
2025-01-01 19:58:00,3.7151256,12.472423,-2.6779852,13.286651,0.12282725097830795,1,-1
2025-01-01 14:28:45,-3.5241618,7.010502,-0.63820076,7.8723664,0.12282578373911346,1,-1
2025-01-02 04:02:25,1.2471031,8.23035,-3.538501,9.045159,0.12282427491732589,1,-1
2025-01-03 12:12:25,2.999892,10.079989,-3.2427025,11.005483,0.12281802918007091,1,-1
2025-01-01 08:36:25,-1.5038397,9.69643,-2.5187044,10.130458,0.12281779486141757,1,-1
2025-01-01 20:11:00,-4.159242,10.284792,2.460896,11.363637,0.12278978049827793,1,-1
2025-01-01 23:46:00,0.284541,14.032752,-3.292112,14.416556,0.12275461616600856,1,-1
2025-01-02 09:20:15,3.0386045,9.26333,-2.5617807,10.079937,0.1227140080362085,1,-1
2025-01-01 09:43:10,2.6249368,13.333675,-0.79090124,13.612594,0.1227076578026121,1,-1
2025-01-01 15:16:45,-0.2651716,7.1814475,-0.11663522,7.187288,0.12267962115755877,1,-1
2025-01-03 17:41:45,-3.2271888,7.7765203,1.1404899,8.496454,0.12267525882696,1,-1
2025-01-02 17:31:40,3.9202838,8.387395,-2.4599583,9.579583,0.12267435050594147,1,-1
2025-01-02 19:24:20,2.7788754,6.7657895,-1.8088303,7.5345817,0.12267014476471243,1,-1
2025-01-01 11:54:40,0.61460096,11.549835,1.8336837,11.7106285,0.12265120578093706,1,-1
2025-01-02 17:20:50,0.7046832,12.406738,1.5809938,12.526902,0.12264954525336484,1,-1
2025-01-03 16:06:45,-2.378568,12.836706,-1.2262965,13.112681,0.12264502560262197,1,-1
2025-01-03 01:47:25,1.4114428,9.730008,-2.9334702,10.26014,0.12262559057328126,1,-1
2025-01-01 05:04:30,-2.749565,8.910647,0.8250354,9.361647,0.12262298131389646,1,-1
2025-01-03 20:36:15,0.9766892,13.402308,-2.337339,13.639609,0.12262297603504821,1,-1
2025-01-03 11:04:00,-0.1085598,8.144332,-3.0571887,8.699904,0.12262163660595628,1,-1
2025-01-02 12:07:55,3.2781167,12.606072,-0.3730959,13.030668,0.1226158481483188,1,-1
2025-01-02 23:31:15,1.5115513,13.084753,-0.20995574,13.173445,0.12261057389777175,1,-1
2025-01-01 00:45:10,3.4231663,10.615042,0.02197598,11.15337,0.1226089077874259,1,-1
2025-01-01 00:49:20,-1.2888912,9.704637,1.7669725,9.948035,0.12258103619257446,1,-1
2025-01-02 19:39:40,0.58652323,9.980418,-2.796128,10.381286,0.12257814369152076,1,-1
2025-01-02 02:33:40,-2.812191,10.406842,2.1760416,10.997542,0.12256270000716653,1,-1
2025-01-03 19:54:55,-1.4216733,13.126556,-0.40158072,13.209425,0.12255951600392817,1,-1
2025-01-02 04:29:30,-3.2118602,10.328586,-1.9366515,10.988464,0.12255936219998854,1,-1
2025-01-02 15:54:25,0.64021915,6.1629157,1.8809952,6.475303,0.12253461710007592,1,-1
2025-01-03 17:35:55,3.02379,10.580818,-0.90016973,11.041164,0.1225238490795044,1,-1
2025-01-01 16:36:25,1.5298351,10.916451,1.0352261,11.0716305,0.12250416549817936,1,-1
2025-01-01 15:53:50,-1.5267193,9.072277,2.078061,9.431618,0.12248723450484518,1,-1
2025-01-01 23:37:50,-2.305829,12.975029,-0.00024080466,13.178324,0.12247209473852445,1,-1
2025-01-03 04:04:40,3.0988371,11.009133,-2.8393633,11.784133,0.12245696951781805,1,-1
2025-01-02 17:13:00,3.6413527,7.898456,0.89660805,8.74351,0.12242869313668456,1,-1
2025-01-02 17:43:20,1.5521716,10.752549,-2.8319385,11.22704,0.12242432262689774,1,-1
2025-01-02 18:47:25,-3.458238,13.110682,-0.80949235,13.583249,0.1224141265988233,1,-1
2025-01-02 15:54:10,-3.016082,11.105306,0.5524865,11.520842,0.12240507914959094,1,-1
2025-01-03 18:10:20,0.6489462,11.290797,1.23364,11.376515,0.12240338689490102,1,-1
2025-01-01 10:17:30,0.46031052,6.515871,-0.67888176,6.5672936,0.12240304046101792,1,-1
2025-01-01 02:03:05,-4.1058736,11.932326,-2.1486208,12.800593,0.12239520085696343,1,-1
2025-01-01 17:15:35,-2.8130977,7.1537,-1.8560882,7.9078445,0.12238966470418072,1,-1
2025-01-02 20:59:05,3.0290408,12.311424,-2.2156267,12.870713,0.12238658603835689,1,-1
2025-01-01 08:55:25,1.0061481,13.046415,-2.9885027,13.422088,0.12238583229085664,1,-1
2025-01-01 22:37:00,2.3285644,7.933053,-2.2275069,8.562554,0.1223554460453725,1,-1
2025-01-02 09:50:10,3.230351,6.4162307,-1.7366049,7.3904653,0.12235329890751778,1,-1
2025-01-02 15:13:50,0.69529414,13.929805,-0.44251308,13.9541645,0.12233374949705934,1,-1
2025-01-02 16:35:50,-3.3599393,10.044399,-0.39791593,10.598938,0.12230876673254087,1,-1
2025-01-02 11:41:45,-2.5791485,8.794709,-0.58195865,9.18355,0.12230463365297997,1,-1
2025-01-01 23:09:15,-2.933361,10.606164,-2.1774652,11.217695,0.12230275940387625,1,-1
2025-01-02 16:28:00,-0.5331315,6.511281,-0.5583673,6.5568886,0.1222876141830702,1,-1
2025-01-01 04:21:50,-2.3850443,13.2732115,-0.47929996,13.494307,0.12228102246206776,1,-1
2025-01-02 02:25:45,-3.4735792,12.400837,0.9973042,12.916699,0.12226820308498991,1,-1
2025-01-02 11:18:35,3.240512,10.166334,-1.4757844,10.771871,0.12225954877132271,1,-1
2025-01-02 12:29:30,-1.862475,11.899498,-3.3883717,12.511911,0.12224681236014372,1,-1
2025-01-02 11:40:55,-3.2698061,8.531431,-1.1323693,9.206476,0.12224366368888225,1,-1
2025-01-03 15:22:05,1.4632515,9.196197,1.5475609,9.439602,0.122241562518044,1,-1
2025-01-02 04:35:45,-3.914683,10.128855,-1.4961761,10.961614,0.12223604716051899,1,-1
2025-01-02 13:39:55,2.651264,5.5942116,0.34872815,6.200485,0.12223352847407298,1,-1
2025-01-03 07:19:15,-3.6147585,5.217327,-0.9349484,6.4156923,0.1222326126881972,1,-1
2025-01-03 12:03:20,-0.07890035,11.222896,-2.6840026,11.539648,0.1222321666804917,1,-1
2025-01-01 10:23:50,-3.5392785,9.897375,-3.7757726,11.16875,0.12217421579105989,1,-1
2025-01-01 17:28:25,3.3090084,6.3843765,0.65579116,7.2207937,0.12215958617907903,1,-1
2025-01-01 07:16:15,-2.375958,6.491738,-2.1500103,7.2395015,0.12213945592798109,1,-1
2025-01-01 09:06:20,3.9312985,12.338573,-2.0834234,13.116256,0.12213058093200344,1,-1
2025-01-02 15:16:00,-0.25329262,13.545702,1.5560066,13.637132,0.12211792390468881,1,-1
2025-01-01 15:02:15,2.337219,9.618762,2.5033875,10.210295,0.12210813305829964,1,-1
2025-01-03 19:07:45,2.0047834,12.24975,-1.4433525,12.496351,0.12210643888447668,1,-1
2025-01-02 13:37:40,-2.8736358,9.205927,0.75046736,9.673162,0.12206952755122451,1,-1
2025-01-03 06:16:40,0.40492165,6.2474203,-2.9585743,6.924405,0.12205762409053265,1,-1
2025-01-03 14:21:05,-3.5158284,10.460891,2.0926065,11.232554,0.12205716870199895,1,-1
2025-01-03 18:25:05,-1.4269223,5.2239413,-1.4325699,5.6016,0.1220539780089615,1,-1
2025-01-02 02:05:25,0.11507912,13.982006,-0.20285836,13.983951,0.12204985386503063,1,-1
2025-01-03 10:53:15,-3.7682853,11.08388,2.495299,11.969915,0.12203210721442567,1,-1
2025-01-02 03:17:25,-0.15071304,12.378468,-3.404447,12.838981,0.12202883740732172,1,-1
2025-01-03 19:12:05,-1.7201961,9.149082,2.3609025,9.6040945,0.12202163250338935,1,-1
2025-01-03 16:11:15,-1.3208632,13.077243,-3.5366755,13.611283,0.12200880203719136,1,-1
2025-01-01 17:33:00,1.7480961,6.4338756,-2.4433074,7.1007285,0.12198369561628114,1,-1
2025-01-01 11:16:00,2.908478,13.335883,-0.4532384,13.656883,0.12196878785080044,1,-1
2025-01-03 01:25:50,-1.4511007,13.244269,1.3004198,13.386839,0.12196854940816809,1,-1
2025-01-02 11:51:25,0.89373237,7.9457817,1.8117572,8.198577,0.12196608331193624,1,-1
2025-01-02 16:10:45,-2.7607296,11.846551,0.7621706,12.187835,0.12196344479665334,1,-1
2025-01-02 10:05:10,-3.1740878,13.3983135,0.34173086,13.773395,0.12194359748685782,1,-1
2025-01-02 08:22:40,-1.3358161,12.274988,0.71934795,12.368396,0.12191659117028346,1,-1
2025-01-02 07:00:40,1.3534473,13.655999,2.5024261,13.949203,0.12190948448945793,1,-1
2025-01-03 21:23:35,2.858624,10.902848,-2.145582,11.473768,0.12190106388357218,1,-1
2025-01-02 11:43:05,0.29311952,9.174981,2.4361587,9.497424,0.12189837859159486,1,-1
2025-01-03 18:36:00,2.4582298,12.119066,-0.45631492,12.374283,0.12186314217142438,1,-1
2025-01-03 05:54:05,-2.0860343,8.059324,-3.0063326,8.851118,0.12184505664814388,1,-1
2025-01-02 22:35:20,-0.10449958,6.239592,0.96215004,6.3142033,0.12184328069413343,1,-1
2025-01-02 06:20:25,-4.181344,12.419139,0.6809455,13.121827,0.12184015670762366,1,-1
2025-01-01 18:36:50,2.190315,10.5060425,1.3362811,10.814807,0.12183823188793008,1,-1
2025-01-03 15:46:50,1.9715365,5.6734548,1.7499744,6.2559934,0.12182468868513728,1,-1
2025-01-03 11:41:40,3.031357,10.731827,-1.6854714,11.278388,0.12182037041532923,1,-1
2025-01-02 14:54:15,-3.3820546,7.016441,0.44749534,7.801858,0.12181116520199191,1,-1
2025-01-02 00:46:25,-3.729688,11.0312195,2.4560397,11.900862,0.12181079764710513,1,-1
2025-01-03 12:38:30,2.0953112,7.6379023,-2.8781998,8.426856,0.12179424484701826,1,-1
2025-01-02 08:54:15,0.9601946,12.180146,1.169553,12.273785,0.12179192386575004,1,-1
2025-01-01 06:06:35,-3.7396,10.608492,-3.0925403,11.665698,0.12179132841082929,1,-1
2025-01-02 02:13:30,-1.0509855,13.599481,-1.3769172,13.7093525,0.12178578298479097,1,-1
2025-01-02 23:37:45,-3.1744494,12.263211,-1.5268292,12.759103,0.12175579770068999,1,-1
2025-01-01 05:24:25,3.4479682,12.578161,1.8415086,13.171553,0.12174740753070094,1,-1
2025-01-02 18:05:15,2.8012152,10.522867,-1.1140606,10.946172,0.12174639085227305,1,-1
2025-01-01 09:04:20,2.4051676,8.351552,1.3610936,8.796922,0.12174242615841242,1,-1
2025-01-01 10:27:30,0.37128708,12.4692335,-2.428934,12.709026,0.12173355317052725,1,-1
2025-01-02 08:02:05,2.8622742,6.260311,-1.7572978,7.104379,0.12170926654629916,1,-1
2025-01-03 09:43:20,-1.7565465,12.050548,1.4110456,12.259372,0.12170770042539973,1,-1
2025-01-02 05:08:25,-3.767158,11.297729,-3.095457,12.304958,0.1217068109078858,1,-1
2025-01-01 01:05:50,0.8729884,10.5140085,1.6699106,10.68153,0.12168854681928024,1,-1
2025-01-01 16:09:45,1.5393491,7.8668146,-3.124895,8.603565,0.12168583712894095,1,-1
2025-01-01 03:42:05,3.5420115,7.4015374,-3.1324892,8.783,0.12167612921061015,1,-1
2025-01-02 03:30:40,0.17338456,5.7113104,0.344877,5.72434,0.12167502435704557,1,-1
2025-01-01 12:36:10,0.078988776,9.814848,2.1490316,10.047677,0.12166254335020653,1,-1
2025-01-01 23:05:10,-4.1605053,5.330827,-2.674361,7.271845,0.1216476659803043,1,-1
2025-01-02 02:14:50,-3.3030171,13.20511,-2.2917945,13.80352,0.12164465637239012,1,-1
2025-01-03 13:50:50,-2.0773988,12.332942,-1.5347326,12.600493,0.12164443850597662,1,-1
2025-01-01 05:42:35,-2.8714714,8.421628,-2.7087615,9.30089,0.1216108509951246,1,-1
2025-01-03 15:50:45,-1.9187928,13.150367,-3.2475665,13.680665,0.12160053276858639,1,-1
2025-01-02 21:02:05,2.4513981,10.907932,1.7828234,11.321255,0.12159287198077129,1,-1
2025-01-02 02:48:10,-4.1605206,11.228965,1.8279294,12.113667,0.12158074290474398,1,-1
2025-01-01 09:54:50,-1.5593805,12.193697,-2.3740156,12.520139,0.12155453976088465,1,-1
2025-01-01 13:28:30,-0.8741067,13.716962,2.4547043,13.962259,0.1215494404670556,1,-1
2025-01-03 21:08:20,-2.0606415,12.185742,-2.7834156,12.668306,0.12153929019760364,1,-1
2025-01-03 18:22:40,-2.7927332,13.744326,-2.9471388,14.331486,0.12151524258195309,1,-1
2025-01-03 02:27:15,2.3598707,8.861572,0.3468118,9.176968,0.12150850856647931,1,-1
2025-01-01 10:23:35,-1.3309581,6.659648,-0.5243723,6.8115582,0.12146450808623571,1,-1
2025-01-02 11:28:20,1.0273887,12.30861,-0.92221904,12.385795,0.12146422315565217,1,-1
2025-01-03 11:05:55,3.5222294,7.1360245,-2.1627774,8.246609,0.12145773842734292,1,-1
2025-01-02 04:50:50,0.87681496,11.474493,1.6362104,11.623681,0.12145268163668044,1,-1
2025-01-02 19:02:55,-1.4196181,5.803755,0.46708718,5.993084,0.12144577196381959,1,-1
2025-01-02 20:21:35,-1.8848013,11.346749,2.0251586,11.679147,0.12141290920742853,1,-1
2025-01-03 07:44:55,2.3962717,7.5248737,-1.4190577,8.023688,0.12141168863920684,1,-1
2025-01-03 20:05:40,3.0465312,6.1070747,0.78454274,6.8697324,0.12136967988882481,1,-1
2025-01-01 21:47:40,1.5557642,12.99678,-0.18383935,13.090856,0.12136799958260847,1,-1
2025-01-03 08:44:25,0.71515495,12.472539,0.57364243,12.506188,0.12133497549107643,1,-1
2025-01-03 09:20:40,-1.4402772,6.7021437,-2.8830318,7.4367332,0.12131199734018838,1,-1
2025-01-02 00:18:20,2.7975519,8.073158,0.6987858,8.5726595,0.12130677591661723,1,-1
2025-01-03 03:12:40,2.301214,5.3714733,1.1244962,5.9508657,0.12130677238064912,1,-1
2025-01-01 16:44:05,-2.60082,9.90495,0.56919837,10.256525,0.12129710831799327,1,-1
2025-01-02 21:48:40,3.7857234,6.4029937,-0.8279257,7.4843497,0.12129431571513873,1,-1
2025-01-02 04:48:55,0.44743544,12.760686,-2.3108997,12.975961,0.12128283984402151,1,-1
2025-01-01 10:48:10,1.0886902,6.107568,1.8392867,6.47075,0.12127787197608551,1,-1
2025-01-02 11:38:30,-2.8809597,6.3950596,2.150135,7.336198,0.12125267513960263,1,-1
2025-01-02 06:43:35,-1.2026314,13.524623,-1.7238389,13.686977,0.12124896172706114,1,-1
2025-01-01 20:44:40,-3.679376,12.648774,-2.2683709,13.366929,0.12118840005726313,1,-1
2025-01-03 05:44:40,-1.8134274,7.1974115,1.9456638,7.6731257,0.12118698676423398,1,-1
2025-01-01 17:34:30,-2.58488,9.050905,-1.9127847,9.605167,0.12116672913013594,1,-1
2025-01-03 12:23:10,0.17992924,8.725425,-2.5141172,9.0821905,0.12115185526237769,1,-1
2025-01-01 10:07:10,1.3368732,12.884552,-0.35524753,12.958592,0.12112252041612481,1,-1
2025-01-01 20:21:15,2.3828254,7.231495,-2.0735576,7.891262,0.12110441442105163,1,-1
2025-01-03 17:40:40,-1.3996378,6.3475337,-2.3417835,6.9089885,0.1211032284065637,1,-1
2025-01-02 20:57:55,-0.21035686,9.5431595,-2.5152802,9.871311,0.12109158212707921,1,-1
2025-01-03 02:13:10,3.9082334,10.818211,2.0683897,11.68701,0.12105831012509155,1,-1
2025-01-03 07:16:25,-1.2273874,13.074982,0.51080674,13.142395,0.12105342527487836,1,-1
2025-01-03 15:15:20,1.6216388,5.527212,-2.6075716,6.322912,0.1210240381866457,1,-1
2025-01-03 21:01:25,0.8421152,6.4752307,-0.52395946,6.5507483,0.12097176887747368,1,-1
2025-01-03 11:05:45,-3.4600897,9.036883,-0.17108972,9.678159,0.12095808837784387,1,-1
2025-01-01 11:09:25,2.9811077,9.244603,-2.4868085,10.02666,0.12094778825880644,1,-1
2025-01-03 14:46:35,-0.14139809,5.7320266,0.23859029,5.7387323,0.1209337821234712,1,-1
2025-01-03 20:23:15,-3.7879405,6.9373574,-2.694267,8.350718,0.12091677042056621,1,-1
2025-01-01 08:15:25,-1.872338,6.0918384,-0.87200564,6.43246,0.12090930787107981,1,-1
2025-01-02 16:01:10,3.1941836,10.992401,2.0870738,11.635788,0.12090039765637939,1,-1
2025-01-02 20:45:45,-2.9056787,7.5379014,2.332327,8.408488,0.12088557803847,1,-1
2025-01-02 04:33:15,1.8829479,6.249302,0.87652946,6.585406,0.12086709326209792,1,-1
2025-01-03 01:21:20,-3.1253097,9.084146,1.8228043,9.778132,0.12085477897557485,1,-1
2025-01-01 16:52:05,-0.81998897,10.766996,-3.0451024,11.219324,0.12085033459153006,1,-1
2025-01-01 21:54:55,2.651456,9.350596,-0.6580009,9.741501,0.12084787387723639,1,-1
2025-01-01 01:05:20,0.22210133,13.895323,1.7351501,14.005002,0.1208369427703686,1,-1
2025-01-01 20:24:30,0.8338107,13.649912,-0.8879169,13.70415,0.12082576314668152,1,-1
2025-01-02 00:07:25,2.440491,8.506393,-1.4656869,8.970115,0.12080208498298682,1,-1
2025-01-03 15:26:00,2.6074355,11.392078,-1.7950147,11.823715,0.12078998076355316,1,-1
2025-01-03 20:52:15,3.664679,10.655065,0.041129358,11.26774,0.12078810199201917,1,-1
2025-01-01 06:32:35,-3.2173104,5.5766206,-1.0436993,6.5222,0.12078626287336604,1,-1
2025-01-02 00:10:50,-2.6247685,7.433719,-0.36951786,7.8921566,0.12077918327593677,1,-1
2025-01-02 20:39:05,-0.98521817,6.892436,0.99010074,7.032541,0.12077674728311608,1,-1
2025-01-02 00:27:55,-1.6809479,7.053429,1.930105,7.5034494,0.12077665852148568,1,-1
2025-01-01 05:38:20,0.2672097,6.891068,-2.1993546,7.2384653,0.12076249832582109,1,-1
2025-01-01 00:36:55,3.5537586,6.110014,1.989663,7.3430395,0.12074753220778775,1,-1
2025-01-01 06:58:45,3.4313145,7.309324,-2.037506,8.327759,0.12074730936423324,1,-1
2025-01-03 13:34:35,-1.1869828,12.504062,-1.753529,12.682088,0.12074001222050017,1,-1
2025-01-03 01:03:50,-0.93555087,7.630142,-2.9642284,8.238991,0.12071437517587594,1,-1
2025-01-01 01:38:25,1.4296321,13.06439,-1.5317281,13.2313385,0.12071327450996233,1,-1
2025-01-03 19:40:10,-1.2116506,12.50775,-2.2503564,12.766205,0.12068437142300913,1,-1
2025-01-01 06:14:25,-2.595808,5.8673263,0.33147132,6.424454,0.12067611324219576,1,-1
2025-01-01 06:06:15,-2.6564305,10.358964,-1.6131978,10.815136,0.12067475890381234,1,-1
2025-01-01 04:09:55,-2.3769557,6.7314878,-2.4694989,7.553891,0.12065767887578742,1,-1
2025-01-03 20:38:40,-2.341179,8.704899,1.9985752,9.2331295,0.12064116400443975,1,-1
2025-01-03 15:18:45,-0.36335242,10.642003,-2.4861555,10.934588,0.12063813281463263,1,-1
2025-01-03 00:56:30,0.9065007,13.012208,-1.4805366,13.1275015,0.12063661671748503,1,-1
2025-01-02 12:22:10,0.15936649,5.7862887,-0.57895577,5.817364,0.12062645115307061,1,-1
2025-01-03 15:38:35,-0.70447975,12.03195,1.6500413,12.164981,0.12062179971386763,1,-1
2025-01-03 04:51:00,-2.3706691,11.19128,-3.2541347,11.893453,0.12061706688099141,1,-1
2025-01-02 05:47:30,0.8897708,12.245374,1.2853445,12.344755,0.12059532896778197,1,-1
2025-01-01 00:23:40,-1.7780378,13.10407,1.6831822,13.330835,0.12059186537263795,1,-1
2025-01-03 13:14:55,-3.6049137,6.370533,1.0416282,7.393516,0.12059140881595977,1,-1
2025-01-03 02:02:25,1.7056429,13.924317,1.5081259,14.109227,0.1205909564513365,1,-1
2025-01-03 07:47:55,2.19241,5.795245,-0.0058158105,6.196092,0.12057661419827508,1,-1
2025-01-01 16:22:10,3.5121427,6.345799,-2.9438086,7.8275356,0.1205699727229467,1,-1
2025-01-02 01:02:35,-3.3868332,8.21838,-3.7588282,9.6509695,0.1205696157312841,1,-1
2025-01-03 00:10:40,1.3193839,13.056387,1.5371726,13.2126045,0.12056348496053876,1,-1
2025-01-01 04:30:30,2.996092,7.3911247,-2.6343474,8.399112,0.12056019223029928,1,-1
2025-01-03 07:57:55,3.3554962,11.828067,1.7595556,12.420087,0.1205455416313116,1,-1
2025-01-01 09:43:55,-3.7096255,8.478737,1.7652396,9.421591,0.12054487532935411,1,-1
2025-01-01 13:33:40,-2.4115236,8.162297,1.8647382,8.712967,0.1205445384404231,1,-1
2025-01-01 23:07:10,-0.8852664,12.739589,-2.2986264,12.975534,0.12053501739495776,1,-1
2025-01-01 14:01:15,1.6000086,8.112784,1.7826097,8.459019,0.1205330443779503,1,-1
2025-01-01 05:24:00,1.5461838,12.353667,2.071199,12.621159,0.12053200577961952,1,-1
2025-01-01 05:15:00,-3.0188904,8.658558,2.398509,9.478248,0.12050638256190452,1,-1
2025-01-02 23:51:30,-3.6192524,7.775625,1.2307475,8.66453,0.12050459606834124,1,-1
2025-01-03 11:45:05,-0.16801436,6.7263637,1.2460622,6.8428698,0.12047743352428034,1,-1
2025-01-03 01:44:40,2.7848861,13.376359,1.3796276,13.732659,0.12047420355126695,1,-1
2025-01-02 20:02:15,1.9845712,8.070921,2.0870247,8.569362,0.12046488812557685,1,-1
2025-01-01 07:25:10,-3.4598773,12.816951,-2.2231317,13.460583,0.12045559205458094,1,-1
2025-01-01 04:16:55,3.9367995,6.296917,-3.7518888,8.32023,0.1204441174111399,1,-1
2025-01-01 21:43:45,-3.4801803,8.232917,1.203856,9.018971,0.1204131938714201,1,-1
2025-01-03 17:02:55,-3.879475,9.445502,1.7693768,10.363326,0.12040465019304254,1,-1
2025-01-01 22:42:15,-3.4013276,8.916959,-1.2472901,9.624807,0.12039076982841995,1,-1
2025-01-01 23:18:05,-1.1974143,12.151198,-0.086566135,12.2103615,0.12037573181562529,1,-1
2025-01-01 02:21:20,-1.7083287,7.541319,-2.9597077,8.279478,0.12037157524496817,1,-1
2025-01-01 09:55:30,-0.29743317,6.2403245,1.0475225,6.334621,0.12036634900371188,1,-1
2025-01-01 20:48:45,0.33324468,12.979045,-0.22048217,12.985194,0.12036633415499262,1,-1
2025-01-01 17:33:45,-2.1506824,8.530903,-3.687564,9.539385,0.12033880664456571,1,-1
2025-01-02 17:41:55,3.2451575,9.649016,-3.2650006,10.690874,0.12033394728971308,1,-1
2025-01-03 13:49:45,3.100451,8.154351,2.1311264,8.98042,0.12030612390681683,1,-1
2025-01-02 08:23:00,-2.1826863,6.7066884,0.63193935,7.0811815,0.12029600092643071,1,-1
2025-01-03 20:22:25,-2.3596237,8.164876,-2.500851,8.859304,0.12029564185924961,1,-1
2025-01-02 02:44:10,2.9864805,11.076417,1.3482258,11.550922,0.12028739528049348,1,-1
2025-01-02 14:44:50,-3.9827812,7.0683527,-1.4799341,8.247083,0.12027374712207321,1,-1
2025-01-01 09:30:20,0.35828125,10.723403,2.1964583,10.951902,0.12024203753744288,1,-1
2025-01-02 00:11:05,3.5001514,11.929023,-0.52391446,12.442955,0.12023879075599574,1,-1
2025-01-03 02:08:20,-1.4952617,12.838476,-0.04936325,12.925352,0.12023683668930983,1,-1
2025-01-02 04:18:25,3.2505758,6.125947,-3.0465522,7.574625,0.12023495746665794,1,-1
2025-01-01 19:57:30,-3.5194952,11.536863,-0.24197784,12.064187,0.1202048515594259,1,-1
2025-01-02 10:36:25,2.4487362,10.290146,-2.2236967,10.808711,0.1201948266329647,1,-1
2025-01-03 03:44:45,-1.0211943,12.361104,-1.0376542,12.446544,0.12019300379083687,1,-1
2025-01-02 06:39:40,-2.377487,11.531745,0.51696855,11.785621,0.12018887371908546,1,-1
2025-01-01 19:39:10,-2.024071,12.017154,2.1221228,12.369812,0.12018297597521478,1,-1
2025-01-03 15:28:55,-0.5921954,8.943616,2.2937553,9.252042,0.12014877906237466,1,-1
2025-01-01 06:14:50,0.09335594,8.368122,-3.5291874,9.082364,0.12014400868897805,1,-1
2025-01-01 13:10:30,2.9451673,5.563881,-1.0884043,6.3886933,0.12014242905236455,1,-1
2025-01-02 12:15:30,-3.6845424,11.663785,1.7837487,12.36129,0.12012780938811507,1,-1
2025-01-01 19:42:45,-3.7011561,8.306584,0.6237464,9.115205,0.1201178612691804,1,-1
2025-01-03 19:27:45,-2.529449,9.518525,-1.9484985,10.039775,0.12009165167922775,1,-1
2025-01-03 16:18:40,3.312376,11.075898,-2.9728844,11.936725,0.12008228498486301,1,-1
2025-01-03 08:46:30,2.946784,10.44372,-2.5915813,11.156662,0.1200615599821362,1,-1
2025-01-02 21:00:25,2.845638,7.8760514,-1.7415898,8.553535,0.12004778897291167,1,-1
2025-01-03 02:28:15,-2.5062191,11.548058,-2.965911,12.183407,0.12004763089424633,1,-1
2025-01-03 01:12:55,2.7527719,10.07637,2.427022,10.723871,0.1200445577680956,1,-1
2025-01-01 04:48:50,1.0530562,9.252919,-2.7042894,9.697351,0.12003753914634768,1,-1
2025-01-01 21:01:25,-2.0684266,5.5217175,-2.9764025,6.605053,0.12003219723902432,1,-1
2025-01-03 19:27:25,2.3690734,9.597888,1.3899715,9.983185,0.1200195145637105,1,-1
2025-01-02 03:13:40,3.7871025,7.242268,-3.2724752,8.803504,0.1200180318568161,1,-1
2025-01-01 13:54:30,3.590569,7.378027,0.89110625,8.253577,0.11999772074696617,1,-1
2025-01-01 19:13:15,1.8464057,7.4488454,1.2701432,7.778674,0.11998891228342898,1,-1
2025-01-02 13:52:25,-0.0154409865,6.8650436,-1.1025558,6.953035,0.1199817842105589,1,-1
2025-01-03 09:06:35,2.8181946,5.481836,0.12415747,6.165076,0.11997761238312526,1,-1
2025-01-02 21:29:25,-2.1841886,5.7046943,1.3949502,6.265788,0.11997338278006336,1,-1
2025-01-01 11:26:50,2.6136181,7.8940973,-2.252895,8.615295,0.1199661865215793,1,-1
2025-01-01 09:25:55,-3.0953586,7.864445,-0.058818612,8.451876,0.11996179732311794,1,-1
2025-01-02 13:35:10,-2.3773708,6.822116,-2.1643507,7.541722,0.11995875461523992,1,-1
2025-01-03 00:57:20,3.9163206,11.423302,-3.3796775,12.540001,0.11993533925106957,1,-1
2025-01-03 08:54:45,3.1307483,9.729118,1.6138747,10.347073,0.11991739277630714,1,-1
2025-01-03 04:20:50,1.0452727,11.23071,1.9710528,11.450174,0.11991244377987144,1,-1
2025-01-02 16:44:40,-0.14315899,10.90058,-1.5216036,11.007198,0.11991201971230156,1,-1
2025-01-02 07:14:55,2.383172,10.608899,0.18260148,10.874815,0.11988535952073051,1,-1
2025-01-01 11:07:35,-1.2066125,6.065349,-0.52453494,6.2064085,0.11988414538245247,1,-1
2025-01-02 21:06:50,1.6636136,6.010255,-1.9467564,6.5330415,0.11984529937017108,1,-1
2025-01-01 15:32:25,-3.6630225,7.162451,-2.0854204,8.31068,0.1198446168930569,1,-1
2025-01-01 00:09:40,-3.262457,5.5094767,-0.94913256,6.472929,0.11984147199000525,1,-1
2025-01-02 11:09:15,2.8201253,8.13937,-0.65193737,8.63872,0.11984090315490536,1,-1
2025-01-03 12:47:05,3.6202865,13.033904,1.8109306,13.6480255,0.11983971550592888,1,-1
2025-01-01 13:05:50,-1.745049,8.709101,1.7342725,9.049935,0.11983611048687955,1,-1
2025-01-03 01:06:35,0.31258526,6.8407655,1.0216914,6.9237013,0.11983250332394103,1,-1
2025-01-03 04:40:55,-1.0837761,6.437903,1.4764344,6.693357,0.11982005760817034,1,-1
2025-01-03 15:09:50,-3.0962434,10.904992,1.4334747,11.426305,0.11980127859522176,1,-1
2025-01-01 06:17:45,-3.4355898,13.005637,-2.273037,13.642455,0.11978623255810213,1,-1
2025-01-03 05:50:10,2.6631472,10.42232,-3.374023,11.273914,0.11978536451260353,1,-1
2025-01-01 20:18:40,-1.0022128,11.022752,0.9188864,11.1062975,0.11978260119401182,1,-1
2025-01-01 12:06:00,-2.9344356,7.8008475,-0.39058706,8.343661,0.11977861235008225,1,-1
2025-01-03 07:48:55,-4.09284,6.7387166,1.4863422,8.023145,0.11976763094816692,1,-1
2025-01-02 14:06:00,-1.8675376,11.408226,2.0561092,11.741504,0.11976469366385586,1,-1
2025-01-03 02:03:15,-2.5424333,9.597309,1.8994259,10.108418,0.11976221892698817,1,-1
2025-01-01 00:08:05,-3.8786838,10.813903,-1.8280103,11.632983,0.11975597707440619,1,-1
2025-01-02 06:39:20,-0.254157,6.620528,-1.3998221,6.7716684,0.11971943831406208,1,-1
2025-01-01 03:17:15,1.5633163,9.454546,1.5689776,9.710514,0.1197190329008502,1,-1
2025-01-01 03:41:40,-3.3413794,8.515707,-3.6892354,9.863698,0.1196847839360968,1,-1
2025-01-03 00:05:05,-0.9736388,13.355315,2.4977908,13.621724,0.11966739806134293,1,-1
2025-01-01 21:15:05,1.0355093,6.086031,2.3043354,6.589538,0.11966557342007894,1,-1
2025-01-02 17:22:25,3.0754426,13.425553,0.9078138,13.803186,0.11966193122680231,1,-1
2025-01-03 17:31:00,-3.2893925,9.68591,2.078626,10.438278,0.11964884718538926,1,-1
2025-01-03 09:49:35,-2.0679574,12.180768,1.1914138,12.412374,0.11963657231096445,1,-1
2025-01-02 04:03:00,-3.5394716,9.283344,1.0510375,9.990647,0.11963417374450794,1,-1
2025-01-01 11:35:35,2.5105898,7.275678,-1.6578375,7.873181,0.11962395423514167,1,-1
2025-01-02 04:27:40,-2.4373393,9.029093,2.4370344,9.664588,0.11962159163809483,1,-1
2025-01-01 15:49:25,2.1113532,10.350183,1.8826388,10.729791,0.11961954488605372,1,-1
2025-01-02 09:44:00,-0.2865385,10.353588,-3.1817567,10.835242,0.11960488542306487,1,-1
2025-01-02 15:33:55,-0.20991525,7.5083466,-1.9999613,7.7729774,0.11960286704091447,1,-1
2025-01-03 11:13:05,-0.8446474,6.021207,-1.4828992,6.2583823,0.1196019511764839,1,-1
2025-01-01 04:58:40,0.49079952,14.04643,2.0526233,14.204096,0.11958909237448598,1,-1
2025-01-03 08:53:10,-2.3282576,7.773443,-2.7257347,8.560188,0.11958792727303201,1,-1
2025-01-02 17:09:00,3.4677193,11.887741,-2.500263,12.633082,0.11958015534050868,1,-1
2025-01-01 09:57:10,0.48236313,12.27805,-2.1807494,12.479538,0.1195658357698843,1,-1
2025-01-01 00:45:30,3.8790808,6.1652155,-2.2682343,7.629026,0.11955304761798864,1,-1
2025-01-01 12:06:35,0.43137884,8.766139,2.018058,9.005767,0.11954824074508416,1,-1
2025-01-02 11:13:50,-1.1343251,11.918805,-2.614474,12.254799,0.11954111366895831,1,-1
2025-01-02 18:48:05,-2.0574882,12.482006,-2.2810812,12.854458,0.11953877605140782,1,-1
2025-01-02 04:03:40,3.0931237,12.234799,-0.88514084,12.65074,0.11953282314408169,1,-1
2025-01-02 12:28:15,-2.1596406,12.178173,1.1812521,12.424463,0.11952248639077302,1,-1
2025-01-01 10:19:50,-1.0619162,11.065635,-2.8775144,11.482858,0.11951862673585319,1,-1
2025-01-03 01:37:35,-2.5312707,13.598421,1.8495592,13.955115,0.11949791443927149,1,-1
2025-01-01 17:26:10,3.8995922,8.140228,-3.4658442,9.66862,0.11949526260154084,1,-1
2025-01-02 23:45:10,1.1877991,12.323677,-2.669622,12.665338,0.11949489995040265,1,-1
2025-01-01 14:04:40,1.5888131,6.6499367,-0.020378575,6.837134,0.11949293648250721,1,-1
2025-01-02 21:47:15,1.0122174,13.809744,-3.196394,14.210931,0.11948191664676665,1,-1
2025-01-01 03:00:15,3.280048,6.6210794,-3.189226,8.047893,0.11946066742195842,1,-1
2025-01-03 08:06:25,0.9639803,12.759852,2.2408986,12.990947,0.11945563722093694,1,-1
2025-01-02 20:30:20,0.40296468,11.299404,1.2909352,11.380045,0.11944588134130313,1,-1
2025-01-03 07:27:05,-3.300013,6.143854,-0.7214266,7.0112405,0.11944391141541179,1,-1
2025-01-01 10:45:50,-2.6971064,8.122445,-0.6641192,8.584262,0.11943309520823285,1,-1
2025-01-03 00:29:45,0.06960824,6.6169686,0.9166062,6.680516,0.1193950377463194,1,-1
2025-01-01 08:02:25,0.8645556,12.97007,0.6788517,13.016567,0.11939246647261806,1,-1
2025-01-03 14:13:55,-2.3916879,5.818561,1.6366218,6.5003347,0.11939096834255497,1,-1
2025-01-02 18:16:40,-0.69906205,9.553108,1.3834798,9.678046,0.11938749771100049,1,-1
2025-01-03 05:19:05,1.327327,8.60861,1.4703783,8.8335705,0.11938413293305894,1,-1
2025-01-03 20:33:15,0.31310704,12.024587,-2.455189,12.276672,0.11937565893828941,1,-1
2025-01-01 03:16:45,3.0769978,7.2440443,1.651732,8.041909,0.1193743155704541,1,-1
2025-01-01 00:50:05,-2.4151719,13.818102,1.8204786,14.145216,0.1193719795454092,1,-1
2025-01-02 17:36:55,-3.083008,9.139165,0.99725497,9.696587,0.1193626873559772,1,-1
2025-01-03 05:46:15,1.9195925,13.780438,-2.4435468,14.126437,0.11935668031732577,1,-1
2025-01-03 14:28:55,-2.8007028,10.866876,1.1719437,11.283012,0.11934551717095636,1,-1
2025-01-01 05:28:40,2.9187093,10.493467,-0.82335085,10.9228945,0.11934271379529472,1,-1
2025-01-02 16:03:55,-2.6783519,12.121092,-1.9250058,12.561851,0.11932875122412862,1,-1
2025-01-02 11:27:50,2.9131508,11.949091,0.78314775,12.323983,0.11931876749713684,1,-1
2025-01-01 07:11:40,-3.2366197,7.915285,-0.056253128,8.551643,0.11931734318715402,1,-1
2025-01-03 08:21:45,-2.3863163,12.28474,-1.8198553,12.645996,0.11930416185755745,1,-1
2025-01-01 15:05:25,-1.5647824,12.251355,0.25731006,12.35356,0.11930217069191826,1,-1
2025-01-01 14:52:00,1.7935041,10.05694,-0.59435505,10.232886,0.11926709438269008,1,-1
2025-01-03 12:34:35,-3.3511333,6.8850894,-1.979262,7.908984,0.11926039394803682,1,-1
2025-01-01 07:47:00,3.1393898,7.44958,1.5227977,8.226234,0.11925485050481698,1,-1
2025-01-01 13:41:55,1.067204,7.538172,-3.433834,8.351896,0.11924912313839445,1,-1
2025-01-01 17:28:40,2.0365524,12.980179,-1.0869415,13.183855,0.11923099453975049,1,-1
2025-01-01 20:27:20,2.013726,13.392871,0.3170189,13.547125,0.11922352619730024,1,-1
2025-01-03 16:20:40,-1.9282478,8.424417,-3.282837,9.24478,0.11918976480634265,1,-1
2025-01-02 12:33:10,1.5659009,9.4851055,-3.2650702,10.15283,0.1191871473923548,1,-1
2025-01-01 03:57:45,-3.6616125,11.467368,0.4789483,12.047296,0.1191645698507104,1,-1
2025-01-03 17:13:05,1.6469444,11.62314,1.9170637,11.894746,0.11916429500614648,1,-1
2025-01-02 20:04:45,3.2992618,13.172933,0.05680446,13.57993,0.11913801126698025,1,-1
2025-01-02 01:08:50,0.9060678,10.534839,-3.0676632,11.009739,0.11913545256600878,1,-1
2025-01-01 09:45:25,-3.074108,9.071153,1.9122987,9.766926,0.11912846130513244,1,-1
2025-01-02 15:56:10,1.9946073,11.034758,-3.320738,11.694941,0.11910622580105623,1,-1
2025-01-03 05:25:00,3.0470603,13.021729,0.21608235,13.375228,0.1191025549971833,1,-1
2025-01-01 04:01:30,3.133428,8.531807,0.7295148,9.118239,0.11908150586932084,1,-1
2025-01-02 04:04:30,-2.6029015,13.3049555,2.3573587,13.760599,0.11904154479789833,1,-1
2025-01-01 22:46:10,-0.39811137,13.210319,-1.3795434,13.28812,0.11903975618272285,1,-1
2025-01-01 16:15:45,-3.05648,13.314586,-3.745199,14.164985,0.11901473236681602,1,-1
2025-01-02 19:07:35,-0.43237898,13.314714,1.1230884,13.36899,0.11900552755502623,1,-1
2025-01-01 06:43:00,-0.79395336,12.616605,2.1294549,12.819658,0.11900324517576887,1,-1
2025-01-01 10:34:25,-2.608741,10.1600685,-3.3646545,11.016052,0.11899512838353409,1,-1
2025-01-03 02:23:15,2.8420916,11.613961,-3.5566454,12.474425,0.11898361585793045,1,-1
2025-01-01 00:56:35,-2.8164518,10.466471,-1.037383,10.888323,0.11897996462176746,1,-1
2025-01-02 02:58:35,-1.5847178,8.362295,-2.668352,8.919608,0.11897432684200102,1,-1
2025-01-03 16:23:25,-0.19489494,7.253592,1.3250221,7.376196,0.11896056639417,1,-1
2025-01-01 23:15:25,-1.4547421,6.3502955,2.2302353,6.8859625,0.11894910730092022,1,-1
2025-01-01 22:51:10,-3.279085,5.6110854,-1.8261453,6.7506657,0.11894033333867231,1,-1
2025-01-01 11:33:05,-2.5276508,9.635857,2.466935,10.2627735,0.11891498023323256,1,-1
2025-01-03 11:24:05,-2.8261821,12.230966,0.30523348,12.556951,0.1189146425429108,1,-1
2025-01-01 12:54:55,-2.7351124,7.4383264,2.4058135,8.282359,0.11889966634380246,1,-1
2025-01-03 15:24:55,-3.36216,6.5527782,-1.0214472,7.435481,0.11888996825172933,1,-1
2025-01-01 19:42:10,1.2028679,10.494568,2.1467643,10.779214,0.11888385348007628,1,-1
2025-01-03 19:36:45,-1.2400839,8.506325,-2.0218658,8.830816,0.11886935339768279,1,-1
2025-01-03 19:57:10,2.926222,5.23638,0.27713752,6.004936,0.11886188437721497,1,-1
2025-01-02 03:00:20,-0.53792375,12.859645,0.50470304,12.880783,0.11883714468956773,1,-1
2025-01-02 13:56:05,-3.820076,6.155357,0.28589624,7.250044,0.11879269978129973,1,-1
2025-01-01 10:26:00,-3.2692945,13.695377,-1.9589003,14.215799,0.11875841393243101,1,-1
2025-01-02 07:33:40,-2.0407493,11.743833,1.2756155,11.987888,0.11873396738813038,1,-1
2025-01-03 09:47:00,1.9934072,10.128105,2.4410295,10.607111,0.11873176138977816,1,-1
2025-01-03 10:35:40,-3.4378479,10.84855,-2.308108,11.611941,0.11873134995497485,1,-1
2025-01-02 22:32:20,3.6187382,7.1402574,-2.1021364,8.276323,0.11873098619496043,1,-1
2025-01-02 00:15:30,-2.0351024,13.119289,1.2330528,13.333335,0.11872759405802157,1,-1
2025-01-01 21:38:35,0.02538214,7.9369373,-2.9263122,8.45925,0.11872759384530623,1,-1
2025-01-03 04:14:00,-2.5524106,9.97073,-1.6848873,10.429242,0.11871565361186841,1,-1
2025-01-01 04:36:05,2.428449,8.738142,2.0394063,9.295788,0.11868735730728988,1,-1
2025-01-02 17:09:45,3.8633497,8.299799,1.5551808,9.28605,0.11867759280948438,1,-1
2025-01-03 01:13:05,3.2962983,13.200475,-1.3099885,13.66873,0.11866244832149804,1,-1
2025-01-01 04:21:05,-0.8302306,10.907127,1.9945132,11.119029,0.1186589335221185,1,-1
2025-01-02 04:14:35,1.8147923,5.98799,1.0083636,6.337688,0.11865043514473221,1,-1
2025-01-03 10:13:40,2.8067653,14.010818,2.0426588,14.434452,0.11864428032056556,1,-1
2025-01-03 16:05:50,-2.0874581,11.819907,-2.9286368,12.354942,0.11863670413523365,1,-1
2025-01-02 08:20:45,2.715385,7.7184863,-0.049667977,8.182347,0.11863018795013648,1,-1
2025-01-01 05:52:35,-2.4522169,9.798183,2.390036,10.379309,0.11862752788177187,1,-1
2025-01-03 07:59:50,1.5265247,6.8291245,-0.19291334,7.0003166,0.11859143637250222,1,-1
2025-01-01 08:16:30,0.7432716,12.4777355,-0.19532742,12.501379,0.11857494584339578,1,-1
2025-01-01 23:43:05,-0.8625072,6.8644247,-0.19109848,6.9210377,0.11855165986088383,1,-1
2025-01-03 16:47:15,-0.40991715,6.2267594,-3.317599,7.0673213,0.11854477564767349,1,-1
2025-01-01 09:35:30,2.329465,8.331507,2.1239762,8.907956,0.11853351521922312,1,-1
2025-01-03 11:29:20,-3.7980754,12.422643,-2.829086,13.29478,0.11852276907788932,1,-1
2025-01-01 13:55:40,-0.30759522,10.787709,-0.7705546,10.819568,0.11851959201809219,1,-1
2025-01-02 21:53:45,3.4480789,10.117773,0.55866843,10.70377,0.11850591437643766,1,-1
2025-01-03 04:11:10,1.458888,10.839379,-2.938744,11.325048,0.1185007158303251,1,-1
2025-01-03 18:11:30,2.5268502,11.866287,-3.2046273,12.548442,0.11848772049341415,1,-1
2025-01-02 13:48:20,3.2742348,9.148154,1.557774,9.8405285,0.1184837548858262,1,-1
2025-01-02 07:49:15,-1.70317,7.5257664,1.6332257,7.887038,0.11848335419428208,1,-1
2025-01-01 03:34:50,-2.7321115,12.894045,-3.51501,13.640972,0.11846821104736925,1,-1
2025-01-01 09:28:10,-3.0497572,6.0873733,-1.8109227,7.045323,0.11846176694591579,1,-1
2025-01-01 12:06:10,1.1079942,10.572107,-2.68601,10.964112,0.11846058799983437,1,-1
2025-01-02 06:05:25,0.7226539,10.699319,2.0014703,10.9088745,0.11841725242812481,1,-1
2025-01-01 11:24:50,-2.0822573,12.291881,1.415035,12.5470495,0.11840587423052132,1,-1
2025-01-02 11:58:05,1.5250257,8.591522,-3.3326325,9.340578,0.11839178894148304,1,-1
2025-01-03 02:24:55,3.9511945,10.833655,1.4230283,11.619166,0.11838837464509139,1,-1
2025-01-03 04:31:10,-3.5067816,8.782772,-0.43877175,9.46716,0.11838651639655935,1,-1
2025-01-02 23:48:45,-0.2527977,6.336985,-0.8832825,6.4032397,0.11835885420582723,1,-1
2025-01-01 00:34:25,0.92705095,6.9255395,0.12231966,6.988382,0.11833675459519247,1,-1
2025-01-02 00:02:25,-1.0754837,10.553616,-2.6544373,10.935332,0.11832960945790147,1,-1
2025-01-03 01:36:40,1.9727048,12.351394,0.8954675,12.53995,0.11830606118675467,1,-1
2025-01-02 13:59:20,3.4501522,6.5496006,1.7328221,7.6028605,0.11830141464948159,1,-1
2025-01-02 11:47:15,3.9700954,5.258967,-1.1123265,6.682489,0.11830098876944756,1,-1
2025-01-02 00:07:20,3.9311888,5.2671685,-0.026968056,6.5725217,0.1183004306507416,1,-1
2025-01-02 15:35:00,-2.1247277,6.085675,1.1693407,6.551127,0.1182945602178183,1,-1
2025-01-02 05:16:00,0.9487862,13.345833,1.7309012,13.4910145,0.11826839493043209,1,-1
2025-01-01 21:07:40,-0.24427299,5.268576,2.4549298,5.8175807,0.11826412138000769,1,-1
2025-01-03 01:39:30,-4.0829725,13.43125,-0.94656295,14.070007,0.11824231476718944,1,-1
2025-01-02 03:51:10,1.5398334,11.512866,-2.6704388,11.9184065,0.11822820224842016,1,-1
2025-01-03 06:00:55,0.72366965,5.4009376,-1.1358627,5.566328,0.11822766340502192,1,-1
2025-01-02 09:31:35,-0.006991015,6.9684014,-2.5347843,7.4151063,0.11822087754497766,1,-1
2025-01-03 07:42:35,3.8749325,9.580799,1.9014353,10.5082,0.11821425041920852,1,-1
2025-01-03 05:31:20,-3.2761612,13.460373,0.020237297,13.853349,0.11820816205195038,1,-1
2025-01-01 10:55:10,-3.4690294,10.0261,-0.32245505,10.614181,0.11819277889915186,1,-1
2025-01-01 00:02:50,1.603223,5.4097633,-2.1695843,6.0450773,0.11817112904318576,1,-1
2025-01-02 10:18:55,-4.105949,8.412625,-0.8200211,9.396995,0.11816525279199107,1,-1
2025-01-02 02:45:15,-2.9009485,7.8014617,1.8064172,8.517127,0.11815611790526126,1,-1
2025-01-02 05:38:50,-1.5227146,13.206688,-0.7926882,13.317794,0.11813071990830329,1,-1
2025-01-03 08:58:25,3.7338026,7.5793595,-0.96699834,8.504296,0.11812413535574791,1,-1
2025-01-03 10:42:10,3.7402976,8.024788,2.0201046,9.0811825,0.11811918928314101,1,-1
2025-01-03 11:05:05,-2.6004894,10.160033,-0.4552131,10.49743,0.11811848066279984,1,-1
2025-01-01 18:52:30,-0.8508304,12.189935,-1.089356,12.268052,0.11811732958334449,1,-1
2025-01-01 20:09:15,0.73556906,12.389694,1.6249094,12.517425,0.11807442024162408,1,-1
2025-01-02 13:04:50,1.9352214,10.120759,-0.77839655,10.333477,0.11807369845432368,1,-1
2025-01-02 23:47:25,-3.7821891,10.010829,-0.36157003,10.707585,0.11807086914498617,1,-1
2025-01-02 15:07:10,3.0090413,7.455669,-0.94000244,8.094748,0.11805464385253805,1,-1
2025-01-03 14:55:20,-0.6455005,10.383639,-3.4539828,10.962054,0.11805328052890139,1,-1
2025-01-01 13:06:25,2.6434379,5.6554627,1.8036213,6.498082,0.11805084831431842,1,-1
2025-01-03 06:06:10,1.0074433,8.697413,1.6204063,8.904249,0.11804682532700003,1,-1
2025-01-02 10:57:40,-2.7746832,9.711231,-1.7022169,10.242286,0.118046151338789,1,-1
2025-01-01 16:11:35,-3.2915168,13.662677,-1.9419132,14.187101,0.11804315079350647,1,-1
2025-01-02 04:52:40,2.3816552,7.6905184,-1.4436395,8.17927,0.11804193533094515,1,-1
2025-01-01 07:54:55,3.7249477,5.259525,1.3451341,6.583861,0.11799993118061655,1,-1
2025-01-01 22:08:35,-0.07544278,12.67924,-3.1091936,13.055111,0.11799894754946748,1,-1
2025-01-03 17:50:00,3.9694529,12.194548,-0.22252889,12.826264,0.1179920371551174,1,-1
2025-01-03 14:22:50,-1.8305581,5.2503133,-1.3060915,5.7116203,0.11797996729283886,1,-1
2025-01-01 10:18:35,-0.8329985,12.422899,-3.1197553,12.8357,0.11796126764313156,1,-1
2025-01-03 07:05:40,-4.157729,5.2417607,-2.4517643,7.1255813,0.11795453058027204,1,-1
2025-01-01 02:04:30,-3.8348005,11.612134,-0.42470235,12.236328,0.11793043856933613,1,-1
2025-01-02 23:52:15,2.5859663,9.838537,0.83942413,10.207285,0.11792541873222992,1,-1
2025-01-03 18:33:55,-0.8742985,9.41067,-3.0954223,9.945188,0.1179179585684175,1,-1
2025-01-03 00:30:15,1.6214683,5.8883376,2.469083,6.5877194,0.11791294600021232,1,-1
2025-01-01 04:52:00,-2.4930453,9.593267,1.6567352,10.049419,0.11790047109454094,1,-1
2025-01-03 00:45:45,1.2587981,6.333349,-0.6057099,6.485582,0.11788223033047812,1,-1
2025-01-01 17:12:45,1.3442191,13.598903,2.4921923,13.890576,0.11785539618829127,1,-1
2025-01-03 15:35:10,2.9248655,6.375775,-3.5922036,7.880944,0.11782204317842503,1,-1
2025-01-01 13:56:50,-1.3769588,12.154928,1.5117817,12.325736,0.11781685026607432,1,-1
2025-01-02 02:05:00,-1.8972538,12.102075,-0.6906869,12.269345,0.11781257575278783,1,-1
2025-01-02 00:18:30,3.3598387,9.911488,0.2591776,10.46868,0.1178042136761808,1,-1
2025-01-01 02:49:15,2.0045686,13.725535,0.7939119,13.893845,0.11780004235826924,1,-1
2025-01-03 12:01:10,2.598092,8.170049,-0.459526,8.585507,0.11777975023962474,1,-1
2025-01-03 11:36:50,2.6530359,13.548856,-0.7420071,13.826086,0.11777401591534228,1,-1
2025-01-01 10:45:40,-3.4939904,11.559763,-0.8048197,12.103049,0.11776914647940194,1,-1
2025-01-03 10:39:50,-0.8681357,12.314232,0.8747298,12.375747,0.11775463463624893,1,-1
2025-01-01 04:41:50,-0.2075112,11.72047,2.348157,11.95518,0.11775404832400041,1,-1
2025-01-02 05:33:55,-3.8344162,6.309635,1.3465271,7.505157,0.11774625605394548,1,-1
2025-01-02 12:28:00,-2.067191,5.860013,-0.5438092,6.2376885,0.1177282761991194,1,-1
2025-01-01 07:07:45,-3.344031,13.92572,-1.935449,14.451788,0.11771502156130766,1,-1
2025-01-02 16:50:25,-2.9959152,5.8246098,-0.10223235,6.5507283,0.11770467444824548,1,-1
2025-01-01 23:15:15,-2.3279912,13.661176,0.7801284,13.880053,0.11770259336216383,1,-1
2025-01-01 20:48:15,-0.08964194,13.885272,1.7216741,13.99189,0.11769908883775834,1,-1
2025-01-01 14:53:45,0.91328335,6.0657153,-2.1230223,6.4910874,0.11769577711084263,1,-1
2025-01-01 22:48:40,-1.6133248,7.7313437,1.4356315,8.027299,0.11768604933788637,1,-1
2025-01-02 16:35:45,3.7678018,8.584052,-0.065010056,9.374781,0.11767348604335433,1,-1
2025-01-02 09:32:25,3.2738214,9.815284,1.3180652,10.430484,0.1176733546703471,1,-1
2025-01-03 00:42:40,3.666591,10.905123,-3.7735453,12.108065,0.11766932035402386,1,-1
2025-01-03 14:14:35,-0.7230061,12.1758995,1.4203098,12.279761,0.11765082898214121,1,-1
2025-01-03 09:56:35,-0.98782057,9.306608,-2.379262,9.656585,0.11764094957667294,1,-1
2025-01-03 06:36:50,3.8835266,5.24934,1.3940753,6.676885,0.1176377561230122,1,-1
2025-01-02 13:33:15,-3.5869215,6.7253594,0.14119036,7.6234117,0.117637603460617,1,-1
2025-01-01 08:32:45,1.3452816,7.994377,2.3608544,8.443546,0.11763455192928639,1,-1
2025-01-01 12:10:45,-3.2053986,9.53613,-0.094137646,10.060876,0.11763010970940459,1,-1
2025-01-02 03:46:50,-1.3014599,11.139407,-2.7743196,11.553226,0.11761601475591177,1,-1
2025-01-02 17:16:05,2.4489536,6.383998,0.92406225,6.8997602,0.11757519287169281,1,-1
2025-01-01 06:15:45,-0.9993425,6.570229,-1.2083898,6.754761,0.11753562192178539,1,-1
2025-01-02 14:53:00,-2.6457455,13.36426,-1.5955648,13.71675,0.11753504340615532,1,-1
2025-01-02 05:03:05,-3.6141407,8.95376,2.0730295,9.875691,0.11752797393153006,1,-1
2025-01-01 18:56:30,-3.0421064,6.862693,0.5195677,7.5246873,0.11752775928034283,1,-1
2025-01-01 15:50:35,0.21330546,5.8644257,-2.970238,6.5771804,0.11748521073386486,1,-1
2025-01-03 11:30:25,1.0878109,9.096482,2.3859704,9.466899,0.11747458596873074,1,-1
2025-01-02 23:24:40,-2.7313702,9.448905,1.5309577,9.954196,0.11745499991920674,1,-1
2025-01-01 05:06:15,-2.1078272,6.4498677,-2.3180866,7.1705823,0.11745449012916379,1,-1
2025-01-03 18:45:30,-0.35626596,9.926956,1.6655799,10.072018,0.11745031424045731,1,-1
2025-01-01 11:14:00,-0.39173722,11.234073,-3.1361928,11.670199,0.11743630383655285,1,-1
2025-01-01 22:42:30,1.5335588,5.5682487,1.5903926,5.990538,0.11743228935551539,1,-1
2025-01-03 05:10:05,-2.4834678,9.425536,-1.4301702,9.851585,0.11740720937347998,1,-1
2025-01-02 13:57:40,-2.740639,6.9482923,-0.4372423,7.4820485,0.11739950073998418,1,-1
2025-01-02 16:33:05,0.036405083,6.082211,0.20765032,6.085863,0.11738938146619336,1,-1
2025-01-03 00:36:55,-0.38420677,11.902465,-2.8158567,12.237047,0.11736688609909415,1,-1
2025-01-02 10:24:00,-2.1438768,8.347809,-3.666755,9.366281,0.11735898144399586,1,-1
2025-01-01 09:45:15,2.2094414,12.950878,-2.0827277,13.302054,0.11735144217599883,1,-1
2025-01-03 10:09:25,1.1693522,9.053038,-2.9989846,9.608267,0.11734039269955983,1,-1
2025-01-03 03:52:05,0.0997058,6.845768,1.1478264,6.9420447,0.1173289094715871,1,-1
2025-01-01 04:04:15,3.6387787,6.187759,1.0819736,7.2594585,0.11732463736965555,1,-1
2025-01-02 17:25:30,-2.87337,11.909305,-1.6344788,12.359584,0.11731634636755099,1,-1
2025-01-02 03:57:50,-0.5176472,7.13283,-2.770414,7.669447,0.1173018048440786,1,-1
2025-01-02 14:31:35,-3.2011077,13.314068,-0.36953944,13.698469,0.1173009156189246,1,-1
2025-01-01 09:07:00,-2.8815143,8.180012,0.4565821,8.68471,0.11729369497995748,1,-1
2025-01-01 05:34:20,0.8698496,7.7723756,1.09339,7.896959,0.11728979080142246,1,-1
2025-01-01 11:47:50,-3.3750055,9.345769,1.3933693,10.03372,0.11728163831170531,1,-1
2025-01-03 11:55:30,0.62648875,9.855659,1.9560612,10.067406,0.11727322404750867,1,-1
2025-01-01 15:08:35,-3.3354428,13.584797,-0.6282452,14.002378,0.11727051879319587,1,-1
2025-01-01 14:28:50,3.1238027,8.16857,0.17903963,8.747327,0.11725843768432125,1,-1
2025-01-01 07:21:45,2.0258052,7.029916,1.8685218,7.550826,0.11724935648942131,1,-1
2025-01-03 12:38:45,2.2183986,13.760698,-0.95734674,13.971207,0.117241347941224,1,-1
2025-01-03 13:16:45,-0.3225475,9.081579,2.124788,9.332408,0.11723594692861623,1,-1
2025-01-02 05:29:00,2.8244417,10.1726055,-3.1075761,11.00529,0.1172115972887258,1,-1
2025-01-01 17:38:10,1.876509,10.139082,-0.81548953,10.343466,0.11720865589641877,1,-1
2025-01-03 07:04:35,2.694646,9.866728,-2.5845768,10.549572,0.1171894909149528,1,-1
2025-01-01 23:11:15,-2.5006328,10.395827,-3.2943969,11.188362,0.11718612929140443,1,-1
2025-01-02 20:47:10,-0.055634726,6.9247656,-2.1329827,7.2460394,0.11717445694145444,1,-1
2025-01-02 12:04:35,2.2816124,7.968051,-2.6097364,8.689437,0.11713399256980137,1,-1
2025-01-02 08:37:35,2.5109646,9.645877,1.0038192,10.017761,0.11712892169116679,1,-1
2025-01-03 00:31:25,2.1018965,10.681114,-1.6922469,11.016708,0.11711618171806815,1,-1
2025-01-02 22:28:40,3.6829898,6.6157155,0.25656408,7.5761423,0.11711365047858006,1,-1
2025-01-01 18:49:25,0.82560605,13.412353,-2.7498462,13.716212,0.11709079975434075,1,-1
2025-01-02 12:12:35,1.0783874,10.301243,2.0697584,10.562311,0.11707956271551957,1,-1
2025-01-02 01:48:30,-0.78046346,10.960827,-2.8471875,11.351446,0.11707528099307059,1,-1
2025-01-01 19:48:20,0.40250838,8.560533,-3.6378992,9.310158,0.11706481167085522,1,-1
2025-01-01 17:19:55,3.2675164,6.5137696,1.9771409,7.550824,0.1170470782909167,1,-1
2025-01-02 01:06:55,2.7795901,8.653261,1.480746,9.208565,0.11703578166808776,1,-1
2025-01-02 12:52:05,2.6849968,13.184942,-0.350851,13.460127,0.11701994281917619,1,-1
2025-01-01 04:03:00,3.499396,12.006895,-0.4337029,12.513968,0.11701901951289564,1,-1
2025-01-03 17:27:30,-0.7786331,13.936949,-0.30293992,13.961968,0.11701854654170332,1,-1
2025-01-03 13:17:50,1.0143297,13.264013,-2.7819726,13.590522,0.117008187236121,1,-1
2025-01-02 04:44:45,1.9062775,6.489139,2.0980635,7.0812917,0.11700287983780681,1,-1
2025-01-01 12:10:35,0.7961891,12.997366,0.7520553,13.043427,0.11698941182373934,1,-1
2025-01-01 07:49:50,-3.3949094,7.76473,-0.27201653,8.478823,0.11698647015454719,1,-1
2025-01-02 09:18:50,3.3734827,12.51899,0.7891821,12.989545,0.11697891673026031,1,-1
2025-01-02 22:59:20,2.9659371,9.257286,1.2464428,9.800395,0.11697698080366611,1,-1
2025-01-02 10:53:10,-1.3559111,12.231971,-2.4340494,12.545286,0.11694159106648203,1,-1
2025-01-03 14:39:05,-2.2494476,12.157034,-0.12294221,12.364004,0.11693835458806486,1,-1
2025-01-03 20:59:05,-2.400262,13.95586,0.4874478,14.169153,0.11692981804387298,1,-1
2025-01-02 19:27:55,-3.2511232,8.524585,1.2886258,9.21406,0.11691066989089431,1,-1
2025-01-03 16:58:00,2.3231869,7.2648387,1.3641181,7.7482834,0.1169099340712524,1,-1
2025-01-01 18:53:40,-2.074876,6.4830008,-1.3879434,6.946999,0.11690609758770142,1,-1
2025-01-03 10:40:05,-1.5163112,9.208359,-2.9354203,9.783136,0.11689712863918701,1,-1
2025-01-01 07:19:55,2.6271806,13.11015,0.84189814,13.397272,0.1168731648440113,1,-1
2025-01-02 01:49:20,2.9170144,12.126377,-2.0323014,12.636782,0.1168591881985679,1,-1
2025-01-02 23:40:15,3.0128226,11.174498,-1.9261826,11.732718,0.11684354558356132,1,-1
2025-01-01 17:57:15,2.716033,8.4934025,2.4276197,9.241649,0.11683867074629918,1,-1
2025-01-03 10:42:35,-1.0246458,6.367856,-0.24148452,6.454286,0.1168293542082978,1,-1
2025-01-03 04:34:20,-2.93642,7.806426,-0.3833044,8.349237,0.11682332289331983,1,-1
2025-01-03 11:07:50,2.988865,5.343989,-1.6441154,6.339925,0.11682125251544281,1,-1
2025-01-02 14:41:45,-3.7411075,6.2333927,1.2797079,7.3816476,0.11681515906372507,1,-1
2025-01-03 12:14:10,3.2766047,8.469671,1.7790477,9.253998,0.1168106570313047,1,-1
2025-01-03 02:06:40,0.23215893,13.01222,-0.7876814,13.038106,0.11677992448538892,1,-1
2025-01-01 06:51:25,-2.7465136,10.290663,-3.5513854,11.227351,0.11675897801029769,1,-1
2025-01-02 21:38:40,-2.5977986,6.7707324,-1.3883791,7.383696,0.11675092883627634,1,-1
2025-01-01 17:50:55,-1.3426763,8.8852005,-2.9467797,9.456906,0.11674992003765533,1,-1
2025-01-03 08:06:30,-2.684876,6.011625,-0.13185604,6.5852547,0.11674933117944283,1,-1
2025-01-03 19:21:05,3.9544554,14.0023365,-1.8422608,14.666187,0.11673013505463875,1,-1
2025-01-03 11:24:15,-2.070034,6.7831836,-3.4743445,7.8973217,0.11672640003040152,1,-1
2025-01-01 06:07:50,1.9838269,5.2953806,-0.68647575,5.696304,0.11672411698887196,1,-1
2025-01-03 09:38:45,-3.6902132,6.6574388,-2.3941176,7.9794087,0.11671614259618947,1,-1
2025-01-02 02:34:00,0.6186616,5.466514,0.69838154,5.545562,0.11670723929985938,1,-1
2025-01-03 01:51:15,0.9030204,7.3478146,-3.7685256,8.307082,0.11669634238174365,1,-1
2025-01-01 20:06:15,1.7928782,11.018338,-2.8058548,11.510474,0.11668843456758572,1,-1
2025-01-03 19:02:30,3.436126,12.472521,0.56279254,12.94942,0.11667496813546932,1,-1
2025-01-02 11:04:05,2.9399462,9.796878,1.4792788,10.33491,0.11664050287999836,1,-1
2025-01-02 07:02:20,2.6389396,12.123258,0.90843934,12.440363,0.11663153801246305,1,-1
2025-01-01 01:42:55,-0.94951206,6.3147626,-2.5017812,6.8583317,0.11661149463772977,1,-1
2025-01-03 01:31:05,-1.6182455,6.2091703,1.5663238,6.604989,0.11660131731930067,1,-1
2025-01-03 17:40:50,3.0539727,8.283415,-2.333239,9.131578,0.11658750657314207,1,-1
2025-01-02 13:20:25,-0.0945082,13.508218,0.3061703,13.512017,0.1165715568089923,1,-1
2025-01-01 19:13:05,-4.0504627,7.30358,-2.7787814,8.801713,0.11656753680675738,1,-1
2025-01-02 03:44:15,-0.80781126,6.1175904,-2.7116363,6.7402105,0.11656078075225135,1,-1
2025-01-01 11:00:10,2.5193248,8.469749,-0.32579672,8.8425,0.11655332930642365,1,-1
2025-01-03 06:52:35,-0.0105631305,12.3559065,0.12673342,12.356561,0.11655314035083966,1,-1
2025-01-02 18:59:45,-3.9152513,8.701431,0.13396788,9.542644,0.11654885815992316,1,-1
2025-01-01 02:28:00,-1.0310885,12.899007,-3.0956347,13.305281,0.11653941468923956,1,-1
2025-01-03 20:58:05,2.3948267,11.551476,-2.5722318,12.074277,0.1165375232735701,1,-1
2025-01-03 20:34:40,-2.70253,9.546607,2.1368096,10.149252,0.11652451299141708,1,-1
2025-01-02 03:57:00,-3.5785365,10.600233,1.4858557,11.286214,0.11651451305385578,1,-1
2025-01-03 19:50:15,-0.92145455,5.4210606,-2.32749,5.9711127,0.1165070087083595,1,-1
2025-01-02 17:32:45,-0.59727234,12.612036,-2.6259735,12.896353,0.11649945281684987,1,-1
2025-01-01 08:02:40,1.8134221,12.115808,-2.958789,12.603004,0.11649551646644137,1,-1
2025-01-02 12:07:30,-2.4380045,7.191507,-3.2156336,8.246328,0.11647726713936009,1,-1
2025-01-01 07:09:30,-2.4802353,9.245756,-2.082032,9.79645,0.1164734940837519,1,-1
2025-01-03 07:57:30,0.9993253,12.524595,0.58964074,12.578228,0.1164676102240736,1,-1
2025-01-02 07:07:30,-3.2419126,10.591987,-1.1398538,11.135504,0.1164501769924806,1,-1
2025-01-02 04:51:55,-0.6299822,11.015304,1.7591373,11.172662,0.11644858420610144,1,-1
2025-01-02 17:58:25,0.4918591,13.533585,-3.090425,13.890664,0.11643922666399524,1,-1
2025-01-02 15:40:55,1.0419157,12.930483,1.8172144,13.099054,0.11643823472415764,1,-1
2025-01-01 03:00:10,1.1556038,11.732853,1.475579,11.881607,0.11642772507503862,1,-1
2025-01-03 10:03:00,-3.9737096,10.417694,1.9086932,11.312021,0.11642394300606458,1,-1
2025-01-03 18:49:30,0.1291628,12.851956,-0.36705834,12.857845,0.11641519963783908,1,-1
2025-01-02 00:34:50,-3.2913482,8.1588545,1.9287335,9.006659,0.11641334987214211,1,-1
2025-01-03 13:33:30,1.3542287,13.675367,-0.5214567,13.752146,0.11637772134688822,1,-1
2025-01-01 00:20:55,-2.93452,6.7492642,-1.6809921,7.549153,0.116377000640873,1,-1
2025-01-02 05:35:15,-0.43978006,10.96796,1.5190706,11.0813875,0.11636555394366395,1,-1
2025-01-01 22:04:20,1.9578525,6.172714,-1.0668325,6.563057,0.11636343642565496,1,-1
2025-01-03 19:27:05,0.93134356,7.8213687,-3.548315,8.6389675,0.11636156361602372,1,-1
2025-01-02 14:17:45,3.397715,10.964094,2.013363,11.653731,0.11634445873235551,1,-1
2025-01-02 04:17:50,-2.6721263,8.245552,-1.6752375,8.828126,0.11632892747007789,1,-1
2025-01-01 19:25:20,-3.4498484,11.255597,-3.1647663,12.1903925,0.11632555749199132,1,-1
2025-01-02 09:02:25,0.5220321,6.295041,-0.13358971,6.318062,0.11632034336574716,1,-1
2025-01-03 09:25:05,1.4753273,6.144655,-0.42571425,6.3336096,0.1163055263197119,1,-1
2025-01-02 01:12:00,-1.3444331,12.349002,-0.24870056,12.424459,0.11630471948448419,1,-1
2025-01-02 20:03:25,1.4434243,12.017765,-3.406504,12.574356,0.11629779617314157,1,-1
2025-01-03 18:34:00,-4.028949,13.81505,-0.43211338,14.397039,0.11628835403657055,1,-1
2025-01-01 21:06:15,1.7487806,11.289215,-3.1688092,11.855208,0.11628114658902819,1,-1
2025-01-02 11:47:35,-2.4694557,10.518382,0.7994622,10.833915,0.1162683203901083,1,-1
2025-01-03 13:44:45,-3.235831,6.3163476,-1.4262362,7.2388535,0.11625827931151037,1,-1
2025-01-03 10:02:25,3.251415,9.666201,1.1746421,10.265813,0.11625503467575339,1,-1
2025-01-01 04:32:20,-1.1797602,6.0035496,1.6042211,6.325185,0.11624640225378896,1,-1
2025-01-01 15:13:55,2.8445458,6.7619505,0.8795987,7.3884444,0.11624465267134015,1,-1
2025-01-03 02:54:40,0.3404252,13.498255,-0.12819313,13.503156,0.11622458702576036,1,-1
2025-01-02 04:18:20,1.1430876,12.432429,-0.1993521,12.48646,0.11620905703390069,1,-1
2025-01-02 23:21:00,-1.2720246,13.650364,-1.0653372,13.7508335,0.11619594306687445,1,-1
2025-01-02 03:43:55,-1.2979959,9.887726,-2.9991643,10.413784,0.11617571574330102,1,-1
2025-01-01 02:13:20,-3.9705398,9.866107,-3.1714933,11.097911,0.11616150959838921,1,-1
2025-01-01 05:36:00,2.7995298,9.768339,-3.4748154,10.739281,0.11611505226802449,1,-1
2025-01-02 21:31:55,1.3095526,11.486762,1.2227693,11.625653,0.11608388833531036,1,-1
2025-01-02 04:38:40,-3.2685194,12.205395,-1.9530997,12.785519,0.11607286531653942,1,-1
2025-01-02 22:41:40,-0.2936172,12.618303,-0.53136134,12.632899,0.11607205638579887,1,-1
2025-01-01 16:34:15,-1.650414,5.85697,-0.7520806,6.131361,0.1160395761497796,1,-1
2025-01-02 15:56:30,3.2823396,13.488189,-1.7738254,13.994694,0.1160378633651206,1,-1
2025-01-02 19:55:55,-1.3980533,10.852237,-2.817663,11.298885,0.11603315179827466,1,-1
2025-01-01 01:01:20,1.8409456,5.9537506,2.4429314,6.6935897,0.11602634764826066,1,-1
2025-01-03 16:02:30,3.5188093,6.8655415,-1.0746552,7.7892594,0.11600129610082927,1,-1
2025-01-03 12:51:50,-0.29157078,13.567456,-3.1370952,13.928469,0.11599426951688462,1,-1
2025-01-02 09:17:00,-2.5860474,11.90222,-2.2155983,12.379796,0.11597323803745806,1,-1
2025-01-03 11:56:20,3.6731143,11.486797,2.0123985,12.22653,0.11595738452411132,1,-1
2025-01-01 21:22:25,-1.9453429,8.975093,-3.3577502,9.778095,0.11594724030418184,1,-1
2025-01-03 03:20:00,-2.9806972,9.379636,0.19585043,9.843804,0.11592689913521836,1,-1
2025-01-02 06:48:30,3.7868376,5.5125813,-0.8710548,6.7444367,0.11592588535635083,1,-1
2025-01-01 18:31:55,2.49973,13.155392,1.0153257,13.429217,0.11591230408636538,1,-1
2025-01-03 05:36:20,1.6766224,11.8247385,-2.5936503,12.221396,0.11588660096836202,1,-1
2025-01-02 19:55:30,2.9694545,13.409155,-0.8762362,13.761936,0.11587880896580484,1,-1
2025-01-02 04:52:50,-2.454474,13.102536,-2.0872045,13.492862,0.11587848800206138,1,-1
2025-01-01 22:47:15,0.9561336,6.573292,1.4888824,6.807285,0.11587703785359524,1,-1
2025-01-03 17:45:00,0.26358783,10.343478,-2.7264307,10.700021,0.11587591545268684,1,-1
2025-01-02 12:13:20,0.2895518,12.571248,-1.3533598,12.647202,0.11586214989618837,1,-1
2025-01-03 13:37:35,2.1728723,13.327772,-2.4941154,13.732134,0.11584314646503815,1,-1
2025-01-03 09:50:10,-4.0407286,7.1472316,1.7644188,8.397832,0.11583632719701678,1,-1
2025-01-02 06:06:05,-2.8288586,7.698884,-0.43763846,8.213817,0.11582773390466061,1,-1
2025-01-01 17:00:15,2.639748,5.9057207,0.23586051,6.4731317,0.11582565113389975,1,-1
2025-01-02 06:22:40,-1.3400689,6.3888106,-2.6496913,7.0451083,0.11582218447509433,1,-1
2025-01-03 17:18:25,3.2740736,11.153448,1.039745,11.670477,0.11581561544118033,1,-1
2025-01-01 13:03:10,2.3805978,9.419885,-2.3831356,10.00404,0.11581302722467728,1,-1
2025-01-02 23:59:30,-0.61948335,12.440564,-2.3679335,12.679058,0.11579221936110637,1,-1
2025-01-03 02:50:45,1.127679,9.265535,1.4933484,9.452613,0.1157910037334114,1,-1
2025-01-01 00:49:30,-3.070057,10.769113,-1.8588266,11.351399,0.1157870964408595,1,-1
2025-01-03 08:47:40,0.1852963,12.121727,2.1365442,12.309972,0.11578229039715363,1,-1
2025-01-01 06:48:25,3.0757623,12.768419,0.61142844,13.147878,0.11578109396339123,1,-1
2025-01-02 10:07:30,0.50479203,7.863165,1.8431883,8.092066,0.11576692627107077,1,-1
2025-01-01 04:28:05,-3.9810994,13.145596,0.021143466,13.735221,0.11575036778102542,1,-1
2025-01-02 15:12:45,-1.2666689,13.350402,0.90362394,13.440767,0.11568659102852683,1,-1
2025-01-01 21:04:05,2.4362705,10.595236,-1.3258336,10.952272,0.11568543626101772,1,-1
2025-01-02 13:10:15,-1.2342569,8.618425,1.2910929,8.801566,0.11568313133820174,1,-1
2025-01-02 01:10:05,-3.70647,7.765201,1.9060932,8.813028,0.11567673947041618,1,-1
2025-01-01 16:27:50,1.4931375,13.232678,-2.4904044,13.547523,0.11566919357165617,1,-1
2025-01-03 09:00:45,-1.1498761,7.554691,1.5167226,7.790765,0.1156574182668545,1,-1
2025-01-01 21:38:50,-1.9984478,5.5046024,-3.7633653,6.961132,0.11565612228963676,1,-1
2025-01-02 13:02:10,-1.8315771,7.0921717,0.6828719,7.356622,0.11563341169398435,1,-1
2025-01-03 06:36:10,-3.1485684,7.39088,1.398815,8.154463,0.11562940296991689,1,-1
2025-01-03 11:49:45,-3.911307,9.940238,-0.6968787,10.70478,0.11562834656437554,1,-1
2025-01-01 02:02:40,3.3164427,9.822885,2.0159192,10.561808,0.11558874285362206,1,-1
2025-01-01 21:27:40,-0.21738383,13.83847,1.9397829,13.975452,0.1155809544845331,1,-1
2025-01-02 18:21:00,-2.7000241,13.396202,-1.7365115,13.775479,0.1155790017460695,1,-1
2025-01-03 16:08:40,3.2425008,10.603635,-2.1073747,11.286802,0.11556010630191954,1,-1
2025-01-01 05:02:30,-4.138948,5.455253,0.6138187,6.875133,0.11555671440542732,1,-1
2025-01-01 03:55:05,3.3020341,13.032091,-1.7137376,13.552702,0.11555306238324081,1,-1
2025-01-03 00:32:55,-2.6563175,7.4313574,-2.3922026,8.246437,0.11554938471718093,1,-1
2025-01-02 01:51:00,-2.9389296,7.5964227,-0.29387492,8.150418,0.1155466739369593,1,-1
2025-01-03 06:27:20,0.40328977,7.8164525,-2.6443615,8.26149,0.11552680280542878,1,-1
2025-01-02 20:06:15,3.0231245,6.8466926,2.2768686,7.823082,0.11550078463589265,1,-1
2025-01-03 09:21:35,3.3065283,12.248884,0.35496214,12.692293,0.11549471372942259,1,-1
2025-01-01 08:06:00,-2.4430962,5.5835285,1.87326,6.3760185,0.11549197701438185,1,-1
2025-01-03 17:47:50,-3.9870057,11.509332,-0.0823063,12.180629,0.11548280243907554,1,-1
2025-01-02 00:06:00,2.150956,8.164564,0.6248087,8.466233,0.11548002071679953,1,-1
2025-01-01 18:20:05,-3.3440096,13.926971,0.28153658,14.325579,0.11547374998827953,1,-1
2025-01-03 02:41:10,-1.0288612,12.73996,0.89107734,12.812461,0.11546604490980675,1,-1
2025-01-02 01:30:45,3.9434125,6.2738824,-2.0456636,7.687447,0.11546041750489666,1,-1
2025-01-01 08:26:30,-3.3692343,9.589285,-2.4302669,10.45047,0.11544626663627516,1,-1
2025-01-01 09:14:05,-1.8778979,6.194978,-1.9999218,6.7752447,0.11542603931799111,1,-1
2025-01-02 14:11:40,3.520567,9.911343,-1.0713999,10.572464,0.11542579420619344,1,-1
2025-01-02 22:06:30,3.555685,7.0725384,0.9949997,7.9783278,0.11541194973875056,1,-1
2025-01-01 02:36:25,0.9986687,12.258235,0.17795911,12.300136,0.11540741412343355,1,-1
2025-01-03 17:26:30,2.2858841,13.338649,1.0811639,13.57622,0.11539962491374593,1,-1
2025-01-03 13:01:55,0.962392,6.0183744,-2.8431373,6.7253594,0.11539871746480773,1,-1
2025-01-03 20:41:55,-3.0611548,7.4747252,0.9609429,8.134224,0.11538767846295397,1,-1
2025-01-01 17:32:50,3.2279737,12.836891,0.461204,13.244557,0.11537710781542013,1,-1
2025-01-01 18:49:30,-3.2783954,12.528171,0.99957633,12.988537,0.1153768216529708,1,-1
2025-01-01 10:12:55,-3.3968372,8.600136,0.062036622,9.246874,0.11537595913289769,1,-1
2025-01-03 19:18:45,-1.6106677,12.593221,1.0649757,12.740394,0.11537373945696258,1,-1
2025-01-03 15:29:25,-3.9271052,6.1715183,-2.1462436,7.6233954,0.11536598930028641,1,-1
2025-01-03 00:53:05,-2.6742163,11.70664,1.669985,12.123766,0.11534219894981294,1,-1
2025-01-01 16:33:25,0.38850415,13.618727,1.9780393,13.767109,0.11532404503264808,1,-1
2025-01-03 15:55:55,2.624235,9.43989,-2.562118,10.127318,0.11531715877799481,1,-1
2025-01-02 10:10:10,3.9458888,14.011999,-2.712374,14.807536,0.1153132031708472,1,-1
2025-01-01 11:15:00,0.48103598,12.494228,0.24215442,12.50583,0.11527858244794806,1,-1
2025-01-03 14:33:40,1.5311533,6.422063,0.9778361,6.674091,0.11526985754671185,1,-1
2025-01-01 10:31:55,-3.6956995,13.407132,0.27897742,13.909968,0.11525978474589606,1,-1
2025-01-01 13:24:25,0.73350334,5.9075546,1.184475,6.0696135,0.11525201788358273,1,-1
2025-01-01 05:08:40,-3.1936367,11.417672,-3.479854,12.356049,0.1152485943032423,1,-1
2025-01-03 15:01:25,-3.3475597,10.578773,2.2773654,11.32709,0.11524570005761024,1,-1
2025-01-01 02:29:15,-0.24321127,6.922885,-1.2051542,7.0312076,0.11524466856450714,1,-1
2025-01-03 03:55:05,-0.0004604058,8.190998,-3.3782554,8.860309,0.11522721292976229,1,-1
2025-01-02 21:34:50,-2.543155,8.081609,-1.19876,8.556697,0.11521921888388667,1,-1
2025-01-01 18:07:55,0.81539077,13.1284485,-0.6120153,13.167975,0.11519542207472946,1,-1
2025-01-03 13:16:05,2.742415,13.598079,0.5028424,13.880974,0.11518779642269247,1,-1
2025-01-03 06:47:55,1.9038326,9.023814,-3.0076683,9.700509,0.11517325758384624,1,-1
2025-01-02 03:34:35,-0.90264934,9.4583645,1.7104886,9.654077,0.11516289725036083,1,-1
2025-01-02 07:43:45,3.704929,12.564378,-0.011153558,13.099245,0.11515136145036255,1,-1
2025-01-02 20:05:05,-0.7167315,6.565577,-1.1786889,6.7089353,0.1151420597508339,1,-1
2025-01-01 20:21:20,3.4184597,7.3543334,1.8498099,8.318286,0.11513591840676962,1,-1
2025-01-02 21:46:30,-2.3391924,5.6267815,0.8429118,6.1516657,0.11511945587496401,1,-1
2025-01-02 04:36:25,-2.7909825,6.9236007,2.080719,7.7495303,0.11511606299432262,1,-1
2025-01-01 07:03:25,-1.0472523,10.3558445,1.0259331,10.459101,0.11509571696450394,1,-1
2025-01-01 04:34:20,-2.4464936,6.1954355,-1.259644,6.7790456,0.11509485003246406,1,-1
2025-01-01 06:39:55,-1.4560508,11.601475,1.6804295,11.812627,0.11509214025979815,1,-1
2025-01-02 20:13:50,2.6437132,9.854302,-2.612787,10.532006,0.11509012378192236,1,-1
2025-01-02 11:17:35,1.44707,8.592197,1.421009,8.828314,0.11508245964392971,1,-1
2025-01-02 22:34:10,1.5063452,7.312753,1.4359689,7.603121,0.11506301156955873,1,-1
2025-01-01 16:23:30,0.071511775,13.215684,-2.157106,13.390762,0.11506273567559985,1,-1
2025-01-03 03:08:50,3.1108384,12.252687,-0.8740072,12.671605,0.1150442683212868,1,-1
2025-01-02 16:24:05,-3.0044467,6.3163986,-1.2748362,7.109768,0.11502976585315314,1,-1
2025-01-02 08:34:05,3.3104124,10.242321,-1.1657119,10.82695,0.11502341430358248,1,-1
2025-01-03 14:58:10,3.777882,12.635506,-3.0907764,13.545527,0.1150119737596958,1,-1
2025-01-01 13:54:35,-2.5330575,6.991589,0.15371363,7.437898,0.11498873912389183,1,-1
2025-01-03 00:19:35,3.5591555,12.427298,1.5484103,13.019327,0.11497144311216047,1,-1
2025-01-03 01:19:20,-3.5522478,10.945247,-1.2700742,11.577131,0.11493761660896631,1,-1
2025-01-02 00:07:40,1.743806,6.46699,-0.92980736,6.762201,0.11493662807541705,1,-1
2025-01-01 14:52:15,-3.0567944,10.219434,1.856931,10.827235,0.11492674264293314,1,-1
2025-01-02 17:49:05,-1.2732424,13.354461,2.470151,13.640542,0.11492655515996027,1,-1
2025-01-03 12:34:15,-0.5024981,6.2091,-0.068654485,6.2297783,0.11491918903955703,1,-1
2025-01-01 12:54:45,2.100876,13.276372,1.1469913,13.490416,0.11491083011400033,1,-1
2025-01-02 18:36:30,0.18520063,13.056676,-0.69485784,13.076465,0.11490464279127305,1,-1
2025-01-02 05:16:50,-3.0012102,11.005632,1.6189439,11.521814,0.11490233353225598,1,-1
2025-01-03 03:50:00,1.6526293,7.209675,-0.510593,7.4142632,0.11490129283289933,1,-1
2025-01-02 15:40:50,-0.120469935,11.054555,1.7464757,11.192313,0.11489174093975188,1,-1
2025-01-03 00:17:30,-3.0198364,10.647825,1.9432735,11.237078,0.11488230997686819,1,-1
2025-01-02 02:52:20,-0.623554,13.234824,-2.4626763,13.47643,0.11487631890653237,1,-1
2025-01-02 14:38:20,-3.2977242,10.061111,0.21710694,10.589999,0.11487503636345386,1,-1
2025-01-03 04:26:00,-1.0149536,12.792461,-0.12076299,12.83323,0.11486876021791258,1,-1
2025-01-03 07:34:15,1.4461017,5.906995,-3.77484,7.157738,0.11486829090807286,1,-1
2025-01-01 06:31:55,1.443332,8.352232,-3.3440704,9.111849,0.1148629270337166,1,-1
2025-01-02 09:45:35,-4.0170503,11.255289,1.6508826,12.064147,0.11484520541917813,1,-1
2025-01-02 19:33:00,-3.7852464,13.226217,-0.76605225,13.778525,0.11482392198071067,1,-1
2025-01-02 00:53:50,1.3534032,11.295303,-2.1825402,11.583569,0.11480546275884759,1,-1
2025-01-01 18:47:20,-2.6967618,9.189284,-0.94899994,9.623725,0.11479979202580425,1,-1
2025-01-03 16:15:10,2.8365476,9.587048,-0.68724227,10.021466,0.11479500249689821,1,-1
2025-01-01 18:32:50,1.7717521,10.210549,-2.5566993,10.673853,0.11479173143588635,1,-1
2025-01-03 16:25:15,-1.4742916,12.392211,1.9370476,12.629037,0.11478847152096187,1,-1
2025-01-02 09:21:45,-1.6202564,6.826177,-2.5201406,7.4547324,0.11478635459527717,1,-1
2025-01-02 16:37:25,1.1109227,12.724937,-1.9222828,12.917172,0.11477174027469113,1,-1
2025-01-02 21:57:05,-3.4079099,9.666397,-2.0989382,10.462248,0.11476943191657239,1,-1
2025-01-01 03:17:30,1.549331,12.61631,2.292655,12.91619,0.11475977334850562,1,-1
2025-01-03 12:51:35,2.379702,8.459386,-1.6227682,8.936306,0.11475202655831625,1,-1
2025-01-02 19:11:25,0.20082468,5.615834,-3.7303283,6.74487,0.11474422407938822,1,-1
2025-01-02 13:16:10,-1.2239637,12.970412,-2.3143327,13.232,0.1147361909652723,1,-1
2025-01-02 06:03:50,1.2511506,13.671024,-1.7470992,13.8388815,0.11473207484362373,1,-1
2025-01-03 09:09:35,-3.9513888,11.152488,-1.7496644,11.960467,0.1147256490364106,1,-1
2025-01-02 07:36:55,3.5309558,12.810617,-0.27103126,13.291088,0.11472188929545894,1,-1
2025-01-02 05:22:00,0.6910776,6.9861917,1.4041878,7.159344,0.11471983356035038,1,-1
2025-01-03 15:15:30,2.3189855,12.57761,-0.20217623,12.791203,0.11471495434775138,1,-1
2025-01-02 07:01:20,-2.827293,11.081995,-3.2465026,11.888818,0.11471470999989834,1,-1
2025-01-02 01:09:30,3.9231617,11.0230465,-0.16228667,11.7015,0.1147001614148154,1,-1
2025-01-02 19:39:55,-0.8043168,13.746531,1.4195251,13.843016,0.11469878524976479,1,-1
2025-01-02 17:03:50,0.6244268,11.815082,-3.350553,12.29684,0.11469267455494897,1,-1
2025-01-03 05:49:35,2.6893134,6.966214,-3.3687658,8.192017,0.1146911465169699,1,-1
2025-01-02 22:41:45,1.9114283,10.124449,-0.82737607,10.336468,0.11467225479721775,1,-1
2025-01-03 01:27:45,-3.6753519,7.5631266,1.9209349,8.62549,0.11466652720109843,1,-1
2025-01-01 19:38:20,-2.9187555,11.887764,-2.4242659,12.478587,0.11463697060709035,1,-1
2025-01-01 06:34:55,0.96021825,9.760205,2.1651967,10.04349,0.11462887055809838,1,-1
2025-01-02 09:29:25,2.7020836,6.033269,-0.01003869,6.610725,0.11462501457541209,1,-1
2025-01-03 00:51:25,-0.10796216,6.6981626,-2.2043009,7.0523744,0.11460430181087729,1,-1
2025-01-01 22:13:55,3.6913152,12.375491,1.9287156,13.057508,0.11458695448999161,1,-1
2025-01-03 15:05:15,2.6941411,12.288289,-2.0578551,12.747361,0.11458617647359517,1,-1
2025-01-03 03:30:20,-1.2578098,13.037181,-1.6596985,13.202453,0.11457787743789544,1,-1
2025-01-03 20:54:10,3.7276483,8.398094,1.5418571,9.316688,0.11457047726426227,1,-1
2025-01-03 06:30:20,-0.8879866,13.360089,0.049367633,13.389658,0.11456455562291983,1,-1
2025-01-02 12:59:40,0.47880432,6.0784845,0.36389336,6.1081624,0.11454868518595251,1,-1
2025-01-02 15:43:35,-3.5527642,8.177647,-2.3273606,9.214806,0.11453571192238472,1,-1
2025-01-02 13:59:00,-2.0380638,7.876884,2.0087473,8.380577,0.11452353729289207,1,-1
2025-01-03 14:45:00,-2.5792625,13.2653675,-2.6134045,13.764173,0.11448555449284348,1,-1
2025-01-03 21:14:55,0.75612557,11.848485,1.8791369,12.020378,0.11446619843784714,1,-1
2025-01-01 07:11:30,-0.8704809,8.099652,1.4636096,8.27673,0.1144584928592072,1,-1
2025-01-03 15:41:35,2.005942,11.589897,1.2620738,11.829723,0.11445208823229217,1,-1
2025-01-02 23:25:55,-3.4864104,13.193899,-2.5403888,13.881197,0.11444347968046954,1,-1
2025-01-02 21:07:25,-2.371044,6.1913695,2.24242,6.998811,0.11444325795576865,1,-1
2025-01-02 02:15:15,2.1309125,6.3775783,0.4370718,6.738347,0.11443340732832556,1,-1
2025-01-01 16:59:00,0.0034985612,13.083337,1.390016,13.15697,0.11442603226010348,1,-1
2025-01-03 18:03:55,3.8425431,6.0534215,-1.5515482,7.335963,0.1144209444550529,1,-1
2025-01-02 10:39:05,1.3650578,12.232078,-0.26230317,12.310804,0.11440302564686988,1,-1
2025-01-01 14:27:50,-3.1008258,5.8667064,0.41359943,6.648641,0.11439917570412023,1,-1
2025-01-02 02:39:25,0.57285947,12.26819,1.0416628,12.325654,0.1143960526974928,1,-1
2025-01-02 15:02:10,-3.5913756,10.943492,0.8569199,11.549559,0.11437926140778398,1,-1
2025-01-01 21:22:20,2.7197967,8.031979,0.42599726,8.490668,0.11437565933227592,1,-1
2025-01-01 23:26:10,-3.6400013,12.018815,-2.3810968,12.7816725,0.1143725497109413,1,-1
2025-01-03 21:09:15,1.2500496,9.666614,-2.3996425,10.038144,0.11434976798866459,1,-1
2025-01-01 03:13:10,0.7531074,13.464866,-1.8276396,13.60919,0.11432876849696581,1,-1
2025-01-01 03:19:40,2.6486654,9.327043,-2.678941,10.059119,0.1143218523448337,1,-1
2025-01-01 03:50:10,-3.4251127,10.777216,-0.24171233,11.310977,0.11428178713373205,1,-1
2025-01-02 13:16:20,-0.47461277,10.278147,1.1885281,10.357516,0.11427464551894617,1,-1
2025-01-03 17:12:00,2.8025663,7.0420346,2.1087112,7.867102,0.11427094694050925,1,-1
2025-01-01 23:31:35,-1.41109,13.620106,-1.4269913,13.767162,0.11424371882112101,1,-1
2025-01-03 03:37:25,1.7173989,13.666354,-1.3208901,13.837032,0.11421195190812748,1,-1
2025-01-03 01:15:30,-2.8403609,12.093503,-0.71781355,12.4433,0.11420678757216116,1,-1
2025-01-03 05:18:40,-4.123166,9.602109,-0.3910949,10.457244,0.11419003743391878,1,-1
2025-01-01 12:17:55,0.1754133,9.261677,1.2752389,9.350704,0.11416353511434821,1,-1
2025-01-02 10:35:05,2.7322762,7.9552364,-1.0116836,8.471991,0.11416317692482725,1,-1
2025-01-03 09:28:00,2.245063,10.6928625,-2.8904626,11.301875,0.11416030776261156,1,-1
2025-01-01 20:48:40,-1.4008226,5.7486777,-1.8696383,6.2052517,0.11413065419502584,1,-1
2025-01-02 10:58:40,-1.1462299,9.381526,1.555345,9.578412,0.11412160206860775,1,-1
2025-01-03 10:52:40,3.4709237,5.744906,1.0775424,6.797967,0.11411782235597943,1,-1
2025-01-03 21:03:30,-3.0278566,13.706705,0.712002,14.0552,0.11411404275966999,1,-1
2025-01-02 11:54:55,2.0108743,5.691921,0.6434371,6.070881,0.11410873489412787,1,-1
2025-01-02 23:58:55,-0.97634256,5.451273,-0.0991583,5.5389037,0.11410589257163944,1,-1
2025-01-01 03:20:30,1.4400417,5.5493464,-2.5751226,6.28492,0.11410036123634323,1,-1
2025-01-02 04:53:25,2.213796,8.6831255,2.0699384,9.196858,0.1140939866481782,1,-1
2025-01-02 12:55:30,2.9999814,7.237544,1.5709054,7.990599,0.1140906297853914,1,-1
2025-01-03 15:02:40,2.5856364,8.775877,-2.6226046,9.51733,0.11407212759056143,1,-1
2025-01-02 19:29:40,-1.5056751,13.495388,-1.7806637,13.695376,0.11406921341854731,1,-1
2025-01-03 06:56:05,0.5961824,6.1638975,-1.3997605,6.3488894,0.11405621314690145,1,-1
2025-01-01 19:23:45,-0.76497847,11.685083,-3.3512979,12.180212,0.1140347229658607,1,-1
2025-01-01 05:18:00,2.6755886,8.873838,-2.1742678,9.520043,0.11403226492503142,1,-1
2025-01-03 17:21:10,0.65512276,5.2411923,-0.8925825,5.3568635,0.11402203173830319,1,-1
2025-01-03 11:05:20,1.7055415,5.2781897,1.1539787,5.6656704,0.11401501434359712,1,-1
2025-01-02 14:13:20,3.0008273,14.0122175,2.244382,14.504635,0.11400126606133196,1,-1
2025-01-03 12:28:50,-2.0415595,10.58812,1.6808999,10.913372,0.1139961289073109,1,-1
2025-01-01 09:29:45,-0.88489497,13.998554,2.0955696,14.182171,0.11398871310953089,1,-1
2025-01-01 05:56:40,-0.53237855,6.180459,-2.89991,6.8476987,0.11398210567226436,1,-1
2025-01-03 21:01:45,3.2773385,12.103468,-3.6920242,13.071569,0.11392748416668025,1,-1
2025-01-01 11:50:55,-2.6103969,5.742849,-2.1146529,6.653288,0.11391564040745877,1,-1
2025-01-01 09:10:30,-4.103165,9.157125,-3.6538224,10.67892,0.11391467518648198,1,-1
2025-01-01 13:29:35,-2.453253,13.182544,-0.8115949,13.4334135,0.11390646407979058,1,-1
2025-01-03 06:01:40,0.3324843,11.349503,-3.2604806,11.813233,0.11389826616922055,1,-1
2025-01-01 05:11:00,-0.35565287,6.89103,-3.1628783,7.5905585,0.11388964676652727,1,-1
2025-01-01 12:30:05,3.6487281,5.4679585,-0.75440085,6.616714,0.11388930761598903,1,-1
2025-01-01 02:31:20,3.9349647,6.420728,1.9690644,7.7837596,0.1138836138882284,1,-1
2025-01-02 15:51:40,2.3943017,7.158481,-0.6111373,7.5729795,0.11388120217913314,1,-1
2025-01-01 16:19:30,-3.7520676,13.056868,1.7034391,13.691659,0.11386799034562473,1,-1
2025-01-02 05:11:25,-0.34424654,6.235862,-2.9040413,6.8875203,0.11386177759862012,1,-1
2025-01-03 14:34:05,-2.6382017,7.9115458,0.6962481,8.368836,0.11385340475589958,1,-1
2025-01-03 21:05:50,0.91965574,13.166348,-3.2383494,13.589901,0.11385262447523849,1,-1
2025-01-02 01:50:00,-1.4378955,11.2462,2.2092268,11.550984,0.11385015347551795,1,-1
2025-01-01 11:00:20,2.4592683,10.623423,-3.416198,11.426965,0.113846097599553,1,-1
2025-01-03 07:51:30,-3.503424,5.403302,-1.9429208,6.7264104,0.1138394982029802,1,-1
2025-01-02 01:50:50,-0.7303073,10.59993,2.329575,10.877443,0.11382678024263407,1,-1
2025-01-03 13:31:00,0.23361027,12.718067,-0.31625703,12.724144,0.11381487963080683,1,-1
2025-01-01 19:43:55,2.0520568,7.0603757,-0.85849595,7.4024897,0.11379660652934633,1,-1
2025-01-02 05:41:10,3.3900979,13.334416,-2.4563415,13.97616,0.11377996259894342,1,-1
2025-01-01 21:24:45,-2.9616172,9.991713,-2.8774214,10.811339,0.11374293979147065,1,-1
2025-01-02 23:30:10,-1.6292236,11.743645,-3.2321866,12.2888,0.11373088552981743,1,-1
2025-01-01 05:13:40,2.9991367,6.2053237,-1.6473885,7.086237,0.11369787894628876,1,-1
2025-01-01 04:17:30,-0.6817273,7.516916,-0.16288655,7.549524,0.11369244820508032,1,-1
2025-01-02 06:51:05,3.2579446,11.311925,-3.3523679,12.23978,0.11369053054216031,1,-1
2025-01-03 03:47:05,-1.9937016,7.4837093,2.0871222,8.021025,0.11368306562160437,1,-1
2025-01-01 11:25:35,-3.3274786,12.134252,-2.0717316,12.751637,0.11368249587411637,1,-1
2025-01-02 17:03:25,-3.6788673,9.500676,1.311333,10.272123,0.11367832011931576,1,-1
2025-01-02 16:55:30,-2.8718247,7.129119,-1.1427846,7.770307,0.1136651225406007,1,-1
2025-01-01 00:05:55,-3.1472604,8.243403,-0.010051478,8.823777,0.11365221309237468,1,-1
2025-01-01 18:05:00,-1.7978028,5.7733707,2.4874918,6.5384645,0.11364947127090337,1,-1
2025-01-02 16:37:00,-2.989549,7.6565742,1.305901,8.322615,0.11364182019913915,1,-1
2025-01-03 18:00:30,-1.3599583,7.470235,2.2077098,7.907457,0.11363342979469712,1,-1
2025-01-01 11:43:15,-2.3999317,5.8528605,-2.6332674,6.8519883,0.11362145102224751,1,-1
2025-01-01 07:03:40,-1.5314639,6.024348,-2.7500737,6.797136,0.11361724343609034,1,-1
2025-01-01 09:01:35,2.5992453,9.658605,1.1231787,10.065101,0.11359736673407612,1,-1
2025-01-01 19:45:40,-2.6503363,13.949258,-1.362842,14.26406,0.11357699988141808,1,-1
2025-01-01 02:10:55,2.4168735,11.822948,-0.18369256,12.06885,0.11357475199102247,1,-1
2025-01-03 16:03:00,3.7380455,7.6395235,-2.2549136,8.79886,0.11357014902730739,1,-1
2025-01-03 06:17:10,-3.695325,11.023457,1.7988969,11.764695,0.11356235738198497,1,-1
2025-01-02 07:28:50,0.76386976,6.2554536,-1.2668178,6.4279876,0.11355534555278132,1,-1
2025-01-01 23:17:35,-2.8851511,9.718224,0.7017817,10.1617155,0.11355477638801974,1,-1
2025-01-02 07:09:15,-3.557135,13.92278,-2.5987382,14.603098,0.11355054185953674,1,-1
2025-01-03 07:09:35,-2.0331514,12.450835,-0.20472139,12.617405,0.11354934586659289,1,-1
2025-01-03 14:03:30,1.8321409,12.982084,-2.51501,13.349776,0.11354816041041861,1,-1
2025-01-01 03:33:45,1.227202,12.780201,0.09372445,12.839329,0.11354065655307426,1,-1
2025-01-01 22:37:35,-1.4954586,5.6755433,-2.32236,6.312016,0.11353831029279608,1,-1
2025-01-02 05:56:55,0.57983184,10.496793,1.8893348,10.681219,0.1135295488152481,1,-1
2025-01-03 19:23:15,-0.23558874,7.3563304,-0.16123922,7.361868,0.11352649484352839,1,-1
2025-01-03 12:21:35,-0.46931478,9.953775,2.2223563,10.2096405,0.1134746338162961,1,-1
2025-01-01 09:00:25,-3.845872,9.286169,-1.2201309,10.12484,0.11344154473951999,1,-1
2025-01-02 09:56:45,2.9617684,8.034258,0.17402327,8.564558,0.11344039318751233,1,-1
2025-01-03 16:02:25,0.7008744,12.894286,1.6606857,13.019667,0.11343210698768266,1,-1
2025-01-01 03:51:00,0.14964053,7.489524,1.5480145,7.649295,0.11342352590699957,1,-1
2025-01-01 06:43:20,-0.4894775,13.203295,2.0063765,13.363836,0.1134177214940409,1,-1
2025-01-01 06:50:00,0.8017957,8.348827,1.5326186,8.52612,0.1134082408098254,1,-1
2025-01-03 03:29:45,-0.33383843,13.2282715,1.4325124,13.309797,0.11339967193097303,1,-1
2025-01-02 19:51:45,3.2527273,10.407375,-0.4123509,10.911633,0.11339909160688931,1,-1
2025-01-01 00:56:15,2.6366751,8.836759,-1.3053982,9.313668,0.11339906268159639,1,-1
2025-01-02 17:09:25,-3.8634512,12.787916,-2.304448,13.556089,0.11339900224065672,1,-1
2025-01-01 08:05:05,3.4228814,11.447524,0.63836795,11.965343,0.11339735606791283,1,-1
2025-01-03 14:39:30,-1.2036662,6.5020337,1.8141524,6.8568506,0.11337413230017608,1,-1
2025-01-01 18:31:40,1.3845403,12.975956,-3.0817976,13.408574,0.1133454919356902,1,-1
2025-01-02 20:22:35,-3.6210136,5.2262397,-1.103512,6.4531436,0.1133292096859075,1,-1
2025-01-02 07:37:55,2.292818,8.021281,1.9720379,8.57245,0.11332494305727928,1,-1
2025-01-03 09:37:25,-3.5351694,8.284967,1.3757428,9.112123,0.11330828798944963,1,-1
2025-01-01 14:24:15,0.18401489,8.051642,1.2504535,8.150242,0.11330330661439832,1,-1
2025-01-03 07:52:10,1.182796,6.8118796,-2.2651546,7.275413,0.11329981824770627,1,-1
2025-01-03 00:25:50,-2.707697,12.164312,-0.26276234,12.464797,0.11329846808160873,1,-1
2025-01-01 00:21:25,-1.1953272,8.617287,-3.1799412,9.262746,0.11329105148296222,1,-1
2025-01-02 09:40:35,-3.2982492,9.77664,-1.1524696,10.382164,0.11328209390881892,1,-1
2025-01-01 13:25:05,-3.8764784,6.664981,-0.2929482,7.7158847,0.11326031010869303,1,-1
2025-01-03 02:15:45,2.2262287,7.275272,-0.33201432,7.6155043,0.11324006292910596,1,-1
2025-01-02 12:12:05,-4.16757,13.921464,-1.8931378,14.654684,0.11322457268894613,1,-1
2025-01-03 18:04:05,-0.18734504,6.5821843,-0.22574423,6.5887184,0.11321500368474323,1,-1
2025-01-03 07:50:25,-0.43553564,7.595713,-2.7178967,8.079079,0.11321114098771803,1,-1
2025-01-01 19:40:00,1.9957771,12.120107,1.6336827,12.39149,0.11320881307620512,1,-1
2025-01-02 03:10:20,-2.5593436,9.11267,0.15091068,9.4664545,0.11320703396675191,1,-1
2025-01-01 06:37:50,-0.18475656,7.313707,2.0123057,7.587741,0.11319059472186761,1,-1
2025-01-02 23:25:00,-0.7299562,12.466622,-0.7657737,12.511432,0.11313604032465605,1,-1
2025-01-02 15:50:10,1.5742251,6.0369263,-2.6531143,6.7795043,0.11312746505696797,1,-1
2025-01-02 10:07:10,-3.3687675,6.1370773,-0.77928144,7.044118,0.11310726108606446,1,-1
2025-01-02 03:27:10,-0.08966739,12.169103,-0.20386288,12.171141,0.11308512201378446,1,-1
2025-01-01 02:16:10,-1.2525555,12.5196,1.2648369,12.645516,0.11308012039599398,1,-1
2025-01-03 06:22:40,3.1897612,8.088544,-1.5270538,8.827854,0.11307581524322372,1,-1
2025-01-02 17:24:45,1.6075739,5.6038775,-2.6364045,6.3983097,0.11304990012192953,1,-1
2025-01-03 18:28:15,0.89536154,5.767175,1.1656237,5.951526,0.11303862584144697,1,-1
2025-01-02 22:18:00,-1.0682642,11.070394,-3.2955315,11.599798,0.11302898353463085,1,-1
2025-01-03 08:41:20,-1.5962646,9.098887,1.2005814,9.315536,0.11302233329215565,1,-1
2025-01-03 12:36:20,-0.32059845,12.373674,-2.1515884,12.5634365,0.11301574965736644,1,-1
2025-01-03 03:11:00,0.8061774,6.758428,1.3270572,6.9345045,0.11299306356887691,1,-1
2025-01-02 19:55:10,-2.6383457,9.790525,0.6530521,10.160793,0.11298630755806115,1,-1
2025-01-03 00:45:00,1.3924124,7.9175467,-2.528195,8.427225,0.11297389768834233,1,-1
2025-01-03 18:18:10,0.11854696,11.776526,-3.2290237,12.211765,0.11296222681596774,1,-1
2025-01-03 18:44:30,3.3328633,9.222528,-2.1943855,10.048798,0.11295315614660516,1,-1
2025-01-02 00:23:25,1.8638111,12.863573,-1.6420251,13.101204,0.11294958160989656,1,-1
2025-01-01 19:18:15,-0.640244,5.7272735,1.7602648,6.025787,0.11293979439715934,1,-1
2025-01-03 19:13:55,0.19225822,7.1533318,-3.415841,7.9293814,0.11293913228055934,1,-1
2025-01-03 12:24:20,-3.0535994,10.540106,0.37670416,10.979991,0.11293340233744711,1,-1
2025-01-02 08:49:15,2.3486476,10.337284,-0.70478797,10.624138,0.11293046072551247,1,-1
2025-01-03 10:51:15,-3.2242699,10.78515,2.1251826,11.455644,0.11292651957531777,1,-1
2025-01-03 21:04:25,1.2753863,6.3637424,-3.2700295,7.2675247,0.11292647343762238,1,-1
2025-01-01 10:13:25,-0.13881016,13.0706625,-0.88552266,13.10136,0.11292458751799776,1,-1
2025-01-03 02:26:55,2.3943586,5.635528,1.6543921,6.342645,0.11292217492703499,1,-1
2025-01-02 14:27:00,-0.47497422,7.95344,-3.0073805,8.516287,0.11291853496174392,1,-1
2025-01-03 06:58:45,-3.2797208,10.449964,-0.07844641,10.952829,0.11291779524684865,1,-1
2025-01-01 18:00:55,3.5687492,9.334661,1.8562773,10.164528,0.11291109465578016,1,-1
2025-01-01 01:46:30,2.7786539,8.837923,1.4694724,9.380253,0.112910957557489,1,-1
2025-01-01 07:03:35,0.8461831,6.090854,0.015537868,6.1493716,0.112910493345112,1,-1
2025-01-03 02:51:30,-2.9293487,13.576831,0.34641945,13.893576,0.11290355994199328,1,-1
2025-01-01 11:14:40,-2.6628783,7.5444503,-3.255914,8.637744,0.11290191363493525,1,-1
2025-01-03 09:50:05,-0.99103665,11.186534,2.085837,11.422408,0.11289569469918918,1,-1
2025-01-03 12:14:00,-3.4330003,13.393542,-0.20330939,13.828008,0.11286786470993801,1,-1
2025-01-02 11:10:25,-3.4783733,11.615746,1.6966676,12.2435,0.11284856802306006,1,-1
2025-01-01 14:39:00,1.7318289,12.754749,0.9616542,12.907658,0.11282739919073682,1,-1
2025-01-01 18:29:30,3.1064496,6.5879054,-3.6815372,8.161142,0.11282623012108042,1,-1
2025-01-02 14:38:35,0.5385633,8.127998,-3.4438777,8.843907,0.11282591964460435,1,-1
2025-01-01 17:13:50,-3.3166819,13.275453,-0.26484853,13.686057,0.1128133761775391,1,-1
2025-01-02 22:48:25,-3.2107446,10.910828,-0.8941017,11.408526,0.11281247576702061,1,-1
2025-01-01 17:31:10,-2.2516332,6.1340313,-1.5958202,6.7262793,0.1128006041051373,1,-1
2025-01-02 21:45:50,-3.3195448,7.962807,1.2253819,8.713624,0.11274025321020867,1,-1
2025-01-02 21:28:15,-0.41609356,14.0059185,0.8264915,14.036452,0.1127347085487403,1,-1
2025-01-02 04:03:35,-1.9308969,9.135411,-2.898306,9.776721,0.11273388572139796,1,-1
2025-01-01 13:25:35,1.6410689,6.5439825,0.94082314,6.8118987,0.1127186401046505,1,-1
2025-01-01 05:38:45,2.5099397,6.1513224,-2.16268,6.986827,0.11269910142280687,1,-1
2025-01-01 04:10:20,1.3848966,7.494232,-2.7803648,8.1124525,0.11268228834140588,1,-1
2025-01-01 02:06:15,-2.2048128,8.802507,-3.199975,9.622119,0.11267311595855246,1,-1
2025-01-03 12:29:25,3.9050758,9.462266,-3.7664886,10.907362,0.11266524072819206,1,-1
2025-01-01 21:39:55,3.5797803,12.221117,-1.5386348,12.827234,0.1126605964501337,1,-1
2025-01-01 12:31:05,2.4159682,13.645796,1.7575988,13.96903,0.1126461605485106,1,-1
2025-01-03 19:37:20,2.4438462,6.8563566,0.68697584,7.3112206,0.112643611663655,1,-1
2025-01-02 13:36:25,-3.4347672,10.973806,-1.4906545,11.595003,0.11261794723960453,1,-1
2025-01-01 11:50:10,2.2364485,12.412821,-0.47694248,12.6217,0.11261454995023544,1,-1
2025-01-01 10:39:30,-1.1603583,10.867477,1.8125544,11.078531,0.1126105497717527,1,-1
2025-01-03 13:30:15,-0.23330224,6.822892,1.7914644,7.0580187,0.11260915939144797,1,-1
2025-01-02 16:47:35,-3.7169423,8.404037,-1.8010484,9.364148,0.11260902636666018,1,-1
2025-01-02 19:16:30,-2.9191964,11.995074,1.3239113,12.415968,0.11259797374714751,1,-1
2025-01-02 09:18:35,0.7038158,12.904605,-2.3088298,13.1284,0.11258873780706631,1,-1
2025-01-02 01:56:50,3.2118347,10.44243,-2.8664966,11.295,0.1125851041771935,1,-1
2025-01-03 16:05:40,3.5987437,7.7078447,-1.1443306,8.5831995,0.1125680452256181,1,-1
2025-01-03 10:36:30,-1.7656295,8.585114,-3.7503521,9.533455,0.1125656904077469,1,-1
2025-01-03 11:31:15,-0.5743239,7.6546044,1.1035548,7.75504,0.11255801786215411,1,-1
2025-01-01 23:37:30,2.4973686,13.603192,-3.656838,14.305809,0.11255245958568619,1,-1
2025-01-02 20:01:55,-0.033641923,13.14271,-2.4602554,13.371043,0.1125509078736773,1,-1
2025-01-03 06:16:00,-2.8687768,5.3402505,1.7458259,6.3084126,0.11254920018061969,1,-1
2025-01-01 22:55:50,3.2293253,10.260236,-3.0064461,11.168693,0.11254865046141849,1,-1
2025-01-01 08:26:10,3.3109155,8.983721,-3.0131514,10.0373535,0.11253423186981779,1,-1
2025-01-03 15:08:40,2.3675284,9.589994,0.14974038,9.879049,0.11252390630536756,1,-1
2025-01-01 11:59:50,-2.510738,9.026672,-2.0686393,9.594993,0.11251964184537587,1,-1
2025-01-03 17:29:00,0.80390096,12.596005,0.2845303,12.624839,0.11251798314953992,1,-1
2025-01-02 11:29:05,2.8797054,13.311355,-2.4040134,13.829828,0.11250337653333907,1,-1
2025-01-03 08:05:00,-2.7970092,7.108469,-1.2687759,7.7436028,0.11250266529216432,1,-1
2025-01-02 08:00:30,-1.3616401,9.338147,2.0330956,9.65342,0.11247867510955016,1,-1
2025-01-02 07:04:15,-2.799058,7.106563,-1.407299,7.7664957,0.11247812318515517,1,-1
2025-01-02 01:13:30,-1.4137095,13.204544,0.92735904,13.312346,0.11245251905277413,1,-1
2025-01-02 04:51:40,-3.100483,6.606279,1.0261825,7.369462,0.11241256809533526,1,-1
2025-01-01 08:13:00,-3.1812084,5.841643,-0.13502693,6.6530523,0.11241098740252162,1,-1
2025-01-01 08:11:10,0.9797514,12.569711,-0.12799905,12.608487,0.11240297654634294,1,-1
2025-01-01 04:25:15,1.3311758,7.9746,1.5134822,8.225381,0.11238145776929707,1,-1
2025-01-01 06:52:05,-3.930434,8.895232,-0.9732154,9.773465,0.1123594901753416,1,-1
2025-01-02 16:29:00,1.1379784,12.0686455,-3.1670249,12.529057,0.11234340029431669,1,-1
2025-01-03 16:20:30,-1.9930775,10.814858,1.786093,11.141079,0.11231631927998596,1,-1
2025-01-03 15:13:35,2.3398097,13.414701,1.706479,13.723738,0.11231424150691145,1,-1
2025-01-02 01:27:25,-3.4933758,10.139219,-1.3944651,10.814433,0.11230784244047354,1,-1
2025-01-02 20:19:05,1.2243026,7.118828,-0.4855665,7.2396407,0.11228930955557113,1,-1
2025-01-03 16:50:50,-1.9667379,7.032952,-1.472003,7.4496484,0.11226941503210075,1,-1
2025-01-01 04:47:50,1.232508,13.964217,1.4146502,14.089701,0.11224719401236934,1,-1
2025-01-01 11:12:20,-2.9978223,11.776625,1.469809,12.240758,0.1122382387072289,1,-1
2025-01-03 03:18:05,3.8516986,7.1657915,1.0190268,8.198936,0.11223514640880515,1,-1
2025-01-03 17:02:45,-1.3451064,7.2903004,1.2403837,7.5164046,0.11223308702237997,1,-1
2025-01-02 01:46:30,-2.8938055,11.209936,-2.9917002,11.957719,0.1122279618679424,1,-1
2025-01-02 13:27:05,-0.9061073,6.199817,1.2022489,6.3799815,0.11222191043881301,1,-1
2025-01-01 00:59:45,3.0723376,10.817989,0.11173428,11.246361,0.11220787712162199,1,-1
2025-01-03 18:31:15,2.2283568,11.869845,1.8908223,12.22432,0.11219689221293992,1,-1
2025-01-02 14:18:45,0.55209017,6.2587547,-1.9553336,6.5802846,0.11217553241316501,1,-1
2025-01-03 00:16:15,-2.5673637,5.9136825,-3.7617419,7.464161,0.112171325068441,1,-1
2025-01-02 00:35:20,2.914208,7.047426,-3.628748,8.44551,0.11215080686703292,1,-1
2025-01-02 04:12:20,-2.825675,5.307943,-0.25543106,6.018633,0.11214923211840845,1,-1
2025-01-03 07:17:55,-2.6105702,12.24304,-1.789817,12.645575,0.11213754552260594,1,-1
2025-01-01 15:55:55,-0.029843256,9.589773,2.3931093,9.883907,0.11213611783690702,1,-1
2025-01-03 13:27:30,1.854644,12.7155,-3.4112325,13.295117,0.11213120856674416,1,-1
2025-01-03 08:32:35,1.0829161,7.0477486,-3.2054696,7.8178325,0.11212614931221142,1,-1
2025-01-03 07:30:15,2.203488,7.7822385,-2.4993122,8.465528,0.11212303579259959,1,-1
2025-01-02 05:57:35,-1.1851286,11.786019,1.6780798,11.963725,0.11211444461467976,1,-1
2025-01-01 07:06:40,1.5575408,7.483734,-3.0935473,8.246347,0.11208133723243748,1,-1
2025-01-01 09:02:25,-3.4632003,7.498789,0.3598223,8.267713,0.11208123162086539,1,-1
2025-01-01 04:14:30,-0.15487076,8.328162,0.96592736,8.385421,0.1120788285964066,1,-1
2025-01-02 00:10:05,1.9756008,5.354924,1.8813597,6.0098023,0.11207711276057328,1,-1
2025-01-01 06:20:45,3.8987477,13.3385515,-0.42043665,13.90302,0.11206871490530758,1,-1
2025-01-01 22:12:25,0.9660269,5.343228,-2.0861328,5.816807,0.11206627937319279,1,-1
2025-01-03 17:31:40,3.2780824,8.015423,-0.105995245,8.660489,0.1120576440727923,1,-1
2025-01-02 09:19:55,2.6180947,12.329573,-0.8697168,12.634444,0.1120514055694567,1,-1
2025-01-01 02:20:10,-1.6321656,6.815825,1.0426191,7.085654,0.11204796892649077,1,-1
2025-01-01 17:37:25,-2.23262,9.825262,-2.6242194,10.411863,0.11204184662985386,1,-1
2025-01-01 19:20:55,-2.4133012,7.660495,0.1996681,8.034119,0.1120332326336542,1,-1
2025-01-03 13:25:50,2.7734869,6.156464,0.26468104,6.7575393,0.11203172450368583,1,-1
2025-01-02 05:13:50,-4.083331,5.934126,0.8504014,7.2533183,0.11202754212127405,1,-1
2025-01-01 13:09:20,-0.031535015,12.121401,0.69237316,12.1412,0.11201446754069239,1,-1
2025-01-02 05:27:35,2.7822833,6.3160486,0.27553263,6.9072056,0.11200947095669353,1,-1
2025-01-01 07:41:35,-3.9039054,8.355587,-2.2515378,9.493458,0.11200392857933995,1,-1
2025-01-01 03:23:00,-2.7301564,6.912521,-0.35015017,7.4403834,0.11199636363974133,1,-1
2025-01-01 03:46:45,2.9252415,9.876114,-1.3143368,10.383744,0.1119932149672543,1,-1
2025-01-01 14:20:50,-1.8124261,9.942199,0.3234056,10.111221,0.11197879743380627,1,-1
2025-01-02 06:24:35,2.6060123,8.809542,0.2357294,9.189934,0.11197866219698276,1,-1
2025-01-01 21:58:35,0.4208778,9.481917,2.2516963,9.754693,0.11197235613649777,1,-1
2025-01-01 09:44:20,2.7640352,11.264503,-1.1780361,11.658331,0.11196069815319735,1,-1
2025-01-01 07:23:10,3.118266,7.071705,0.13872752,7.7299314,0.11195115983491548,1,-1
2025-01-01 19:31:05,-3.092011,10.286098,0.1235201,10.741489,0.11194572042062881,1,-1
2025-01-01 07:30:50,2.72951,7.2403755,-1.882954,7.963591,0.11189868999396389,1,-1
2025-01-01 22:49:40,2.133338,8.464773,0.8720049,8.772907,0.11189813548729827,1,-1
2025-01-02 09:22:20,-0.48418278,6.223008,0.33516917,6.2508082,0.1118831569821969,1,-1
2025-01-03 15:37:10,0.018411918,7.8640504,-2.6358826,8.2940645,0.11185595899602807,1,-1
2025-01-01 23:00:00,0.9838421,10.0218935,1.5570543,10.189735,0.11185551987830814,1,-1
2025-01-01 07:37:35,2.1358116,8.857751,1.4226902,9.222011,0.11185257327516752,1,-1
2025-01-03 03:13:55,0.32839656,6.5733695,2.0622644,6.8970985,0.11179552004976251,1,-1
2025-01-01 09:21:25,-0.5548926,7.3163176,2.3985174,7.7194104,0.11179538132292535,1,-1
2025-01-03 08:25:30,-1.3391862,12.592992,-0.65033066,12.680686,0.11176891522900187,1,-1
2025-01-02 06:31:10,-2.0945024,10.636514,-3.136563,11.285406,0.11173091121063941,1,-1
2025-01-03 00:57:35,3.56039,12.644919,1.1831242,13.189774,0.11172053241368606,1,-1
2025-01-01 19:36:35,2.515764,7.9237285,-2.3607483,8.642203,0.11171535473092126,1,-1
2025-01-01 23:35:55,-3.1948316,12.732259,-1.8231272,13.252968,0.11171043970212358,1,-1
2025-01-03 09:44:45,3.439452,6.01242,0.4284876,6.93993,0.1116991857194712,1,-1
2025-01-03 04:37:30,2.5650911,11.678219,-0.29289904,11.960196,0.11165700307677358,1,-1
2025-01-01 11:58:35,2.1196747,8.362546,-2.8921578,9.098888,0.11165368690896316,1,-1
2025-01-01 13:16:35,1.4697695,6.3861403,1.9676391,6.8421206,0.11165139290764536,1,-1
2025-01-03 03:24:40,-2.9034905,5.9589214,-1.8859087,6.8917093,0.11164458669212167,1,-1
2025-01-03 09:02:25,1.3384324,10.95267,-2.483078,11.310087,0.11161893908654046,1,-1
2025-01-02 06:49:15,3.2636,11.358648,0.18004629,11.819576,0.11161676516081576,1,-1
2025-01-02 06:42:15,-0.7513186,6.684431,-2.7832096,7.2795844,0.11161671194903151,1,-1
2025-01-01 17:44:00,3.4300928,8.68933,0.8127656,9.3771305,0.11161279345299291,1,-1
2025-01-01 02:57:20,-3.029944,10.8030405,-3.227968,11.675016,0.11160576277036656,1,-1
2025-01-02 12:34:35,-0.36841387,12.913001,1.9245044,13.060821,0.11160461545072879,1,-1
2025-01-02 11:02:00,-3.2179513,5.5135183,-0.37441254,6.3948636,0.11157167027813154,1,-1
2025-01-01 13:30:45,1.3657962,12.250379,1.8365512,12.462347,0.11156587742160978,1,-1
2025-01-02 01:19:00,2.939946,9.0552635,-0.3258963,9.526137,0.11156020299656014,1,-1
2025-01-01 11:59:35,-3.1785567,13.143599,-1.778813,13.638972,0.1115499163474663,1,-1
2025-01-01 02:08:30,-2.4276516,7.584131,-2.306322,8.290456,0.11153141064485037,1,-1
2025-01-03 12:08:00,2.7584844,11.22424,-1.1707454,11.617377,0.11153033457468069,1,-1
2025-01-03 03:32:30,3.82242,7.154325,1.1053971,8.186401,0.11152711126707661,1,-1
2025-01-01 00:19:40,2.5515,13.4769535,-2.0018406,13.861667,0.11150294535271106,1,-1
2025-01-03 06:00:05,2.408034,10.443094,0.2620285,10.720331,0.11150181771949141,1,-1
2025-01-02 11:41:55,1.8832396,9.737044,1.1380798,9.982577,0.11149992971043383,1,-1
2025-01-01 16:52:25,-3.6896563,6.1695805,2.5020747,7.6116796,0.11148424259077266,1,-1
2025-01-03 05:35:35,-0.17397882,12.884098,-2.9626281,13.221476,0.11147432750333326,1,-1
2025-01-03 05:24:15,1.8122544,9.246259,-2.947201,9.872363,0.11147091497629077,1,-1
2025-01-01 19:39:00,-0.2223825,11.789758,1.8079848,11.929654,0.11147001440679231,1,-1
2025-01-03 16:15:15,-1.6387556,9.658258,1.3367431,9.88708,0.11146735059096088,1,-1
2025-01-02 04:45:40,2.3298624,5.7861667,1.7788987,6.486329,0.11146222806656467,1,-1
2025-01-02 17:05:30,0.024431348,10.47528,1.4208894,10.571235,0.11142222896516923,1,-1
2025-01-02 22:06:15,2.8059647,11.853149,0.05571917,12.180874,0.11141799706633328,1,-1
2025-01-03 11:11:55,2.1490703,9.1106825,-1.2912515,9.449358,0.1113961911168299,1,-1
2025-01-03 13:52:20,3.2631407,13.005356,-2.0413046,13.562975,0.11138854277729596,1,-1
2025-01-01 11:57:45,2.0219707,6.0823717,-2.807361,6.9974914,0.11138240877626712,1,-1
2025-01-03 13:06:45,-2.9595544,11.308324,1.3572407,11.76772,0.1113767216254463,1,-1
2025-01-03 11:46:10,-1.5571715,10.227911,-2.5187151,10.647951,0.11136981306464314,1,-1
2025-01-01 20:33:35,-0.3526432,8.954467,-2.3758094,9.270992,0.11136636169543876,1,-1
2025-01-03 19:42:55,0.011593478,7.036837,0.06341771,7.0371323,0.11135114091188932,1,-1
2025-01-02 20:22:55,-1.8608241,10.1810665,1.1877133,10.41765,0.11134948488848556,1,-1
2025-01-01 13:16:30,3.8969197,8.631236,0.3097738,9.475241,0.11133694051852683,1,-1
2025-01-02 09:19:10,3.818951,9.411681,1.2313526,10.231342,0.11133691766827158,1,-1
2025-01-01 05:01:50,1.45545,13.378176,-2.3039207,13.65291,0.11133520606567121,1,-1
2025-01-03 12:21:45,2.5778725,9.962041,-0.10474715,10.290707,0.11130045039643717,1,-1
2025-01-02 14:28:55,-2.5661469,11.663041,-0.046800938,11.942104,0.11129915803283928,1,-1
2025-01-01 04:15:25,0.38857552,13.171808,0.71655434,13.197006,0.11129379637490724,1,-1
2025-01-01 06:41:15,-3.4831698,13.044482,2.3773484,13.709223,0.11128791220866775,1,-1
2025-01-03 11:28:35,-2.1278384,12.41442,-2.245279,12.794014,0.11128603888766811,1,-1
2025-01-02 09:31:30,3.683835,11.686802,-0.3841428,12.259671,0.11128359265568333,1,-1
2025-01-02 12:16:50,2.6875906,10.691927,0.47817183,11.034904,0.11125760682041134,1,-1
2025-01-02 06:56:20,-2.4224072,10.558033,1.9135245,11.000077,0.11125577876289111,1,-1
2025-01-01 04:30:55,-2.2998447,5.494669,-3.0866475,6.708805,0.1112517780313039,1,-1
2025-01-03 17:21:25,3.2480597,6.2418017,-2.2875552,7.3988442,0.1112487441847029,1,-1
2025-01-03 12:37:05,-1.6201869,10.4700165,-3.3035967,11.097748,0.11124700329237974,1,-1
2025-01-01 23:08:05,-3.80443,6.5033927,1.863991,7.7615895,0.1112311924599723,1,-1
2025-01-01 01:26:45,2.352519,5.609788,-0.3961749,6.095984,0.11120294519084568,1,-1
2025-01-02 01:56:10,1.5858332,12.740504,-2.451711,13.070814,0.11119751599478754,1,-1
2025-01-01 07:26:20,0.27710214,14.039385,1.8488287,14.163307,0.11119421059061846,1,-1
2025-01-01 23:08:35,-0.23618267,10.556752,-3.0413446,10.988657,0.11118598731982024,1,-1
2025-01-03 01:43:00,1.7851394,10.380112,-2.9764187,10.944977,0.11118459078294338,1,-1
2025-01-02 09:51:25,1.3822302,6.921693,1.0060112,7.129688,0.11117309180350946,1,-1
2025-01-01 11:38:00,2.4677625,8.612549,-0.0060337405,8.959123,0.11115194485767654,1,-1
2025-01-01 18:34:05,0.69177634,8.519052,-2.7851264,8.989423,0.1111321262490254,1,-1
2025-01-01 09:46:40,-0.17840545,13.483413,-1.5786856,13.57669,0.1110690191243976,1,-1
2025-01-01 19:02:40,-0.3468474,11.751755,1.7735506,11.889892,0.11106169489644672,1,-1
2025-01-02 06:12:15,-0.031723306,12.064451,-2.2098086,12.265204,0.11105611478865948,1,-1
2025-01-03 01:32:05,0.7650549,5.727156,-0.8399299,5.838759,0.11105082772558124,1,-1
2025-01-02 22:36:40,3.0742986,8.323001,-2.808084,9.306396,0.11104008144633282,1,-1
2025-01-01 17:29:10,-2.4679594,6.547287,-1.1698135,7.0941,0.11103771468615992,1,-1
2025-01-03 06:14:20,1.317688,5.910572,-2.8734078,6.702808,0.11103171221017402,1,-1
2025-01-01 16:20:25,2.282851,12.491888,0.20221691,12.700377,0.11103023758070772,1,-1
2025-01-01 11:41:35,3.9678345,10.013509,-3.6168666,11.362033,0.11102542055502358,1,-1
2025-01-03 03:35:10,2.753978,9.416983,-0.8439951,9.847654,0.11099968661362891,1,-1
2025-01-02 06:54:15,3.3674948,11.346568,2.1023033,12.020995,0.110982660344006,1,-1
2025-01-01 20:01:00,1.6912435,5.601429,-0.46406892,5.8695545,0.11096947039375875,1,-1
2025-01-03 19:20:20,2.012983,5.653865,-2.7431934,6.598742,0.11094086212554902,1,-1
2025-01-03 12:42:15,2.1512845,6.1852574,-1.5192472,6.722615,0.11093989498092818,1,-1
2025-01-01 17:20:35,-0.80214465,6.4820485,-3.1654503,7.258131,0.11093624948817941,1,-1
2025-01-01 07:06:35,3.444431,9.942751,1.6968817,10.658415,0.11090055916105768,1,-1
2025-01-02 05:11:15,-0.6944925,5.5649543,0.9011032,5.6800547,0.1108971136178128,1,-1
2025-01-03 09:09:05,-0.6242854,7.6105266,1.7648423,7.8373795,0.11088787879178792,1,-1
2025-01-02 23:26:45,2.2766743,7.5202355,-1.238699,7.9543424,0.11083125948088297,1,-1
2025-01-02 12:12:30,3.1512606,13.216866,-2.4075034,13.798987,0.11083110604631655,1,-1
2025-01-03 14:24:10,-4.092661,5.2708364,-0.14863369,6.6748543,0.11081494039596546,1,-1
2025-01-02 00:50:00,0.21882358,13.3751135,-3.0514152,13.720521,0.11081004972732904,1,-1
2025-01-01 20:53:20,-1.845638,5.549961,-3.7509146,6.9482236,0.1108082956373012,1,-1
2025-01-03 18:03:35,-0.898763,14.047532,-1.9125926,14.205595,0.11079559003294052,1,-1
2025-01-02 13:15:25,0.99280876,11.450179,-2.9212508,11.8585825,0.11076803932479844,1,-1
2025-01-02 23:12:10,-3.4678009,7.865544,-0.32242835,8.602115,0.11076425235549134,1,-1
2025-01-02 07:37:15,-3.7486317,8.587912,0.442191,9.380832,0.1107530414556473,1,-1
2025-01-01 11:06:05,2.479872,5.592099,-0.26926833,6.123222,0.11074145199129172,1,-1
2025-01-02 05:57:10,0.5529174,7.359963,1.2367414,7.483602,0.1107380885358422,1,-1
2025-01-02 16:37:40,-0.3715586,11.175875,-3.1146712,11.607731,0.11073617262894485,1,-1
2025-01-01 06:25:55,-0.8239999,12.371677,-2.5668368,12.661991,0.11073332202027404,1,-1
2025-01-02 22:50:50,2.713388,7.485839,-2.9192395,8.480697,0.11069459853224972,1,-1
2025-01-03 14:08:35,-2.3273778,5.644061,-2.8959339,6.7571106,0.11068589313850179,1,-1
2025-01-01 06:43:35,1.2979314,6.1058354,-3.211441,7.019915,0.11068249836980389,1,-1
2025-01-03 02:44:15,0.7422818,13.729795,2.479411,13.971604,0.1106608894162055,1,-1
2025-01-02 12:02:40,0.4491995,7.236501,-0.50477594,7.2679796,0.11065148207866585,1,-1
2025-01-03 07:42:10,1.0733111,13.296566,-3.306282,13.743441,0.1106487630423408,1,-1
2025-01-02 11:46:20,-3.9532595,7.1460047,-3.7863781,9.001683,0.11064858758349114,1,-1
2025-01-01 04:57:45,1.4041603,6.3606315,2.2893875,6.9043894,0.11063097925791396,1,-1
2025-01-02 18:46:40,-1.5707917,12.795499,-0.929156,12.924995,0.11061193180192606,1,-1
2025-01-01 03:10:30,3.7870114,9.463269,1.8305206,10.355951,0.11060692694884848,1,-1
2025-01-02 18:47:55,-3.5171676,8.103144,-3.320547,9.437025,0.11060268646580199,1,-1
2025-01-01 14:16:45,-3.5904489,5.632106,-2.948525,7.301078,0.11058870663639674,1,-1
2025-01-03 05:47:30,3.1405609,6.4419794,0.5573943,7.188387,0.11056468177085729,1,-1
2025-01-02 05:54:40,1.0113695,13.689565,-2.6231737,13.975267,0.11053768769556649,1,-1
2025-01-02 11:36:20,-3.0841844,11.671997,-2.3926265,12.307411,0.11053080246283617,1,-1
2025-01-01 15:43:10,-2.8602424,6.804888,-0.08612729,7.3820667,0.11052759476782113,1,-1
2025-01-01 08:57:10,1.7661219,12.557695,-3.3573904,13.118192,0.11050395922466999,1,-1
2025-01-03 15:16:40,3.3863127,5.77834,1.218981,6.807513,0.11048525306911262,1,-1
2025-01-03 15:36:55,-0.019195478,6.840924,0.9043916,6.900473,0.11047901280279102,1,-1
2025-01-03 15:48:10,1.3950962,13.452024,0.4458272,13.531519,0.11047469328366723,1,-1
2025-01-02 14:17:25,-2.7049387,10.935633,1.3919867,11.350876,0.11046892298486782,1,-1
2025-01-03 18:32:55,1.9211446,11.582935,-2.5389044,12.012545,0.11046079042231574,1,-1
2025-01-02 17:18:05,3.4818947,6.883023,1.7997894,7.9207854,0.11045372741663238,1,-1
2025-01-01 22:17:05,-2.072603,10.153035,1.7251109,10.505037,0.1104461739647653,1,-1
2025-01-03 12:01:45,3.7213595,14.043751,1.3237062,14.5886135,0.11042747387259866,1,-1
2025-01-01 18:25:20,0.51206315,9.962239,-3.34283,10.520596,0.1104237940284032,1,-1
2025-01-01 17:21:40,0.7971398,12.889424,-0.62347686,12.929091,0.1104083824018848,1,-1
2025-01-02 06:27:00,-1.4407204,12.108363,-1.1592773,12.248756,0.11040149526558485,1,-1
2025-01-03 01:12:25,1.070363,11.773824,1.5996207,11.930104,0.11039207602377211,1,-1
2025-01-02 12:52:00,-1.6600163,5.740694,-1.2516551,6.10556,0.11039138318434723,1,-1
2025-01-02 03:45:15,1.4938842,12.927759,-2.1488247,13.19,0.11038943585125412,1,-1
2025-01-02 18:50:00,2.692222,10.602882,0.15044232,10.940375,0.11036312420443858,1,-1
2025-01-02 15:58:30,2.6505334,11.763242,-2.5625541,12.327444,0.11036072219998556,1,-1
2025-01-01 19:43:45,1.1235267,6.078351,-2.8718977,6.8158975,0.11031045316926338,1,-1
2025-01-01 22:03:25,-0.40787637,10.435469,1.1807688,10.509976,0.11025909656604865,1,-1
2025-01-01 14:47:05,1.314,6.0078716,0.2412766,6.1546187,0.11024544761544187,1,-1
2025-01-01 05:57:00,3.290607,13.184301,0.8099473,13.612859,0.1102436065418656,1,-1
2025-01-02 15:00:40,-0.09127326,5.893986,0.2957133,5.902106,0.11023682034758613,1,-1
2025-01-02 21:18:55,-3.1232326,7.7251825,1.0816928,8.402564,0.11021062801261906,1,-1
2025-01-01 14:27:15,-4.089841,5.908769,-2.3421023,7.558161,0.11020589720873626,1,-1
2025-01-01 00:12:20,-4.0354624,8.907524,-1.9012783,9.962118,0.1102005719965763,1,-1
2025-01-03 13:36:25,-2.2534213,8.753314,-2.426406,9.358731,0.11019569776571983,1,-1
2025-01-02 18:07:10,-0.17750372,12.428955,-0.59097016,12.4442625,0.11019331921253857,1,-1
2025-01-01 19:57:35,-0.86106163,12.107427,1.7011144,12.256631,0.11018652345071396,1,-1
2025-01-01 16:18:20,0.29372302,6.2137156,-1.4292793,6.38274,0.11017435185053628,1,-1
2025-01-01 14:57:05,-1.1747196,12.595861,-3.1183932,13.029201,0.11015236819475556,1,-1
2025-01-02 01:11:00,0.35321254,6.1407757,-0.4582309,6.1679707,0.11014414984518722,1,-1
2025-01-03 07:10:10,3.504547,10.827439,0.07554033,11.380729,0.11014257020293591,1,-1
2025-01-02 17:33:00,-1.7012566,8.662856,2.1959593,9.09734,0.11014003246241375,1,-1
2025-01-01 11:00:30,2.5919294,11.343652,-0.81894207,11.664784,0.11013399831700157,1,-1
2025-01-03 05:43:50,2.716308,6.8212028,0.93800646,7.4018235,0.11012890008269188,1,-1
2025-01-02 11:51:10,3.5029328,9.551479,-1.0317053,10.225738,0.11010941136374035,1,-1
2025-01-01 18:05:30,-2.4686816,8.889579,-3.5344326,9.879839,0.11010918152556055,1,-1
2025-01-02 08:51:05,0.61877805,10.044238,1.3102415,10.148219,0.11009259240894377,1,-1
2025-01-01 07:48:45,-3.7628644,11.126943,-3.0970345,12.147412,0.11008658794749686,1,-1
2025-01-03 00:59:55,1.0425439,10.627105,1.1408291,10.73889,0.11008136078014494,1,-1
2025-01-02 18:50:05,-2.7606158,7.85175,0.082354434,8.323326,0.11006995121369022,1,-1
2025-01-01 06:54:20,2.3478255,5.593033,1.1039561,6.16547,0.11006878122803603,1,-1
2025-01-03 12:20:15,2.049358,10.820011,1.5422134,11.119844,0.11005169944788204,1,-1
2025-01-01 09:12:40,3.2682076,13.880088,-2.3206563,14.447266,0.10999911657773358,1,-1
2025-01-01 21:20:00,-0.9866208,7.355312,1.854617,7.6494207,0.10999759595200971,1,-1
2025-01-03 15:44:20,-1.1536977,6.3672805,1.3460352,6.6094694,0.1099885517782145,1,-1
2025-01-02 19:20:30,1.8558275,12.154131,-2.90274,12.633008,0.10998395349526868,1,-1
2025-01-03 06:19:15,-2.2092721,12.788183,-1.3192518,13.044498,0.1099420576491855,1,-1
2025-01-02 15:00:05,-1.5838193,9.58595,0.80829316,9.749475,0.10994125371049496,1,-1
2025-01-02 23:17:05,-2.2691615,13.998468,0.8797016,14.208451,0.10993523774462527,1,-1
2025-01-01 01:36:10,2.7283823,7.592676,1.1275892,8.146426,0.10993156944047833,1,-1
2025-01-01 08:01:10,-2.793911,9.433906,0.044847764,9.839031,0.10992295462257488,1,-1
2025-01-02 22:05:35,-3.4421022,10.5542755,0.59222543,11.117173,0.1099217818906119,1,-1
2025-01-03 00:37:10,-1.2110689,7.5784287,-2.6834202,8.130192,0.10991369045581338,1,-1
2025-01-03 01:34:40,2.864665,5.8257937,1.2543871,6.612085,0.10989275368047004,1,-1
2025-01-01 02:16:15,-1.3412288,12.488545,1.2961798,12.627064,0.10989175430811081,1,-1
2025-01-03 10:13:25,-2.5185046,7.4433527,0.64587677,7.8843846,0.10988799011880619,1,-1
2025-01-01 20:04:55,-2.1091907,10.823163,1.2098666,11.09294,0.1098862877627293,1,-1
2025-01-03 13:14:35,-0.7639432,6.709274,-0.5966145,6.7789316,0.10988211002257975,1,-1
2025-01-03 07:22:10,0.18581638,5.999729,1.659451,6.2277646,0.10987527371812221,1,-1
2025-01-01 19:28:35,3.4526932,11.180623,2.1842473,11.903712,0.10987191561066924,1,-1
2025-01-03 20:41:30,-3.1281147,6.1598287,-0.42902884,6.921897,0.10986860364424382,1,-1
2025-01-01 07:09:40,2.908075,11.156647,-2.412804,11.779188,0.10983765091271835,1,-1
2025-01-02 08:44:25,-3.2186353,10.140224,-2.5623255,10.943001,0.10983302681036561,1,-1
2025-01-01 05:55:10,1.3769354,6.780213,0.14776805,6.920193,0.10982708753373178,1,-1
2025-01-02 21:01:00,-3.3557212,10.251531,0.37612087,10.793341,0.10981733884414634,1,-1
2025-01-03 02:53:35,1.9265486,5.8864665,-1.5286964,6.379576,0.10978405346913184,1,-1
2025-01-02 14:54:20,2.7920654,12.98106,-1.4560709,13.357533,0.1097738840818731,1,-1
2025-01-01 15:15:30,-1.3219805,6.552945,1.7408923,6.9079247,0.10977268823021603,1,-1
2025-01-01 07:38:25,-4.0689187,9.87309,1.884289,10.843641,0.10976678729079653,1,-1
2025-01-01 16:06:30,0.77473176,13.046879,-2.905555,13.388932,0.10976267943542171,1,-1
2025-01-01 21:22:45,3.179271,10.463048,-0.2503969,10.938273,0.10974643128682295,1,-1
2025-01-03 09:16:55,0.29807916,7.0790725,-2.6425152,7.5620766,0.10974184544735767,1,-1
2025-01-01 05:01:55,-2.72267,9.435336,-3.1576567,10.315488,0.10971491286123913,1,-1
2025-01-02 07:31:00,-4.1737146,13.120215,2.3055766,13.959786,0.10970373129148309,1,-1
2025-01-01 21:51:20,-3.7894475,7.785687,-2.4095805,8.987931,0.10968545709572972,1,-1
2025-01-03 02:26:15,-2.665388,10.510172,1.7794032,10.987915,0.10968132601295949,1,-1
2025-01-03 17:53:15,-2.7849479,6.2129755,-0.19345745,6.811345,0.10965190586365323,1,-1
2025-01-01 16:50:35,3.423803,11.830435,1.2578738,12.379978,0.10964810467816988,1,-1
2025-01-03 14:56:30,-1.6733207,12.286912,-2.2446125,12.601845,0.10964193055964,1,-1
2025-01-03 18:49:25,-0.44249633,5.9066796,-1.6518723,6.149256,0.10963827041564625,1,-1
2025-01-03 13:52:10,3.9165988,8.798603,-2.5449047,9.961511,0.10961506525646093,1,-1
2025-01-01 08:42:40,0.78186274,5.4214053,-3.397235,6.445475,0.10961172316621283,1,-1
2025-01-03 02:47:45,0.22077762,10.6688385,1.4428846,10.7682295,0.10960432762608519,1,-1
2025-01-02 21:06:45,0.49593252,8.057302,-3.1412687,8.662196,0.10959932344553043,1,-1
2025-01-01 10:38:20,2.661024,8.483483,-3.4929225,9.552542,0.10959694465392196,1,-1
2025-01-01 18:38:20,-2.6317885,9.587044,0.9837576,9.99027,0.10958383431745575,1,-1
2025-01-01 14:22:20,1.0817481,13.357986,-2.5344107,13.639253,0.10957615561876097,1,-1
2025-01-02 11:50:45,1.187931,6.6531906,1.3459761,6.8911376,0.10957600771062662,1,-1
2025-01-01 23:36:15,-3.9347465,12.997437,0.6941355,13.597698,0.10957141222896723,1,-1
2025-01-02 09:17:05,-3.1803014,9.396506,-2.1603565,10.152625,0.10954887302317334,1,-1
2025-01-03 17:51:05,2.795716,10.380462,-2.301361,10.993919,0.10954424272988635,1,-1
2025-01-02 23:08:45,1.9218099,7.0645165,-0.28783935,7.326909,0.10954143559969899,1,-1
2025-01-01 22:06:05,-0.5287719,5.9474916,-1.5564451,6.170476,0.1095389662324078,1,-1
2025-01-02 11:51:30,-3.6913412,7.9669213,1.7720102,8.957559,0.10952803140837573,1,-1
2025-01-02 16:28:35,2.9320486,9.926551,1.4107995,10.446228,0.10952279661009308,1,-1
2025-01-02 20:58:00,-2.8062134,5.7635384,-2.1805959,6.77113,0.10950589748934822,1,-1
2025-01-02 14:15:35,-1.778805,13.44562,1.8269953,13.685275,0.10948985464513775,1,-1
2025-01-02 06:42:55,-2.8085153,10.024484,1.4045286,10.504796,0.10948754565420818,1,-1
2025-01-01 03:28:55,2.0430856,12.459441,2.4989939,12.870774,0.1094584435795909,1,-1
2025-01-02 04:31:55,-0.34119368,12.9188795,-2.9052057,13.245908,0.10945684219928208,1,-1
2025-01-02 07:51:40,-2.3802092,6.422779,0.19234097,6.852334,0.10944760442060532,1,-1
2025-01-01 14:02:20,3.211754,12.715084,-0.5407084,13.125589,0.10944738025685807,1,-1
2025-01-01 16:02:40,3.9347587,7.2551694,-3.4381146,8.940942,0.10942305902853129,1,-1
2025-01-01 21:23:55,-1.9934146,11.64614,-1.7016221,11.937412,0.10941032491229133,1,-1
2025-01-02 10:34:30,0.06623186,9.781982,1.8879106,9.962719,0.10939845862230997,1,-1
2025-01-02 00:43:50,3.7951608,12.507867,-1.8673998,13.20368,0.10937876262075324,1,-1
2025-01-02 19:11:10,2.2130384,13.20358,-0.56218505,13.399556,0.10936346452415402,1,-1
2025-01-02 14:18:50,2.0037537,10.85868,-3.1092293,11.471411,0.10934917449265513,1,-1
2025-01-03 00:36:00,1.3670845,10.9500885,-2.8160467,11.388743,0.10934074651956231,1,-1
2025-01-02 17:04:35,-0.39666176,11.340168,1.3349643,11.425362,0.10933726441339582,1,-1
2025-01-03 04:54:35,3.7769608,9.384641,-0.60620886,10.134318,0.10933566627989041,1,-1
2025-01-03 09:54:15,2.37342,7.5504484,-3.0504405,8.482192,0.10932358653623228,1,-1
2025-01-02 22:22:35,-1.5220616,12.2301855,1.3356372,12.396694,0.10932273712171327,1,-1
2025-01-03 00:22:55,-1.6243173,12.450445,-3.1150954,12.936607,0.10932237812096925,1,-1
2025-01-03 07:51:45,-1.497631,6.4714813,-3.6318781,7.5705686,0.10930968088747436,1,-1
2025-01-03 15:18:05,-2.4631593,6.0540514,-3.5548282,7.4401274,0.10930285042729604,1,-1
2025-01-03 15:45:30,3.3349848,6.882856,2.4740818,8.038465,0.10928863409056049,1,-1
2025-01-01 15:24:00,-1.4686604,13.708043,1.9899969,13.929376,0.10926824399838217,1,-1
2025-01-03 14:04:55,2.4241073,6.3827143,2.154463,7.159403,0.10926391289132162,1,-1
2025-01-02 22:04:50,-3.4030185,13.133991,-0.8282136,13.592947,0.10926297388367638,1,-1
2025-01-02 13:02:40,-3.5849764,6.48875,-0.27943647,7.4184914,0.10925703468182382,1,-1
2025-01-01 00:39:45,-1.4787868,6.2664027,2.4997118,6.9067483,0.10924864819861674,1,-1
2025-01-01 18:15:15,0.21439411,6.8739414,-2.346328,7.2665186,0.1092190126896378,1,-1
2025-01-03 14:59:20,3.6268055,11.791472,1.8237429,12.470709,0.10921862774439763,1,-1
2025-01-03 16:20:50,0.17864686,6.7888455,-1.769657,7.0179787,0.10919246813344116,1,-1
2025-01-03 06:03:20,3.540513,6.4081426,2.0003848,7.5895367,0.1091727121518166,1,-1
2025-01-01 19:39:15,2.4597538,10.920195,0.8376306,11.225091,0.10916980907185526,1,-1
2025-01-01 17:39:00,1.5536306,7.5409064,1.3795375,7.8219028,0.10916588275420278,1,-1
2025-01-03 10:52:30,-4.1353426,11.917201,2.3231738,12.826452,0.10914920689249501,1,-1
2025-01-03 17:46:20,1.4930288,6.7364645,-1.7926348,7.128999,0.10914889316662636,1,-1
2025-01-01 15:34:35,2.012263,11.177821,-0.94657564,11.396881,0.10914543896763593,1,-1
2025-01-01 05:14:55,3.9185886,12.170317,1.9249828,12.929713,0.10914492143579115,1,-1
2025-01-01 04:30:10,1.8387964,9.05084,-2.528662,9.575647,0.10913421508005276,1,-1
2025-01-03 00:12:40,2.7223358,13.562746,-2.1786306,14.003772,0.10912446432466474,1,-1
2025-01-02 10:37:35,2.4524577,7.4469695,-2.7754645,8.317158,0.10908935306520948,1,-1
2025-01-01 10:53:45,-2.0767384,6.0392833,-0.13324983,6.387765,0.10908359065640777,1,-1
2025-01-03 13:40:10,-2.474683,6.4352016,2.0865283,7.203435,0.10908055788905509,1,-1
2025-01-01 16:18:35,2.3039193,8.623426,-1.4194871,9.038057,0.10907711858724184,1,-1
2025-01-01 09:13:30,2.7156777,9.036312,1.175519,9.508506,0.10907656331513618,1,-1
2025-01-01 02:36:55,-2.612353,10.95466,-1.6056147,11.375718,0.10907420448931406,1,-1
2025-01-02 08:06:50,1.9217898,5.88291,-2.6505442,6.732554,0.1090611966900737,1,-1
2025-01-02 21:47:10,2.3768694,10.345922,-0.49792257,10.627113,0.10905094642013499,1,-1
2025-01-03 08:28:15,3.232329,8.935058,0.92723846,9.546884,0.1090472520740138,1,-1
2025-01-02 03:36:05,-1.3262957,6.803846,-2.5194404,7.375565,0.10903591524935848,1,-1
2025-01-01 13:13:10,2.819296,6.0831704,0.24608257,6.709244,0.10902260955148674,1,-1
2025-01-01 18:46:55,1.0110254,5.8164883,0.65613496,5.940052,0.10901760313353526,1,-1
2025-01-01 08:39:50,-3.267634,6.384005,0.9842678,7.2389045,0.10900702570379361,1,-1
2025-01-01 17:17:20,-2.5780973,6.3619747,-0.4437591,6.878825,0.10896790860069212,1,-1
2025-01-01 06:13:25,3.3421433,6.4394417,0.8845066,7.3088083,0.10896512815157346,1,-1
2025-01-03 19:29:40,-0.49829322,12.705401,-0.31554067,12.719084,0.10894265505286654,1,-1
2025-01-03 01:30:50,2.6429112,10.3167095,-3.615195,11.2467375,0.10894180272143282,1,-1
2025-01-03 18:54:50,3.300779,6.519358,-3.7789395,8.226637,0.10893195385111233,1,-1
2025-01-03 01:49:25,-1.2898061,5.81912,1.893314,6.2538304,0.10889911626172843,1,-1
2025-01-02 05:15:05,-1.2922596,12.015124,-3.4988995,12.580756,0.10889639849083048,1,-1
2025-01-02 21:28:10,-2.1537685,6.5056562,1.1501992,6.948758,0.10888246565172675,1,-1
2025-01-01 06:27:10,0.9358301,6.8402762,0.5231216,6.923786,0.10887689807756978,1,-1
2025-01-03 02:46:30,-4.0081635,7.8479743,-0.97942054,8.866529,0.10887258863139271,1,-1
2025-01-01 10:17:05,-0.6450165,7.145925,1.4310981,7.316306,0.10885879146372306,1,-1
2025-01-03 13:50:30,2.256345,7.0515127,2.3401213,7.764734,0.108847034082754,1,-1
2025-01-02 09:59:00,-3.5672247,7.8545713,-0.67933035,8.653373,0.10884224954755321,1,-1
2025-01-02 01:25:50,-1.2258493,13.178532,-3.485499,13.686676,0.10882899033052162,1,-1
2025-01-02 21:59:10,-2.386879,8.2614975,1.1854911,8.680721,0.10882757818670524,1,-1
2025-01-03 09:28:50,-0.055049837,11.145838,-2.3749762,11.396194,0.10882242791901442,1,-1
2025-01-01 15:39:55,-0.34525484,7.9042635,1.9133105,8.139861,0.10881202289217387,1,-1
2025-01-02 06:27:55,-2.8835657,10.801297,1.5080669,11.280835,0.10880479050261742,1,-1
2025-01-03 16:12:30,-3.2763383,6.5788193,-1.8004234,7.566821,0.1087709214962024,1,-1
2025-01-02 12:05:50,3.9007277,7.92726,-0.097461805,8.835532,0.10876982825434507,1,-1
2025-01-02 07:39:00,-3.6629553,9.1903105,-2.7700832,10.27387,0.10875833840013534,1,-1
2025-01-01 21:05:20,-0.3133703,9.939106,2.105986,10.164605,0.10873902312984181,1,-1
2025-01-01 21:49:35,-2.1891227,6.500861,0.33866826,6.8679075,0.10872872636903065,1,-1
2025-01-01 01:11:30,-1.6156424,9.803132,-3.648516,10.584109,0.108726135477465,1,-1
2025-01-01 04:49:50,-0.016499,13.180532,1.6390538,13.2820635,0.1087136145801864,1,-1
2025-01-03 06:57:25,-1.7169257,10.420803,-2.5811272,10.8721285,0.10871059871850572,1,-1
2025-01-02 18:47:00,1.670563,6.959968,-0.62830514,7.1851726,0.10870368610793303,1,-1
2025-01-01 16:59:35,3.1909795,8.150336,1.561419,8.890914,0.10868520126036288,1,-1
2025-01-03 03:56:30,0.40868154,8.343525,-3.4073756,9.021731,0.10868023696812083,1,-1
2025-01-02 18:11:25,-1.1519184,9.13133,-3.0598052,9.698996,0.1086761290675253,1,-1
2025-01-01 23:48:45,-3.733793,13.108017,-0.9836756,13.66488,0.10867157057053758,1,-1
2025-01-01 00:47:25,2.3149927,13.78233,-0.5770712,13.9873085,0.10865522196432811,1,-1
2025-01-02 06:45:15,0.16668622,12.600235,-2.3946857,12.826856,0.10864701177459687,1,-1
2025-01-03 18:36:20,1.91672,11.387091,1.4665239,11.640032,0.1086410448491471,1,-1
2025-01-03 05:01:15,1.8251666,13.956651,-0.44845027,14.082629,0.10863415908647604,1,-1
2025-01-02 12:32:35,-2.3274882,13.13093,1.0425346,13.376301,0.10861914058058611,1,-1
2025-01-02 11:28:35,3.3650784,10.505914,-0.079200625,11.031964,0.10859611526324103,1,-1
2025-01-03 05:18:05,2.1373038,13.178603,-2.5085025,13.584412,0.10858458951512993,1,-1
2025-01-01 02:25:25,-2.7808573,8.070854,-1.8507925,8.734832,0.10857670505457058,1,-1
2025-01-01 13:57:25,-1.299382,8.441035,-3.7430944,9.324711,0.10857091350236409,1,-1
2025-01-02 09:19:15,-1.8188975,5.948003,-0.97307956,6.2955546,0.10856077094995506,1,-1
2025-01-01 02:49:50,0.523892,13.582903,2.4626184,13.814275,0.10855801912236467,1,-1
2025-01-02 22:48:05,-4.0512567,10.356324,-0.7874396,11.148372,0.10855549876865163,1,-1
2025-01-01 06:39:15,3.264405,10.97301,0.31295633,11.452565,0.10855277363807866,1,-1
2025-01-02 05:08:55,-1.3683944,8.476514,1.9641347,8.808043,0.10854091647824803,1,-1
2025-01-02 07:52:50,-1.4298187,6.1718717,-1.1795905,6.4442077,0.10851736488782082,1,-1
2025-01-02 22:27:35,0.51035887,5.891117,1.982339,6.2366176,0.10850330669916451,1,-1
2025-01-01 09:24:55,-3.03168,12.627809,-0.6153469,13.001203,0.10847593376181057,1,-1
2025-01-01 23:02:15,3.7736673,13.171671,0.91290253,13.731966,0.10847126105812768,1,-1
2025-01-02 14:38:45,2.8311741,11.116915,1.1257747,11.526869,0.10846553264607063,1,-1
2025-01-02 14:00:55,-0.9713991,6.326507,0.69400537,6.4381638,0.10845950953449836,1,-1
2025-01-03 15:32:45,2.843629,8.651009,-2.035852,9.331178,0.10844536696133912,1,-1
2025-01-02 03:08:30,-2.644624,6.283639,-0.47804782,6.834229,0.10843920586467551,1,-1
2025-01-03 10:55:35,2.7921584,9.725892,-0.8025992,10.150532,0.1084294656818336,1,-1
2025-01-01 11:10:05,3.8076663,5.6699967,1.0532187,6.9106045,0.1084246706325868,1,-1
2025-01-03 18:43:15,3.544404,12.321738,-0.5543308,12.833367,0.10841346492869165,1,-1
2025-01-01 12:28:10,3.146841,10.320312,1.5754672,10.9038315,0.10841278426502073,1,-1
2025-01-02 17:12:35,3.7651627,7.2254443,-3.2810485,8.783438,0.10839832510299692,1,-1
2025-01-03 18:09:25,-1.3340609,10.330705,-2.8614726,10.80237,0.10838767402187195,1,-1
2025-01-02 02:58:45,-1.5736165,10.177846,1.3499252,10.386872,0.10837773295463139,1,-1
2025-01-02 07:40:50,-2.7069747,9.805741,1.0743889,10.229105,0.1083764955113581,1,-1
2025-01-02 21:52:20,3.6461527,12.712425,0.9610432,13.259856,0.10835598258433944,1,-1
2025-01-03 14:57:00,1.7834818,5.7764726,-2.302294,6.4690804,0.10835579729435886,1,-1
2025-01-02 09:04:55,-1.7385978,7.699417,1.7638524,8.08795,0.10835072718419245,1,-1
2025-01-01 09:44:05,-2.234697,6.654747,-1.7015034,7.2232018,0.10834879194004672,1,-1
2025-01-03 00:22:25,-1.4844306,10.311847,1.9378668,10.596841,0.10834518904034357,1,-1
2025-01-02 15:16:05,2.9582183,13.946058,0.6440827,14.270895,0.10834487036635872,1,-1
2025-01-02 16:09:00,2.731326,7.8971043,-1.0321465,8.419603,0.10833750525887915,1,-1
2025-01-02 15:31:30,-1.1128962,11.460407,-3.2138343,11.954422,0.1083075599768685,1,-1
2025-01-03 03:46:40,3.0619538,12.174592,-1.2816222,12.618986,0.10830072988728556,1,-1
2025-01-03 14:42:10,-2.3099523,6.508365,-2.4348183,7.3227754,0.10829960647547753,1,-1
2025-01-03 00:51:45,-2.7449152,5.4393086,0.00074639515,6.092671,0.10827997025061681,1,-1
2025-01-01 05:55:20,3.048103,12.02094,0.18929341,12.402813,0.10825696388285376,1,-1
2025-01-03 13:52:15,-1.2672484,7.022432,1.5367551,7.2994576,0.10824093927702506,1,-1
2025-01-02 10:38:30,-1.6064824,9.510333,0.850844,9.682518,0.10822962792894336,1,-1
2025-01-01 11:50:40,2.8976986,6.6808276,1.5977614,7.4553976,0.10822250672018605,1,-1
2025-01-03 15:17:40,0.6198966,7.461482,-2.7384727,7.972278,0.10820711715225094,1,-1
2025-01-01 14:31:45,-3.9737022,5.3932405,-0.6014134,6.725998,0.10820367855780384,1,-1
2025-01-03 16:34:05,2.897465,7.582126,1.049805,8.1845,0.1082026339836634,1,-1
2025-01-03 17:00:20,-3.8956783,10.863406,-1.3953876,11.6248455,0.1081943007080943,1,-1
2025-01-03 15:00:40,-0.3592294,10.472911,-3.051978,10.914462,0.10819273520779021,1,-1
2025-01-02 13:31:00,2.7949154,5.8384204,2.4365304,6.916313,0.10818565065763619,1,-1
2025-01-03 07:22:35,3.182569,11.557161,1.8681811,12.132057,0.10817735108505731,1,-1
2025-01-03 15:39:45,-0.49631745,9.395397,1.7689759,9.573354,0.10815691766684861,1,-1
2025-01-03 06:46:45,0.29729226,6.941022,-1.66711,7.144608,0.10815378594214221,1,-1
2025-01-02 01:58:00,-3.6814363,12.635113,-3.4208665,13.597845,0.10815120129887328,1,-1
2025-01-01 19:24:40,0.6227543,8.818886,2.4840183,9.183187,0.10814700867363607,1,-1
2025-01-01 16:44:50,-2.5096254,12.912038,0.012892166,13.153672,0.10813253743364117,1,-1
2025-01-02 16:06:45,-0.011794859,12.163241,-0.3551748,12.168431,0.10812313282137911,1,-1
2025-01-03 03:45:15,-2.6052418,11.603532,-1.4664288,11.982472,0.10809156709937584,1,-1
2025-01-02 03:01:25,3.0559728,5.733995,-3.1468775,7.2194533,0.1080854951175116,1,-1
2025-01-03 15:38:05,0.93666786,10.42499,1.3663712,10.555792,0.10808494124011972,1,-1
2025-01-02 21:49:00,2.6385286,11.312,0.98461366,11.657301,0.10808423522836401,1,-1
2025-01-01 10:20:20,-0.1753607,12.835052,1.2339827,12.895426,0.10806717368717582,1,-1
2025-01-03 17:03:15,-3.6275365,6.9414763,1.8026676,8.03696,0.10806526844565968,1,-1
2025-01-03 03:58:20,-2.2180097,6.976497,-1.6107042,7.495695,0.10805020420492287,1,-1
2025-01-03 17:21:40,2.3192437,9.543202,1.0380669,9.875687,0.10804968149315382,1,-1
2025-01-02 14:50:35,-1.6210799,10.08541,-2.971433,10.638271,0.10804618145380149,1,-1
2025-01-03 20:52:25,0.6543144,10.8090515,1.7559783,10.970286,0.10802537673452907,1,-1
2025-01-02 11:46:35,-3.6277516,6.87793,-0.33323678,7.7831583,0.10800986572727174,1,-1
2025-01-01 11:52:15,2.9745452,8.341045,-3.5988886,9.55892,0.10800191724730437,1,-1
2025-01-03 12:42:05,3.1315563,10.545117,-3.142724,11.440405,0.10799839903299842,1,-1
2025-01-02 19:49:20,3.0989423,6.178503,0.19102687,6.914755,0.10798628906322702,1,-1
2025-01-01 11:00:45,-3.308275,9.323867,-2.5896895,10.226713,0.10794874963050499,1,-1
2025-01-02 16:16:20,2.1900873,11.857761,-1.4009864,12.13943,0.1079429662331199,1,-1
2025-01-01 14:07:00,-3.448078,11.029308,-3.3683512,12.036639,0.10793941273516315,1,-1
2025-01-03 04:48:35,-1.6231132,6.3581905,1.6168253,6.758343,0.1079155754011883,1,-1
2025-01-01 02:02:00,3.696076,7.815551,1.536029,8.780843,0.10789921787386857,1,-1
2025-01-02 18:00:30,-2.537255,5.9574246,2.418118,6.912009,0.10789293048801828,1,-1
2025-01-01 03:36:10,1.8126684,8.123569,1.3531591,8.432625,0.10787874384449306,1,-1
2025-01-01 15:35:05,-0.7813341,13.064416,1.1868078,13.141459,0.10787060118792476,1,-1
2025-01-03 10:05:00,1.998211,11.049124,0.6820708,11.249053,0.10786827450799577,1,-1
2025-01-02 19:01:15,-2.254383,10.868165,-2.8330913,11.455377,0.10785104211762979,1,-1
2025-01-03 21:19:15,0.67825216,10.047493,-2.5751996,10.394412,0.10784700258262166,1,-1
2025-01-01 23:45:50,3.1592999,11.825293,-2.767145,12.548936,0.10783452397909538,1,-1
2025-01-01 12:10:50,2.6451342,10.006823,1.211377,10.4211645,0.1078302635885579,1,-1
2025-01-02 12:59:15,-1.000804,10.375411,1.8646115,10.589029,0.1078074982595055,1,-1
2025-01-02 04:48:45,3.4951625,11.691221,-3.7153378,12.755569,0.1077978017550921,1,-1
2025-01-01 03:51:40,2.5517385,8.74725,-1.7841684,9.284881,0.10779374260228033,1,-1
2025-01-01 06:57:20,-1.1169515,13.251077,-1.5928023,13.393119,0.10778656519497642,1,-1
2025-01-01 19:11:40,-1.5604286,9.218309,-3.4379878,9.961522,0.10778147846084773,1,-1
2025-01-01 06:04:45,-1.3744205,7.7622523,1.2872871,7.9874086,0.10777478253107008,1,-1
2025-01-01 20:33:00,0.41835335,11.761985,-1.9188328,11.924815,0.10777287991006368,1,-1
2025-01-03 08:16:00,-2.996826,13.444943,-1.2774861,13.833997,0.1077030461248476,1,-1
2025-01-02 14:08:25,-1.4966961,7.833374,-3.0677652,8.544766,0.10769823236559022,1,-1
2025-01-01 09:15:55,-1.3705293,12.939788,-2.6819992,13.285691,0.10766814023355283,1,-1
2025-01-02 08:46:25,-3.2776427,13.170923,2.3592675,13.77615,0.10763705920350515,1,-1
2025-01-01 23:52:20,0.37350392,5.7223787,0.05737952,5.734842,0.10763548103382502,1,-1
2025-01-02 05:42:20,-3.452726,7.411865,-2.6829255,8.605531,0.10762763926946838,1,-1
2025-01-03 03:51:50,1.3132358,11.252623,-2.3241935,11.564946,0.10761638141991105,1,-1
2025-01-02 04:19:50,3.0033941,12.106799,-1.2373322,12.534988,0.10761440300634498,1,-1
2025-01-01 10:37:00,-1.9541824,12.140892,0.576037,12.310642,0.10761373765662276,1,-1
2025-01-02 20:40:05,0.1961853,12.396907,1.874164,12.5393095,0.10759429348258755,1,-1
2025-01-03 04:15:20,0.0651809,12.131689,-3.136992,12.530875,0.10758262949719272,1,-1
2025-01-03 14:31:05,0.7614125,7.1031103,-2.7706573,7.662276,0.10754995655396384,1,-1
2025-01-03 02:04:45,3.9472263,7.9806085,1.1064107,8.971892,0.10754974775745253,1,-1
2025-01-03 00:30:25,-2.9123297,11.482645,-2.5953438,12.127185,0.10754310418726898,1,-1
2025-01-02 16:31:35,2.9077287,6.800877,2.1597347,7.7052755,0.10754197053664004,1,-1
2025-01-02 08:19:30,2.2495708,10.179161,-3.3506956,10.950025,0.10754122614784446,1,-1
2025-01-01 07:22:30,2.5248103,10.262339,-1.5916647,10.687547,0.10752268509696264,1,-1
2025-01-02 22:15:20,-2.5009558,7.119593,-0.14052649,7.5473924,0.1075165317123062,1,-1
2025-01-03 21:22:05,1.3870419,7.6345687,1.7885725,7.9630094,0.10751638870546598,1,-1
2025-01-03 15:12:30,2.139708,12.427551,-1.8306328,12.74259,0.10745852950183177,1,-1
2025-01-03 17:30:45,-1.3948264,12.289821,0.48200822,12.378108,0.1074524919351342,1,-1
2025-01-01 22:20:45,1.613389,10.341469,-2.478328,10.7559805,0.10744856408353706,1,-1
2025-01-02 02:47:45,-0.99198043,5.7107406,-1.8988329,6.099356,0.10743542319664805,1,-1
2025-01-03 05:55:20,1.5441728,9.375868,-3.0454445,9.978281,0.10743246247596006,1,-1
2025-01-01 12:10:05,2.002087,7.759717,-2.6748433,8.448452,0.10741200400979535,1,-1
2025-01-01 19:12:55,2.6561882,11.517415,0.5950823,11.834707,0.10741020217613416,1,-1
2025-01-01 06:23:35,1.6472719,6.9464498,1.053755,7.2164445,0.10739627329328971,1,-1
2025-01-02 19:40:20,3.3826363,9.488969,2.4329734,10.363499,0.10739361678115286,1,-1
2025-01-02 23:24:55,-2.2625492,7.4825225,1.6751897,7.994594,0.10739175900067294,1,-1
2025-01-01 23:35:25,-2.9357076,12.732079,-1.0910219,13.111618,0.10737693423589595,1,-1
2025-01-01 08:49:40,-0.9093442,11.859756,-2.7128172,12.200005,0.10736900215205908,1,-1
2025-01-02 04:51:10,-2.3650992,9.252498,-3.442585,10.151542,0.1072989394673269,1,-1
2025-01-01 15:12:05,3.4602377,11.621311,2.502611,12.381082,0.1072906794422119,1,-1
2025-01-02 15:59:00,2.7508407,8.064242,-3.4865406,9.206253,0.10729033567198841,1,-1
2025-01-01 23:47:10,-0.6045206,9.928429,-0.25648788,9.950122,0.10728958860075886,1,-1
2025-01-02 04:08:55,1.9414674,13.029261,-0.57115144,13.18549,0.10728867555480191,1,-1
2025-01-03 14:45:05,1.9349998,12.63383,1.1920862,12.836625,0.10727219419964237,1,-1
2025-01-03 04:36:30,2.724945,6.081357,-0.6250175,6.6931963,0.1072583571995429,1,-1
2025-01-03 20:12:35,-3.75933,11.543031,0.01037496,12.139779,0.10725621695076655,1,-1
2025-01-01 00:15:50,-1.5822246,7.0329623,1.3572631,7.3354044,0.107247460343971,1,-1
2025-01-02 23:47:55,1.4848076,12.953564,-1.2803679,13.1011,0.10724723120745186,1,-1
2025-01-03 06:48:30,0.028248964,9.550252,-1.3760043,9.648911,0.10722273073007513,1,-1
2025-01-02 18:14:15,3.8925674,9.505642,-3.7596107,10.9381895,0.10720043644137676,1,-1
2025-01-03 01:31:35,0.7493653,8.811489,-2.6251094,9.2247,0.10719995691388726,1,-1
2025-01-01 14:17:30,0.16787219,6.7258396,-0.7464002,6.769211,0.10719930837528477,1,-1
2025-01-01 15:01:35,0.4675817,8.468248,1.4642977,8.6066265,0.10718548771303023,1,-1
2025-01-02 10:40:15,1.790526,7.474413,-3.24497,8.342821,0.10716229872318556,1,-1
2025-01-03 02:59:25,0.1799292,7.0317264,0.9777932,7.101664,0.10715705037632586,1,-1
2025-01-02 22:28:50,-0.5490072,12.23673,-0.50644743,12.259504,0.10715307434213292,1,-1
2025-01-01 13:45:45,3.7987945,12.455969,-1.99613,13.174465,0.10713400059789781,1,-1
2025-01-02 09:21:10,-2.0772383,12.707945,-1.1644748,12.929145,0.10712839897065841,1,-1
2025-01-01 21:04:35,1.2173834,10.359332,1.4818027,10.535346,0.10712786123931448,1,-1
2025-01-01 05:12:00,2.557697,7.1605177,0.62062204,7.6288924,0.10712293788741808,1,-1
2025-01-01 23:54:45,-2.3098595,8.702634,-2.3580859,9.307624,0.10708443581689668,1,-1
2025-01-01 12:45:40,-1.540632,13.302897,0.20729034,13.393416,0.10708162499040581,1,-1
2025-01-01 16:45:40,-0.85811436,9.140953,1.5878092,9.317431,0.10708159698645393,1,-1
2025-01-02 07:32:35,3.5798063,5.399128,-0.100374,6.4788632,0.10707199033778288,1,-1
2025-01-02 05:00:20,-2.7578082,6.4883294,-1.3999509,7.1877527,0.1070610443301094,1,-1
2025-01-03 20:37:45,-0.0722706,7.268674,0.4811555,7.2849402,0.10705457401542966,1,-1
2025-01-01 04:27:40,2.5697837,10.772993,-0.45634997,11.084648,0.10705288548408112,1,-1
2025-01-03 08:32:20,1.3449504,11.2794485,-2.1743186,11.565575,0.10704739369015769,1,-1
2025-01-03 05:28:35,-4.036609,11.572199,2.370955,12.483246,0.1070473032037007,1,-1
2025-01-03 06:44:45,0.28934982,11.665445,1.6112772,11.779752,0.10704502082167137,1,-1
2025-01-01 18:40:55,2.8317955,13.2951,-1.9842998,13.737401,0.10702567875089875,1,-1
2025-01-03 01:42:40,-3.9625494,13.090948,-3.1478698,14.035092,0.10701626547455123,1,-1
2025-01-03 06:04:25,-3.7943275,13.254369,-1.3239632,13.850203,0.10701460412731666,1,-1
2025-01-01 08:17:45,-3.3228564,12.428292,-1.087928,12.9107485,0.10701447246717365,1,-1
2025-01-01 10:33:25,2.6631851,10.503975,-3.3465097,11.341304,0.10699374451267797,1,-1
2025-01-02 13:51:45,-0.3834024,8.497652,-2.8664718,8.976288,0.1069742187197157,1,-1
2025-01-01 21:11:40,-3.9298487,10.541918,-1.5087308,11.3513,0.10695215988258215,1,-1
2025-01-02 23:35:20,-0.2767938,11.832914,2.00886,12.005416,0.10694778089360696,1,-1
2025-01-01 03:32:30,-3.38456,8.719969,-2.3000615,9.632413,0.1069470460450556,1,-1
2025-01-02 05:19:05,-3.6232593,6.58787,-1.9184664,7.759417,0.10693637478120468,1,-1
2025-01-01 03:34:10,3.1072004,11.915933,0.46049553,12.322995,0.10692069942150653,1,-1
2025-01-01 23:40:15,3.0187354,13.199474,-0.16309066,13.541251,0.10691764724405181,1,-1
2025-01-03 14:17:30,1.5893079,6.0039177,1.5119084,6.3920884,0.10691158185489584,1,-1
2025-01-03 00:31:00,3.1658404,6.4217963,2.3036633,7.5212283,0.10690764851154377,1,-1
2025-01-02 13:57:55,-0.2942585,12.583008,0.31812114,12.590467,0.10690483941738001,1,-1
2025-01-03 08:15:10,-2.869466,12.853229,-0.123794846,13.170218,0.10689199849710243,1,-1
2025-01-02 04:45:15,0.08219309,13.451033,1.3584591,13.519706,0.10688547626925886,1,-1
2025-01-02 21:57:35,-2.8060806,9.9040785,1.2482643,10.369331,0.10688195540361807,1,-1
2025-01-02 05:58:25,-2.3926823,10.721931,-1.1848173,11.049368,0.10687829501307859,1,-1
2025-01-01 15:34:05,-1.0298404,8.437962,-2.031447,8.73994,0.10687193091094992,1,-1
2025-01-01 17:48:00,-3.1034212,10.600073,-2.399412,11.302652,0.10686623599448558,1,-1
2025-01-01 03:53:15,3.3075101,9.52201,-0.29136264,10.084304,0.10686279769449437,1,-1
2025-01-03 07:55:55,2.6358056,8.648426,-2.285916,9.325672,0.10685588997486169,1,-1
2025-01-01 00:30:35,2.6573758,11.167571,-1.6772654,11.601272,0.10685556182132686,1,-1
2025-01-01 17:51:55,-4.153642,5.9429617,-1.833415,7.478833,0.10684219562237597,1,-1
2025-01-01 02:03:45,-3.1715074,13.7072935,-3.139369,14.415408,0.1068354642418015,1,-1
2025-01-01 19:40:10,1.6583315,10.200662,-3.3431573,10.861872,0.10682616496565167,1,-1
2025-01-03 18:18:25,-3.4715297,11.168887,-2.6958315,12.002627,0.10681206815525958,1,-1
2025-01-01 22:18:20,0.40405,12.021848,-2.3356237,12.253294,0.10681205533624374,1,-1
2025-01-03 19:10:10,0.5004332,10.958782,-2.5110018,11.253909,0.10680019513569917,1,-1
2025-01-02 16:59:40,-2.978763,9.589251,-0.44290286,10.051016,0.10679902927721353,1,-1
2025-01-01 14:26:45,2.3370104,11.9888,1.5157763,12.308148,0.10679573327509256,1,-1
2025-01-02 03:03:15,1.4646487,8.016468,1.216338,8.239444,0.10677424076712562,1,-1
2025-01-01 16:07:05,-4.1621165,5.932229,0.38619015,7.256976,0.10676354606259807,1,-1
2025-01-01 08:15:35,-3.0945911,7.7870026,-2.8747835,8.858797,0.10676290154732045,1,-1
2025-01-01 05:04:00,-3.0719645,12.266194,-0.15245008,12.645937,0.10676256297596583,1,-1
2025-01-02 18:34:35,2.5339282,12.47419,-1.8245345,12.859049,0.10675984997843811,1,-1
2025-01-02 02:47:00,-4.062248,12.014342,1.9626893,12.833488,0.10674699903731207,1,-1
2025-01-01 22:59:35,-2.8760688,10.575827,0.31350848,10.964405,0.10673772971174637,1,-1
2025-01-03 12:03:05,1.1496096,10.150712,-3.2164893,10.710012,0.10673495952244512,1,-1
2025-01-03 17:12:45,0.592323,5.5311246,-2.5781126,6.131138,0.10673068629240941,1,-1
2025-01-01 21:58:40,0.7821955,5.808611,-2.6462388,6.4307365,0.10672017891141289,1,-1
2025-01-01 14:21:45,-1.9502882,12.583662,0.8031014,12.759198,0.10671829771503329,1,-1
2025-01-03 00:44:15,0.47052258,11.48981,-0.89653516,11.534335,0.10671535000522586,1,-1
2025-01-02 06:41:25,1.5943629,13.524358,1.9275954,13.753758,0.10670736968889018,1,-1
2025-01-02 18:06:55,-1.8523749,7.446015,-2.8438606,8.18303,0.10670723877299458,1,-1
2025-01-03 13:16:00,2.8604462,9.05296,1.1245122,9.56048,0.10670567590881846,1,-1
2025-01-03 02:18:50,0.87732375,11.872054,1.1844332,11.963203,0.10670435116829037,1,-1
2025-01-02 03:20:15,2.352526,13.119503,0.6566125,13.344919,0.10669181498824996,1,-1
2025-01-01 14:36:45,-0.21386874,8.86272,1.6409246,9.015884,0.1066883551424076,1,-1
2025-01-01 06:05:50,1.7658876,6.65811,-3.3766246,7.6714,0.1066638475703272,1,-1
2025-01-01 16:36:10,3.4025235,14.036568,-0.8221309,14.4664545,0.10666352225908458,1,-1
2025-01-03 07:41:15,2.8092277,8.133308,0.47085705,8.617666,0.1066602222087166,1,-1
2025-01-03 20:32:55,3.1941519,10.988209,0.2143061,11.445054,0.1066428081598414,1,-1
2025-01-02 17:12:45,-1.0170844,11.4443445,-2.640988,11.789076,0.10664090527537257,1,-1
2025-01-03 10:46:05,3.98728,13.570965,-0.623234,14.158317,0.10662917084840504,1,-1
2025-01-01 08:06:30,-2.5391834,13.217544,0.6340355,13.474157,0.10662403321879466,1,-1
2025-01-01 21:45:05,-3.024254,9.771021,-2.9016423,10.631956,0.10660514794564163,1,-1
2025-01-02 15:19:20,-2.6586175,6.21619,-3.7715073,7.741675,0.10659553272646277,1,-1
2025-01-01 03:20:40,2.7944593,12.547439,0.0054421057,12.854854,0.10658004540850473,1,-1
2025-01-01 00:11:25,-0.3187567,5.6075315,-2.496456,6.146406,0.10656277655320133,1,-1
2025-01-01 07:11:00,-3.3516593,10.670803,-1.4308122,11.275943,0.1065620808206309,1,-1
2025-01-02 16:00:45,0.7043574,10.30695,-1.5363728,10.444605,0.1065521838668613,1,-1
2025-01-01 08:35:00,-0.59691507,7.3113394,-1.5410427,7.4957857,0.10653863503378534,1,-1
2025-01-03 08:38:20,-2.7675433,7.354459,-0.6144373,7.8819346,0.10653803925110969,1,-1
2025-01-02 18:51:15,-2.531607,7.5534015,-1.3480122,8.079607,0.10652997200888045,1,-1
2025-01-03 08:30:05,3.0017629,9.6938505,-1.2982275,10.230676,0.10652023843440317,1,-1
2025-01-02 06:04:45,3.234759,9.627774,1.171828,10.224035,0.10648752733994946,1,-1
2025-01-02 13:26:05,-2.859871,11.999343,-0.80911875,12.361949,0.10648061766635254,1,-1
2025-01-03 11:53:50,-3.766739,11.919182,2.4752228,12.742917,0.10646928435861973,1,-1
2025-01-01 09:12:05,-2.5128448,9.796689,2.1675136,10.343482,0.106465515957969,1,-1
2025-01-03 10:10:05,-2.3303936,10.532906,-0.24996127,10.79052,0.10646401264113575,1,-1
2025-01-03 12:49:10,0.7374655,12.956728,-0.05175121,12.977802,0.10646396609974432,1,-1
2025-01-01 13:10:20,-0.16395062,13.124532,-0.016306842,13.125566,0.10645825809309394,1,-1
2025-01-03 05:02:35,-1.5010962,12.72284,-2.6265078,13.077558,0.10644084738843175,1,-1
2025-01-02 03:28:35,-3.0661132,5.276005,-2.810033,6.718152,0.10644005201433249,1,-1
2025-01-02 12:56:10,-3.55233,9.543236,0.5981274,10.200498,0.10643035711098284,1,-1
2025-01-01 02:45:30,-1.3308479,5.9723425,-0.7316509,6.162414,0.10642407376924162,1,-1
2025-01-03 12:04:20,2.1823933,13.707096,-2.3758492,14.081619,0.10640006978391735,1,-1
2025-01-01 00:18:50,-0.76892287,6.2270594,2.0383406,6.5971465,0.10638601233964831,1,-1
2025-01-03 11:16:40,1.2804153,10.355761,-1.2535022,10.509639,0.10638191910418159,1,-1
2025-01-01 18:44:10,0.25133836,5.765262,1.5063847,5.9641104,0.10637682888421716,1,-1
2025-01-02 19:48:20,3.3804688,13.662356,-1.2821443,14.132638,0.10637643073677584,1,-1
2025-01-01 01:13:45,3.3629608,14.047602,1.428075,14.514958,0.10637074390073341,1,-1
2025-01-03 13:00:45,-2.6435585,6.258974,-0.15172897,6.796041,0.10635651513056314,1,-1
2025-01-03 03:55:35,-1.1945633,10.813411,1.2146451,10.94679,0.106354628042393,1,-1
2025-01-03 20:19:10,0.56233174,13.32663,-0.4102263,13.344796,0.10634796683555724,1,-1
2025-01-02 11:28:15,-3.4527116,5.251657,0.03990019,6.285118,0.1063479168372089,1,-1
2025-01-01 06:38:40,3.4580429,6.078121,-0.6437009,7.022533,0.1063478023493361,1,-1
2025-01-01 18:54:20,0.8362923,8.440185,1.6661209,8.643614,0.10633617218853654,1,-1
2025-01-03 05:15:20,1.3870405,13.240307,-0.010991294,13.312765,0.10631370928794001,1,-1
2025-01-02 01:04:00,2.3447533,6.718314,0.10520803,7.116508,0.10630047992903115,1,-1
2025-01-01 21:33:50,-1.399824,6.2537704,1.9736527,6.705554,0.10628757495018248,1,-1
2025-01-01 19:06:55,3.0037472,6.4604616,0.90385985,7.1817145,0.10628720296264697,1,-1
2025-01-01 11:50:15,2.5198834,7.982061,-1.9952589,8.604892,0.10628248347716847,1,-1
2025-01-03 20:31:00,-4.0949674,12.695405,0.015767423,13.339501,0.1062818348164622,1,-1
2025-01-01 09:08:30,3.1127844,7.602812,-1.2949183,8.31679,0.10628013457625016,1,-1
2025-01-01 03:01:00,-2.5939043,6.9040704,0.17157057,7.37726,0.10626855803825438,1,-1
2025-01-02 16:31:00,1.4795333,8.12722,-2.38706,8.598766,0.10625776263787721,1,-1
2025-01-02 09:00:25,2.1435308,7.216636,-3.0852613,8.135933,0.10624164221928002,1,-1
2025-01-03 02:17:05,-2.4138885,10.368516,-0.09641278,10.646233,0.10623668528535288,1,-1
2025-01-01 17:18:20,3.6368022,11.14564,1.3162894,11.797638,0.10623586379983008,1,-1
2025-01-01 23:56:25,-3.1393416,6.883136,-1.1959431,7.6591973,0.1062253202275918,1,-1
2025-01-02 02:25:15,-1.7047838,12.186911,-0.41116598,12.312438,0.1062179998065005,1,-1
2025-01-03 14:20:05,-3.5758083,9.404464,2.4385638,10.35263,0.10620906679294081,1,-1
2025-01-03 20:05:05,-2.705166,11.221148,-0.4378843,11.550922,0.10620716862132709,1,-1
2025-01-03 00:57:55,-1.3273829,6.726585,-0.5952135,6.88209,0.10620634055990323,1,-1
2025-01-02 20:02:25,1.3371761,13.24514,-1.7445307,13.426286,0.1061717524994336,1,-1
2025-01-03 16:48:15,-3.508579,6.1809244,-1.8462987,7.3432126,0.1061607165962222,1,-1
2025-01-01 14:15:45,0.9682759,12.882029,-0.22137846,12.920264,0.10615279987126709,1,-1
2025-01-01 05:02:35,-1.6339571,12.085996,-1.1149162,12.246801,0.10614777173005471,1,-1
2025-01-02 13:10:45,2.0137925,5.5902524,-3.135715,6.718556,0.10614764096979061,1,-1
2025-01-02 06:01:10,-3.815228,8.680286,-2.9777124,9.938315,0.10613395904706222,1,-1
2025-01-03 01:31:40,3.6142666,12.776562,-2.0713804,13.438529,0.10613242136935662,1,-1
2025-01-03 14:57:35,3.0916603,6.9710913,-1.9535539,7.8721566,0.10610535102339962,1,-1
2025-01-03 11:33:10,-0.3829958,13.201895,-1.9041018,13.343999,0.10609349472813448,1,-1
2025-01-02 23:01:15,3.368844,5.326909,-2.5871496,6.813106,0.10608761825303734,1,-1
2025-01-02 13:28:10,-4.134346,12.410011,0.16380282,13.081591,0.10608732837614648,1,-1
2025-01-02 11:46:40,-0.38903546,13.294341,1.3549163,13.368869,0.1060840561646351,1,-1
2025-01-01 23:18:50,3.1325605,10.417366,1.2286748,10.947332,0.10608387855034138,1,-1
2025-01-03 01:22:30,3.8575165,13.373967,1.9007835,14.048359,0.10607696524789394,1,-1
2025-01-02 04:22:20,2.2838552,7.0805283,-0.7708961,7.479583,0.10606097194862611,1,-1
2025-01-02 09:03:55,2.9101205,10.28976,-2.660596,11.01938,0.10603598021377074,1,-1
2025-01-02 14:41:05,0.37953395,6.968255,0.94421214,7.0421705,0.10602901526558355,1,-1
2025-01-01 06:50:40,-3.8071504,12.086077,-2.9140174,13.002275,0.10602685966507171,1,-1
2025-01-01 07:15:25,-0.19699527,12.617555,-1.4581478,12.703057,0.10602419421674505,1,-1
2025-01-02 11:26:40,3.5750659,7.2366753,1.9524224,8.304367,0.10602206695426299,1,-1
2025-01-01 03:48:10,3.119239,10.369829,1.0300483,10.877684,0.10600943629303027,1,-1
2025-01-02 19:53:25,-3.513064,7.604582,0.009369162,8.376836,0.10600645097001367,1,-1
2025-01-02 13:53:15,-2.1780615,9.444486,-3.3482995,10.254432,0.10600158792845234,1,-1
2025-01-02 09:14:50,0.24673295,6.7779665,1.9458511,7.056064,0.10599478521583822,1,-1
2025-01-01 06:49:00,-3.1393108,6.541925,0.1250132,7.2572503,0.10599203797374632,1,-1
2025-01-01 19:12:35,-2.3989797,7.3498325,1.0081376,7.7968893,0.10598507480466952,1,-1
2025-01-03 11:22:30,-1.3031396,12.410974,0.13802584,12.479963,0.10597389449838895,1,-1
2025-01-01 11:19:00,1.7157214,6.1810775,-3.2172203,7.176345,0.10596888177001805,1,-1
2025-01-03 08:54:15,2.7718837,13.53172,-2.6338205,14.061572,0.10596050369255683,1,-1
2025-01-03 08:32:00,2.5844693,12.575933,-1.6542376,12.944886,0.10595852158853591,1,-1
2025-01-03 00:33:50,3.810605,6.2615776,-2.1406894,7.636139,0.10594652434276099,1,-1
2025-01-02 01:40:20,-1.9112612,11.577471,-2.484231,11.994255,0.10593665106466697,1,-1
2025-01-02 00:09:25,-0.34359896,13.217933,0.13093244,13.223046,0.10593062504361657,1,-1
2025-01-03 14:53:30,-1.05301,12.414533,-1.9826366,12.615874,0.10592421840460182,1,-1
2025-01-01 02:53:20,3.1029935,9.0124235,-1.111446,9.596231,0.10592036936912204,1,-1
2025-01-01 04:23:30,-1.6892476,5.2713304,-2.6768658,6.148666,0.10589351513293316,1,-1
2025-01-01 23:19:10,2.9858866,13.047084,-2.0789433,13.544885,0.10589219362153932,1,-1
2025-01-02 17:45:05,2.0818458,6.7005696,0.3048199,7.0231495,0.10588894246686545,1,-1
2025-01-02 06:34:00,0.9507202,11.339312,-2.7309842,11.702228,0.10588777483791229,1,-1
2025-01-01 22:16:05,-3.8525019,12.286638,-2.4921885,13.11542,0.10588080475629738,1,-1
2025-01-03 11:09:05,-1.6333362,6.8734183,-2.056244,7.3579755,0.1058641890113441,1,-1
2025-01-03 13:29:15,0.076776594,8.832219,1.3489323,8.934966,0.1058555028955879,1,-1
2025-01-03 04:45:30,3.3009176,9.6030445,1.1699011,10.221702,0.10585213751649489,1,-1
2025-01-01 08:54:00,-2.263415,6.793695,-2.412442,7.55627,0.10585060820465121,1,-1
2025-01-01 22:44:45,1.2033188,8.59603,-3.223614,9.259125,0.10583093280776511,1,-1
2025-01-02 13:41:00,-0.30048817,8.438161,-3.0109208,8.96429,0.10582195270697396,1,-1
2025-01-03 09:11:55,3.415651,8.453412,-1.449209,9.23185,0.10581863190716297,1,-1
2025-01-01 06:35:50,-3.1427867,12.267167,-0.83544123,12.690881,0.10580395392763091,1,-1
2025-01-01 14:45:15,2.842452,5.7916307,-2.735779,7.007639,0.10580236445685803,1,-1
2025-01-03 02:18:25,-0.075260684,6.8975496,-2.422482,7.3109694,0.1057842485301596,1,-1
2025-01-02 00:00:15,-2.1139174,13.966968,-3.7383628,14.61233,0.10577401317177096,1,-1
2025-01-01 21:57:10,-3.508763,13.683559,-1.556432,14.211745,0.10577218391949915,1,-1
2025-01-02 13:21:50,-3.6365426,13.216647,0.63740593,13.722627,0.10572516111326989,1,-1
2025-01-03 17:06:25,-3.2760653,7.3673043,-0.27664998,8.067609,0.10572124888267186,1,-1
2025-01-02 01:02:45,-4.010134,8.014357,-0.91409135,9.008143,0.1057161993782526,1,-1
2025-01-01 07:39:30,-0.28935093,6.4238186,-1.7139913,6.6548433,0.10570036902404133,1,-1
2025-01-03 19:49:25,1.3373836,8.539036,-1.2727611,8.7363405,0.10569019906601282,1,-1
2025-01-01 14:45:00,-2.7293556,10.8601265,-3.243596,11.658157,0.10568861606086395,1,-1
2025-01-02 14:22:20,2.5324514,9.084741,-1.3156246,9.52243,0.1056855191321304,1,-1
2025-01-02 09:37:35,-4.121788,9.715129,-0.65927356,10.573907,0.10565705729322711,1,-1
2025-01-02 07:36:15,-1.4733044,14.052587,-3.7538176,14.619745,0.10564944152698773,1,-1
2025-01-03 10:52:10,-3.7477136,8.812578,-0.34068596,9.58243,0.10564922673430076,1,-1
2025-01-03 06:27:35,1.3261058,10.538036,1.877024,10.78573,0.10563582148025571,1,-1
2025-01-03 14:13:45,-3.531143,5.2891545,0.696241,6.397568,0.10563306679940633,1,-1
2025-01-03 17:17:55,0.4388289,13.146969,1.74851,13.26999,0.10561570496532086,1,-1
2025-01-02 07:23:40,0.42569855,10.870977,2.1292984,11.085724,0.1055868496896058,1,-1
2025-01-03 14:06:50,-1.0824994,8.842543,1.4127749,9.019883,0.10558595143368021,1,-1
2025-01-01 09:31:40,-3.5031936,13.347802,-2.2349224,13.979666,0.10557152238052436,1,-1
2025-01-01 10:40:00,3.9394057,5.221349,-2.174561,6.8927584,0.10556673597447762,1,-1
2025-01-02 19:35:00,-1.6743975,6.2561016,-2.3358023,6.884649,0.10554754493716453,1,-1
2025-01-01 11:31:05,-0.80290586,8.257446,1.6997349,8.468718,0.10554713427791278,1,-1
2025-01-02 23:47:05,3.251676,9.555529,-0.3976906,10.101469,0.10554191374987425,1,-1
2025-01-02 22:48:20,-0.08784426,12.873405,-1.8482022,13.005696,0.10554120589882708,1,-1
2025-01-03 08:08:10,-2.4478421,7.057423,-1.2590603,7.5752482,0.10553354583849252,1,-1
2025-01-03 00:27:10,0.106024325,11.192609,-2.362369,11.439691,0.10553130572053838,1,-1
2025-01-01 09:05:10,2.7079818,7.6379695,-0.8606958,8.149389,0.10552554564734397,1,-1
2025-01-01 16:59:15,-0.60756624,11.171514,0.26989403,11.1912775,0.10551812140945444,1,-1
2025-01-01 13:42:50,-1.0808448,11.246202,-3.3403482,11.781478,0.10550935623635252,1,-1
2025-01-01 23:02:20,-3.4540958,10.735466,0.97374654,11.319417,0.10550268488988676,1,-1
2025-01-03 10:58:00,-2.7860856,11.0505705,0.2752572,11.399699,0.1054924588455611,1,-1
2025-01-03 17:26:40,-3.7799015,6.7688804,-2.5062425,8.1478,0.10548972600448378,1,-1
2025-01-02 09:07:55,-0.108793706,13.633872,-3.2672033,14.020304,0.10548000171213985,1,-1
2025-01-01 03:18:40,-2.2558606,13.13772,-0.2590391,13.332505,0.10546119942321998,1,-1
2025-01-02 08:30:35,1.9578716,6.0685954,-3.499531,7.273777,0.1054228636899837,1,-1
2025-01-01 13:09:35,2.5148075,11.585567,1.9978158,12.022516,0.10539633454908075,1,-1
2025-01-01 12:00:15,-2.1354942,8.553339,1.4332776,8.931642,0.10539510488915269,1,-1
2025-01-02 14:59:10,-3.0655024,7.4517226,1.5203152,8.199807,0.10539418018591837,1,-1
2025-01-03 01:40:45,-2.347747,8.941631,-0.8957882,9.28801,0.10539406343065208,1,-1
2025-01-02 17:15:00,-3.7591238,6.314884,-2.437623,7.742789,0.10538179671379469,1,-1
2025-01-01 17:41:10,-3.4059503,13.180789,-2.3952718,13.822844,0.10538079201978566,1,-1
2025-01-01 01:26:00,3.6229427,12.150095,-1.733208,12.796661,0.10537208068794586,1,-1
2025-01-02 14:29:30,-0.5619448,6.9994144,-0.8838378,7.0773406,0.10536474850092178,1,-1
2025-01-03 07:27:55,-0.90841734,13.831694,-2.7572305,14.133057,0.10534427667364905,1,-1
2025-01-02 20:04:30,2.297256,8.575274,-0.11885983,8.8784485,0.10534396621395689,1,-1
2025-01-01 13:15:20,-0.7283992,7.132019,1.7096673,7.3701577,0.10534254784526906,1,-1
2025-01-02 17:11:20,3.0768955,11.009178,0.38053352,11.437399,0.10531041709744024,1,-1
2025-01-03 00:29:25,1.2465206,13.286747,1.2075499,13.399613,0.10530873436498159,1,-1
2025-01-03 15:15:15,2.2667437,8.773195,-3.2053082,9.611508,0.10529657620530981,1,-1
2025-01-01 10:36:15,1.0336897,13.89757,-1.314768,13.997842,0.10528778451878659,1,-1
2025-01-03 18:50:15,3.173894,8.270827,-3.6840208,9.594383,0.1052782940557505,1,-1
2025-01-01 20:05:25,-3.095552,11.861259,-1.5739094,12.359171,0.10526362732585852,1,-1
2025-01-01 22:53:30,-3.2523968,8.636216,0.4145166,9.237648,0.1052572083059891,1,-1
2025-01-01 12:27:45,1.3622906,9.766429,-1.7191247,10.009713,0.10524590233045929,1,-1
2025-01-02 16:21:40,-1.9728228,10.571912,-2.501127,11.041421,0.10523942153211621,1,-1
2025-01-03 03:01:25,-0.9856776,8.363142,1.6984576,8.590603,0.10523588774607771,1,-1
2025-01-02 06:22:55,-2.0526268,11.162635,-3.1090252,11.767911,0.1052277297457336,1,-1
2025-01-03 08:41:55,-0.1157542,6.9384065,1.3863535,7.0765,0.10521081121765836,1,-1
2025-01-03 18:06:55,1.8748945,9.46952,2.1465409,9.889118,0.1052025587536459,1,-1
2025-01-03 13:35:15,-2.4790308,10.293524,-0.78712344,10.617052,0.10517426374247624,1,-1
2025-01-01 17:56:55,-1.6905022,5.982282,-3.1507378,6.969408,0.10517343307752611,1,-1
2025-01-03 04:55:20,-3.2437668,11.5408,-3.1917107,12.405607,0.10516370992793202,1,-1
2025-01-03 01:21:50,-4.1246467,5.6037974,0.48333,6.974874,0.10515692585646691,1,-1
2025-01-01 13:25:50,-0.16687524,12.439722,-2.7612891,12.743597,0.10514824221445752,1,-1
2025-01-03 13:03:40,1.6603354,13.18481,-3.5151045,13.745976,0.10514548109037303,1,-1
2025-01-01 07:53:55,3.2482998,13.725645,-1.7219007,14.209494,0.10513692526133897,1,-1
2025-01-03 20:59:20,1.6948103,9.527018,2.2661352,9.938401,0.10513529614647385,1,-1
2025-01-03 13:48:10,-2.4346485,12.774202,2.1328971,13.177899,0.10510557781603239,1,-1
2025-01-01 06:23:50,-3.8142438,13.334534,1.1410917,13.91619,0.10510181939635299,1,-1
2025-01-02 20:17:10,-0.8114973,13.74136,2.48869,13.9884615,0.1050887288072862,1,-1
2025-01-02 11:37:55,-2.9554434,9.648274,0.86246896,10.127571,0.1050696684721912,1,-1
2025-01-02 12:42:15,-3.4728007,7.0594826,0.59779483,7.89012,0.10505278939640493,1,-1
2025-01-02 01:10:35,-1.9110712,7.4254246,1.7709562,7.86927,0.1050350291322371,1,-1
2025-01-03 08:50:45,2.5566413,5.986415,0.8432098,6.5638843,0.10503208802716368,1,-1
2025-01-03 18:42:35,-0.29273942,12.645774,0.66169614,12.666457,0.10502774748672682,1,-1
2025-01-02 23:30:55,1.6093613,13.223349,-3.6314166,13.807034,0.10502749558004325,1,-1
2025-01-01 02:30:00,0.9841158,11.809487,-2.4555116,12.102149,0.10502068360547852,1,-1
2025-01-02 00:26:05,-3.5424085,11.90512,2.4550657,12.661275,0.10496419181526445,1,-1
2025-01-02 19:01:05,2.126521,12.28156,1.5903406,12.56535,0.10495241200240424,1,-1
2025-01-02 00:56:35,-2.0501487,13.084353,-2.2325895,13.430855,0.10494935973130584,1,-1
2025-01-01 19:40:05,-1.9076924,10.5677395,-2.523106,11.030978,0.10494062618923934,1,-1
2025-01-01 05:20:45,-1.7442945,9.393198,-1.2601938,9.636536,0.10491687533136962,1,-1
2025-01-01 10:31:20,2.184817,8.096329,-2.94663,8.888565,0.10490535103217405,1,-1
2025-01-03 06:25:40,3.9934359,6.934136,-2.335198,8.335642,0.10489883640478588,1,-1
2025-01-01 02:38:50,-3.4910653,6.7950253,-0.8789262,7.6897607,0.10489739044208675,1,-1
2025-01-03 15:32:10,1.100083,5.840915,0.7935801,5.996352,0.10489036463368448,1,-1
2025-01-02 09:32:00,-1.6644659,6.75441,-3.0626473,7.6008096,0.10488556894686363,1,-1
2025-01-01 17:16:15,1.2886127,6.229872,-2.8546057,6.972848,0.1048778285584204,1,-1
2025-01-01 04:53:50,-1.014368,13.636763,-2.4641447,13.894684,0.10487508574533902,1,-1
2025-01-03 08:20:05,2.0015357,11.056288,0.6747225,11.256238,0.10487476529030372,1,-1
2025-01-03 20:06:30,-2.724132,5.4271994,-2.7348783,6.659951,0.10487319722327391,1,-1
2025-01-03 02:53:55,-0.17609206,13.210436,-2.8465512,13.514788,0.10486710782810524,1,-1
2025-01-03 07:54:40,-3.2004657,10.27723,1.1979613,10.830492,0.1048482319500013,1,-1
2025-01-02 19:38:15,-2.6072657,9.283677,-0.3648566,9.649747,0.10484774869492763,1,-1
2025-01-02 18:12:10,-3.0091047,11.102677,-1.8783113,11.655565,0.10483126955183035,1,-1
2025-01-03 17:52:15,-1.2547886,7.4982586,1.8536352,7.8252373,0.10482562902027825,1,-1
2025-01-03 05:41:05,-0.48554263,6.2313647,1.2978426,6.383577,0.10481214345208942,1,-1
2025-01-01 11:59:15,0.8389515,9.73549,-2.748569,10.150775,0.10480596748158305,1,-1
2025-01-03 06:50:30,2.6675303,11.920663,-0.796014,12.241387,0.10479095802972865,1,-1
2025-01-02 01:13:50,-3.3324578,12.136089,0.94652545,12.62085,0.10478531118314298,1,-1
2025-01-01 01:59:45,3.283752,12.408886,-1.2249755,12.894341,0.10478237301031963,1,-1
2025-01-02 13:13:50,1.5384699,7.2718587,0.5604978,7.4539237,0.10478113210265193,1,-1
2025-01-02 00:58:20,-1.4562533,13.169554,1.9620508,13.394307,0.10477813387254782,1,-1
2025-01-03 09:55:45,-3.0181596,7.3635,0.3669855,7.9664984,0.10477629959053897,1,-1
2025-01-03 02:42:45,1.1473897,12.560246,0.47619966,12.6215315,0.10477496038832683,1,-1
2025-01-03 18:56:15,-1.8048967,12.720035,0.56317073,12.859785,0.10476549010343059,1,-1
2025-01-01 22:04:45,1.3652767,6.6116567,1.8934332,7.0116386,0.10476344500380057,1,-1
2025-01-02 00:55:50,-2.8777838,7.285528,1.5876477,7.992571,0.10475855409079132,1,-1
2025-01-01 14:13:25,-3.9228897,7.9759555,-0.29952127,8.893517,0.10475454582120017,1,-1
2025-01-01 21:22:55,0.4194953,10.199608,2.1377454,10.429666,0.10475069129722926,1,-1
2025-01-02 12:26:30,0.49937522,6.8020544,0.83807373,6.871658,0.10472031384379783,1,-1
2025-01-01 07:14:40,3.385655,12.805559,-2.7596273,13.529987,0.10471724884324041,1,-1
2025-01-03 04:30:50,-0.2517953,8.27123,-2.2490997,8.57526,0.10471497442704765,1,-1
2025-01-01 02:59:45,1.4944284,5.594815,0.9729771,5.8721337,0.1047095499058377,1,-1
2025-01-02 14:49:40,-1.7595801,6.251893,2.4576733,6.944238,0.10468293007343524,1,-1
2025-01-01 19:36:20,1.8948884,12.589811,-1.4177848,12.810311,0.10467082401634922,1,-1
2025-01-01 22:25:20,2.2488923,13.674343,-0.7618434,13.878962,0.10465434899262964,1,-1
2025-01-01 23:30:00,-1.1420321,10.387471,-2.5221171,10.750111,0.10465276365123939,1,-1
2025-01-02 20:15:50,0.7728628,13.978013,-1.0078886,14.035598,0.10463393966506575,1,-1
2025-01-03 08:42:00,3.5651023,10.535694,-0.72648007,11.146235,0.10463001974550669,1,-1
2025-01-02 03:21:05,2.2520192,11.820235,-1.4910946,12.124888,0.10461487772120352,1,-1
2025-01-01 14:09:25,0.88238645,6.3458,2.2193449,6.7803593,0.10460678139278605,1,-1
2025-01-01 16:45:25,2.1594567,7.8663626,-0.109933145,8.158125,0.10460513286376423,1,-1
2025-01-03 15:46:10,3.3115928,5.9881163,1.4542054,6.995634,0.10460356981095117,1,-1
2025-01-01 07:21:25,-1.5736165,13.306749,1.5588655,13.489845,0.10460304374262358,1,-1
2025-01-01 11:30:05,0.33179742,7.021896,-1.9956415,7.3075094,0.10460048807078541,1,-1
2025-01-01 18:45:40,0.13781056,6.2363153,2.0075512,6.5529294,0.10460035622985947,1,-1
2025-01-01 22:38:35,0.16422148,6.4831448,-2.5434482,6.966151,0.10457316010804357,1,-1
2025-01-02 09:43:05,-4.1125956,5.236389,0.35687733,6.6678762,0.10457253455286765,1,-1
2025-01-03 19:11:35,3.3131516,6.1057076,-0.6889766,6.980783,0.1045634474541511,1,-1
2025-01-03 12:26:20,-0.7820621,11.737235,-2.5891244,12.044827,0.1045614617104635,1,-1
2025-01-03 11:57:45,-0.64502007,13.431514,1.5594615,13.537117,0.10456122252092787,1,-1
2025-01-02 18:16:15,-0.23831457,8.564505,-0.4622346,8.580279,0.1045478004280036,1,-1
2025-01-03 12:51:15,1.0433687,5.9450707,1.2632635,6.1667104,0.1045342231058941,1,-1
2025-01-01 13:41:30,-3.416169,13.526458,0.37838933,13.956305,0.10452939279506408,1,-1
2025-01-02 04:37:30,2.6277041,11.914417,-0.7287411,12.222489,0.10452271223030937,1,-1
2025-01-03 16:31:30,-0.29587907,11.185744,-2.4545245,11.455702,0.10452204431859508,1,-1
2025-01-02 22:49:50,-3.4444683,10.7373705,0.27912587,11.2797785,0.10451125325917959,1,-1
2025-01-02 19:09:00,2.8195224,10.838114,-2.2373738,11.420169,0.10450725592929232,1,-1
2025-01-02 09:08:30,-2.857659,6.0090675,0.7846512,6.7000585,0.10450563091496534,1,-1
2025-01-02 00:29:25,1.393926,7.762349,-2.5359495,8.28421,0.10448499762518126,1,-1
2025-01-01 07:44:55,-3.4313412,8.038512,-0.7126268,8.769242,0.10447743958509413,1,-1
2025-01-01 23:29:05,3.1997712,9.610718,1.3900323,10.224316,0.10447543828821827,1,-1
2025-01-02 05:14:00,-0.87530094,12.668303,1.4920071,12.785857,0.10446239218683435,1,-1
2025-01-01 10:59:35,-2.2001777,6.858724,-0.37085184,7.2125173,0.10446043324948837,1,-1
2025-01-02 18:32:25,0.7956174,7.689798,-0.73237,7.7654595,0.10445671102997925,1,-1
2025-01-02 16:37:45,3.30918,7.986664,-2.8826663,9.113026,0.10441723865218658,1,-1
2025-01-01 13:08:45,1.5080836,12.546561,-2.8863904,12.962321,0.10438504109626533,1,-1
2025-01-03 04:15:45,0.85194826,11.993008,-1.8783557,12.169069,0.10438338800396083,1,-1
2025-01-01 06:25:50,2.1708586,13.384632,2.483485,13.7850895,0.10436976389575944,1,-1
2025-01-03 06:24:50,2.8741963,7.5750155,0.6089868,8.124822,0.10436346400450096,1,-1
2025-01-01 12:34:35,-1.2605827,7.95899,1.0925828,8.131933,0.10435915201960397,1,-1
2025-01-03 19:19:40,2.2716076,9.1824465,-2.6243422,9.816552,0.10435560581535051,1,-1
2025-01-02 22:27:45,-1.9698739,13.161254,-2.271116,13.500258,0.10435406276664129,1,-1
2025-01-01 14:04:00,-2.136363,6.8625374,-0.37664977,7.1972446,0.10434798641784894,1,-1
2025-01-03 01:47:15,2.9897697,8.530809,2.373844,9.3460455,0.10434022633212307,1,-1
2025-01-02 01:21:45,-2.4856136,11.7536955,-1.9217677,12.166381,0.10433921462723035,1,-1
2025-01-01 06:53:30,2.2286491,9.468311,-3.1651936,10.229088,0.10433739439386376,1,-1
2025-01-03 02:46:10,3.0495484,11.948091,-3.6961417,12.873154,0.10433360668035807,1,-1
2025-01-01 12:13:35,0.9899814,8.694556,1.0235102,8.810389,0.10431449283866623,1,-1
2025-01-03 04:57:10,-1.2264178,5.4595127,1.9782528,5.9349694,0.10431274412209808,1,-1
2025-01-02 08:55:25,0.016047016,8.697724,-3.0064037,9.202669,0.10430740311718996,1,-1
2025-01-03 01:20:05,-3.3197205,7.9741683,2.2263472,8.919895,0.10430405612469194,1,-1
2025-01-02 11:03:45,-1.0263686,10.551939,1.3405108,10.686151,0.1042891188787212,1,-1
2025-01-02 14:08:50,2.2095125,8.857398,1.2822412,9.218437,0.10428877479652249,1,-1
2025-01-02 21:12:50,2.1386054,11.111249,2.2151306,11.529974,0.10428713747057324,1,-1
2025-01-02 11:26:50,-1.5463539,10.758944,-2.1126022,11.072903,0.10428440790428987,1,-1
2025-01-01 17:41:00,0.22676983,9.389307,-1.5133576,9.513189,0.10427100369188663,1,-1
2025-01-01 02:49:40,2.410936,6.0765867,-1.351004,6.6755323,0.10425854701219833,1,-1
2025-01-02 09:36:40,1.3616991,6.081015,-1.9798979,6.538575,0.10424773941951762,1,-1
2025-01-03 21:21:40,3.3036737,7.5009866,0.79332656,8.234587,0.10423498905828785,1,-1
2025-01-02 17:24:55,-3.24606,13.306656,-2.583302,13.938345,0.10422570885255684,1,-1
2025-01-02 17:05:20,0.6415269,13.722157,2.4416115,13.952441,0.10421978440245756,1,-1
2025-01-01 18:09:10,-0.056196883,5.811439,-2.6771514,6.398681,0.10420179422470172,1,-1
2025-01-01 01:52:50,3.5056944,9.921353,-1.2488189,10.596353,0.10418599359232049,1,-1
2025-01-02 18:11:35,-4.0646234,13.372718,-0.82699996,14.001239,0.10417066117317579,1,-1
2025-01-02 03:12:15,-3.1783822,5.718393,2.5027251,7.004696,0.10414915841431732,1,-1
2025-01-02 19:45:40,0.21832897,8.848507,-2.9355035,9.325284,0.10414596584560763,1,-1
2025-01-03 02:38:50,-0.41490987,13.19104,1.6213273,13.296782,0.10413952840136723,1,-1
2025-01-03 12:04:15,-0.6329322,12.810307,-2.3904994,13.0468025,0.10413315049124683,1,-1
2025-01-02 09:51:10,2.856941,9.5848465,-3.2498856,10.516328,0.10413256562232474,1,-1
2025-01-01 17:10:25,2.5776076,6.4169273,2.1823356,7.2514553,0.1041274886188893,1,-1
2025-01-02 02:03:30,-1.7675871,8.986644,-3.079429,9.662661,0.10412713429066457,1,-1
2025-01-01 17:00:05,-3.1706562,11.240361,-1.8574615,11.825774,0.10411724716088792,1,-1
2025-01-02 13:16:30,-2.853559,7.673764,-1.6449838,8.350774,0.10410075090208334,1,-1
2025-01-01 04:58:55,-1.9220937,6.8363976,-2.4235394,7.50362,0.10408462407421624,1,-1
2025-01-02 03:37:05,-2.9963996,8.612062,-2.7866347,9.534745,0.10405997060926686,1,-1
2025-01-01 03:58:00,-1.2343704,7.53878,-3.256638,8.304371,0.10405730125753383,1,-1
2025-01-02 16:05:45,1.9335272,6.009816,-3.6168084,7.275831,0.10405498141455093,1,-1
2025-01-01 05:37:20,0.8483375,12.787906,1.6528555,12.922157,0.10405207721599945,1,-1
2025-01-02 10:03:25,2.3028162,12.607639,0.40408072,12.82259,0.1040518244668203,1,-1
2025-01-01 19:44:10,-3.685784,12.016355,-1.9778376,12.723585,0.10404163821325155,1,-1
2025-01-01 06:02:15,-2.9240208,9.376536,-1.762169,9.978705,0.10403626313418629,1,-1
2025-01-02 02:54:00,0.7161778,6.4627666,-1.2737439,6.6259103,0.1040287156969697,1,-1
2025-01-03 07:49:30,3.0763812,11.686585,0.58450323,12.098845,0.10401604563658534,1,-1
2025-01-02 16:45:35,2.7180364,11.610897,-1.0939543,11.974865,0.10401484637723568,1,-1
2025-01-01 22:30:55,-2.8019173,5.7570934,1.7403798,6.6350427,0.10398324273484674,1,-1
2025-01-02 00:09:45,-3.3201137,6.598286,2.2023427,7.7078433,0.1039605156025918,1,-1
2025-01-01 02:32:10,3.9570658,11.240094,2.0367742,12.0891075,0.10394322231944719,1,-1
2025-01-01 08:55:35,2.8938947,9.511657,-3.2133846,10.4485445,0.10394006258274163,1,-1
2025-01-01 06:38:20,1.2187732,6.4709373,-3.338354,7.3826175,0.10389649438258822,1,-1
2025-01-03 06:31:25,-3.0529733,10.319012,-2.2176483,10.987293,0.10389538521651798,1,-1
2025-01-01 00:44:55,1.1943959,8.178724,1.3307999,8.371925,0.1038894919491682,1,-1
2025-01-02 22:31:10,-1.9820805,6.8078947,0.86608404,7.143261,0.10387724429196205,1,-1
2025-01-03 15:25:40,-2.5310245,8.138464,-1.5217922,8.657743,0.10387624119657413,1,-1
2025-01-03 01:45:00,-2.8016176,7.653026,1.6446587,8.314011,0.10387066536191246,1,-1
2025-01-01 00:14:10,0.61786914,9.529859,1.6502984,9.691411,0.10386605106241896,1,-1
2025-01-02 12:20:50,-3.672742,7.574922,-0.31349847,8.424177,0.10386029574258628,1,-1
2025-01-01 18:07:40,-1.6463709,6.182766,-1.4642081,6.5636144,0.10385676474416675,1,-1
2025-01-03 12:45:00,-2.877187,5.669513,1.8021723,6.6082835,0.1038399910560681,1,-1
2025-01-02 13:07:45,3.7431545,13.138682,-3.7605088,14.1696005,0.10383130040029119,1,-1
2025-01-01 08:11:25,2.2144682,5.660126,2.4610236,6.5572505,0.10382136636613272,1,-1
2025-01-01 23:29:20,-2.305611,9.826805,-3.2562108,10.605887,0.10380916911724343,1,-1
2025-01-03 08:39:50,-1.3856194,12.491809,-2.817784,12.880417,0.10380844880299425,1,-1
2025-01-03 05:30:15,2.138477,12.294296,-1.5885623,12.5796,0.10380231623613528,1,-1
2025-01-03 10:51:45,-3.4932673,10.124372,-1.03738,10.760203,0.10378140894022223,1,-1
2025-01-03 01:33:10,-1.8573984,12.49634,-2.2937617,12.840163,0.10375691045908407,1,-1
2025-01-01 05:08:50,-0.118205845,12.047701,1.0280612,12.092063,0.10374592337641764,1,-1
2025-01-02 14:02:45,-3.2751045,11.714948,-1.1670419,12.2199955,0.10374290342800808,1,-1
2025-01-03 13:53:15,-1.2764745,7.1641636,-2.669583,7.751213,0.10373975793198259,1,-1
2025-01-01 02:00:55,1.8819016,6.1181993,-0.61465603,6.43053,0.1037342628393855,1,-1
2025-01-03 00:20:15,0.102819994,6.818483,-0.16584267,6.8212743,0.1037332529047734,1,-1
2025-01-03 07:45:55,1.7151829,11.260506,1.0793374,11.441407,0.10372819951093147,1,-1
2025-01-03 11:47:45,2.4287198,7.391093,1.6805147,7.959338,0.10372363727407283,1,-1
2025-01-03 10:28:55,2.8800163,5.7447677,0.71551234,6.465973,0.10370215395493108,1,-1
2025-01-01 11:04:15,2.9096303,7.6085377,-0.16837142,8.147647,0.1036999141929255,1,-1
2025-01-01 00:27:30,3.0867977,7.325525,1.4823064,8.086338,0.10369349819717037,1,-1
2025-01-03 20:00:05,-1.0532447,10.395344,-0.6448317,10.468443,0.10369117587697098,1,-1
2025-01-02 19:07:45,-3.291002,12.306842,-3.403513,13.1860895,0.10367527210760812,1,-1
2025-01-03 08:26:00,2.1125581,13.542252,0.4313702,13.712825,0.10366372800413425,1,-1
2025-01-02 05:47:20,0.32767332,12.935628,1.0447998,12.98189,0.10365686734008626,1,-1
2025-01-01 10:13:30,-1.0992211,10.007058,1.4843469,10.176089,0.10365082145818282,1,-1
2025-01-03 11:30:40,2.1356475,6.0837626,0.05061679,6.4479237,0.10365021987634976,1,-1
2025-01-03 00:18:05,3.06636,11.995349,0.13588893,12.381818,0.10364983542435306,1,-1
2025-01-01 01:57:20,0.65024525,6.0546474,0.572994,6.116363,0.10364598543119878,1,-1
2025-01-02 07:07:15,3.413583,9.2947445,-3.7766325,10.597536,0.10363073456015104,1,-1
2025-01-01 16:54:10,-4.1032357,11.577024,0.27429676,12.285735,0.10362687099643549,1,-1
2025-01-01 01:18:40,-3.3582337,7.722931,-3.6903224,9.194556,0.10362164138296616,1,-1
2025-01-01 05:12:45,-4.177607,13.05922,-3.261751,14.0937805,0.1036173888193371,1,-1
2025-01-02 06:32:55,2.787034,7.1921563,-2.0222466,7.973967,0.10359103076700303,1,-1
2025-01-02 13:47:25,-2.7582123,11.12825,-1.2619225,11.534216,0.10358559182600531,1,-1
2025-01-01 04:52:25,-0.4071631,8.769069,-0.7325095,8.809025,0.10358034777941869,1,-1
2025-01-03 19:23:05,0.19716798,11.154554,-0.36885795,11.162393,0.10355898713116689,1,-1
2025-01-01 13:29:30,3.9090796,8.982847,1.6997457,9.942916,0.10355308956533685,1,-1
2025-01-02 13:37:15,3.0320091,11.39371,-3.5141196,12.302795,0.10347947659485662,1,-1
2025-01-02 21:26:05,-1.7495502,11.332415,1.3244551,11.542908,0.1034781232461509,1,-1
2025-01-02 14:11:50,-3.244352,11.172963,-3.7162232,12.213569,0.10346768449920316,1,-1
2025-01-01 08:39:30,-3.1937459,12.743867,-0.47139993,13.1464205,0.10346061085800069,1,-1
2025-01-02 07:36:30,-3.0020883,11.714117,-1.988959,12.255163,0.10344638122720304,1,-1
2025-01-03 05:17:00,-0.30103675,7.3237705,-1.6650887,7.516699,0.10342691693413683,1,-1
2025-01-02 07:00:25,1.7623949,12.952733,-1.884193,13.207177,0.10342124081025032,1,-1
2025-01-02 04:49:45,1.579909,6.551725,0.13097338,6.7407985,0.10341261153625693,1,-1
2025-01-03 07:31:00,-1.1054457,6.4312196,1.07379,6.6132913,0.10341210257081149,1,-1
2025-01-01 04:58:10,-2.7080472,10.971729,0.26454034,11.304086,0.10340469216333278,1,-1
2025-01-01 11:52:35,-3.320968,9.713844,2.2217658,10.503516,0.10340247264643403,1,-1
2025-01-01 03:35:55,0.6566054,5.808184,-2.9983032,6.5693192,0.10339112148518523,1,-1
2025-01-02 04:41:30,-2.5194948,9.474373,-0.71308994,9.829552,0.10339067922894954,1,-1
2025-01-02 06:00:25,2.5343053,11.598446,-1.6816751,11.990607,0.1033872725099743,1,-1
2025-01-02 15:11:00,2.3003502,7.5479674,1.870738,8.109445,0.10337596892796552,1,-1
2025-01-02 22:24:20,2.4919033,9.76089,0.25356165,10.077145,0.10337158073157941,1,-1
2025-01-01 23:14:45,-3.197956,9.358658,-2.392199,10.175167,0.10336707142091829,1,-1
2025-01-01 19:27:55,-3.4886954,8.972869,1.2537445,9.708514,0.10336599295268656,1,-1
2025-01-03 09:09:20,-4.177642,5.800473,-2.6740303,7.632078,0.10336180265173511,1,-1
2025-01-03 07:10:20,-3.2236912,12.806082,0.6157717,13.219951,0.10335185426698013,1,-1
2025-01-03 01:03:20,-2.3164067,7.4228706,2.3100584,8.111789,0.10335163083432775,1,-1
2025-01-02 07:35:55,-2.1649504,5.798639,-1.1307324,6.292041,0.10334232035737291,1,-1
2025-01-03 04:35:10,-0.3712764,6.261001,-2.9472823,6.929968,0.10333595600113404,1,-1
2025-01-01 08:30:55,-3.099175,7.052226,0.8898499,7.754393,0.10332541467231177,1,-1
2025-01-01 08:49:10,3.748625,7.7613344,-2.3902051,8.944472,0.10328749575064251,1,-1
2025-01-02 12:37:50,-1.8618724,11.197021,1.7290691,11.481704,0.10327340319511134,1,-1
2025-01-01 10:14:45,2.8097568,10.178122,-0.8047262,10.589451,0.10326746284653805,1,-1
2025-01-01 18:49:10,-2.8386064,10.30671,1.8817198,10.854807,0.10325859683341478,1,-1
2025-01-03 12:31:40,3.6308143,10.228603,-2.7412212,11.194706,0.10324407461541767,1,-1
2025-01-03 15:13:05,-2.334426,8.960975,1.5645832,9.391301,0.10324271734156694,1,-1
2025-01-02 06:08:30,-0.51506966,6.972857,-0.061388526,6.992124,0.10323405925888215,1,-1
2025-01-02 10:55:30,-4.0269866,11.642644,-0.8323741,12.347495,0.10323297712596892,1,-1
2025-01-01 22:00:05,0.8792276,8.827409,-3.0415738,9.378025,0.10323174274088677,1,-1
2025-01-01 22:13:45,-3.0552511,6.7693486,0.9751831,7.490636,0.10322765881461717,1,-1
2025-01-02 13:33:40,-0.66884637,12.0356455,-3.209621,12.474205,0.10322591906122719,1,-1
2025-01-02 21:20:25,2.0663965,5.6756887,0.6658299,6.07674,0.10317882932145102,1,-1
2025-01-02 15:01:50,1.4214294,6.34982,-2.2700305,6.8915687,0.10317490620432311,1,-1
2025-01-03 20:00:35,1.2489005,10.284018,-1.1536348,10.42361,0.1031540777423892,1,-1
2025-01-02 14:32:20,-3.6252844,9.559262,-0.13512151,10.224502,0.1031425794523355,1,-1
2025-01-01 17:08:20,-1.3968499,8.455715,-2.1338263,8.831961,0.10312026753604162,1,-1
2025-01-02 18:44:45,-2.0477061,13.18466,-0.6884669,13.3604765,0.10311193928864107,1,-1
2025-01-01 06:58:30,3.3189425,13.318235,0.42950577,13.73227,0.10307716971193027,1,-1
2025-01-03 12:34:25,-0.528015,12.635641,1.5587106,12.742362,0.1030691447704194,1,-1
2025-01-01 15:12:15,-0.7568247,7.0879774,1.6424106,7.315034,0.10306805446932471,1,-1
2025-01-02 19:29:45,-3.0982313,7.4941955,0.40445888,8.119457,0.10306701864789172,1,-1
2025-01-01 03:10:25,1.1029414,6.228318,-3.1778824,7.0786557,0.10306013610991069,1,-1
2025-01-03 15:34:50,2.3319588,8.786348,-0.8203557,9.127482,0.10303607376302575,1,-1
2025-01-01 05:02:55,-3.0816956,8.099902,-1.2190654,8.751651,0.1030325427526522,1,-1
2025-01-01 01:57:50,0.16489832,6.3376756,0.044367004,6.3399754,0.10303045111043257,1,-1
2025-01-01 12:02:20,2.1409364,8.467205,1.267806,8.825219,0.10302827017963825,1,-1
2025-01-03 13:43:45,-0.3245837,7.6300054,1.0897285,7.714262,0.10301838635757979,1,-1
2025-01-02 18:28:50,2.4013236,10.074842,-1.5664978,10.474861,0.10300978532034205,1,-1
2025-01-03 19:36:40,-0.80648357,6.2140603,-3.2430024,7.055638,0.10300343826465289,1,-1
2025-01-02 09:38:35,-2.514324,9.673774,-0.6059677,10.013536,0.10300291749894674,1,-1
2025-01-03 15:39:05,0.8529785,6.9554477,-1.4421475,7.1544123,0.10298648555436395,1,-1
2025-01-01 05:56:15,1.0449442,13.438786,-2.1348977,13.6473675,0.10298238371107182,1,-1
2025-01-01 01:51:15,-0.21803263,6.2328362,0.07894543,6.2371483,0.1029757071857893,1,-1
2025-01-02 10:55:00,2.799768,5.574035,0.46338966,6.254862,0.10297255266316435,1,-1
2025-01-02 10:35:20,3.8402135,8.243034,0.9513849,9.143303,0.10296561751197117,1,-1
2025-01-02 19:13:40,-0.68333447,6.6455913,-2.5817847,7.1621532,0.10295934272209432,1,-1
2025-01-02 20:09:10,2.0203385,12.557055,-2.670665,12.995917,0.1029453024714446,1,-1
2025-01-01 07:20:00,1.8166258,10.337518,1.1230574,10.555836,0.10294349225232301,1,-1
2025-01-03 04:05:55,1.8872344,6.5285287,-0.26465863,6.800984,0.1029307793560301,1,-1
2025-01-02 06:30:00,0.43204448,12.287434,-1.7585231,12.420149,0.1029270594251628,1,-1
2025-01-02 13:49:20,2.1497703,13.43152,-1.2437923,13.659219,0.10292173159804943,1,-1
2025-01-03 08:50:40,-1.7989521,8.212127,1.2821238,8.504064,0.1029168881434019,1,-1
2025-01-02 04:15:15,-2.9639513,5.369131,1.9342765,6.4307075,0.10290690232035803,1,-1
2025-01-01 09:05:00,1.7715137,12.4902,-2.4066994,12.842724,0.10290364855032529,1,-1
2025-01-01 17:51:25,1.0251448,8.253669,-3.439961,9.000405,0.10286595052072137,1,-1
2025-01-02 22:07:55,0.6733736,8.183903,1.2537366,8.306717,0.10286383598711756,1,-1
2025-01-01 10:40:05,-0.6661446,13.29077,-2.9674087,13.634289,0.1028628812905525,1,-1
2025-01-03 10:47:30,1.6664524,13.901014,-0.6044187,14.013586,0.10285596700713091,1,-1
2025-01-02 05:56:20,-0.09311433,13.066324,1.7248644,13.18001,0.10285116808348117,1,-1
2025-01-03 01:54:20,-3.5369024,12.769886,0.8393607,13.277205,0.1028498701530351,1,-1
2025-01-02 01:27:00,0.85707074,12.172533,1.3730928,12.279679,0.10282890874904758,1,-1
2025-01-01 10:45:45,-3.886134,9.230631,-3.6420858,10.656986,0.10280307155449475,1,-1
2025-01-01 06:11:55,3.622931,10.651978,-3.302463,11.725891,0.10279354547421127,1,-1
2025-01-01 02:46:20,-1.2836713,5.6536865,-2.723562,6.405449,0.1027811473288304,1,-1
2025-01-03 05:21:50,1.8195543,7.040129,-0.45586532,7.2857404,0.10276918793985292,1,-1
2025-01-01 03:35:40,-2.342494,8.269958,1.3968476,8.708079,0.10276154561497279,1,-1
2025-01-02 03:06:25,-4.1631513,10.361752,2.36738,11.415,0.10275434341669272,1,-1
2025-01-02 19:17:05,-3.4671779,9.166524,0.3608184,9.806971,0.10274907441170217,1,-1
2025-01-03 06:59:45,3.4132216,9.585271,-2.119773,10.393312,0.10274863337081983,1,-1
2025-01-01 09:51:55,-0.5037965,7.109848,-1.7026739,7.3282228,0.10274268788172172,1,-1
2025-01-02 14:51:15,0.8027403,9.1023245,1.1043807,9.204149,0.10272689521287871,1,-1
2025-01-03 08:24:10,-1.7362655,13.411722,-0.2134551,13.525328,0.10271309813542567,1,-1
2025-01-03 00:29:35,1.900801,12.692513,-1.8020799,12.959955,0.10271029454817855,1,-1
2025-01-01 01:55:50,-0.18591203,8.589273,-2.917532,9.073156,0.10267937468595066,1,-1
2025-01-03 07:36:55,2.560938,5.2297487,2.4073846,6.301125,0.10267549428730233,1,-1
2025-01-02 16:21:25,-1.3152394,11.883145,2.3141904,12.177622,0.1026752932898756,1,-1
2025-01-01 14:57:45,-3.5748951,5.301634,-2.0632951,6.718957,0.10266928038360021,1,-1
2025-01-03 02:02:40,2.2126036,12.00176,-3.2500138,12.629349,0.1026288485103005,1,-1
2025-01-03 06:47:05,1.0968043,9.601562,-3.203684,10.181187,0.10262668910658247,1,-1
2025-01-02 19:38:20,-1.2274766,6.967272,-3.216556,7.771474,0.10262108988932686,1,-1
2025-01-01 08:06:25,-3.5909064,5.283744,0.63802785,6.420252,0.1026135231896226,1,-1
2025-01-03 13:16:55,1.0843217,7.5470686,1.8615613,7.8485293,0.10260334280900606,1,-1
2025-01-01 00:15:20,-4.136311,13.931397,1.7198592,14.633893,0.1025991780858399,1,-1
2025-01-01 15:58:30,3.2888215,6.2659903,-0.35225308,7.0854115,0.10259897830304317,1,-1
2025-01-02 19:31:05,0.47296786,13.522965,-3.2550764,13.917249,0.10257216806965012,1,-1
2025-01-02 19:49:05,-2.1190047,8.016053,-2.4618502,8.649161,0.10255771203911941,1,-1
2025-01-03 17:20:40,-1.0925586,8.210845,-3.111147,8.848214,0.10254993605008057,1,-1
2025-01-01 17:53:10,-3.9718037,8.738292,-2.2876093,9.867427,0.10252838911462513,1,-1
2025-01-02 02:08:05,0.9581172,6.133117,1.6588007,6.42532,0.10251643130889374,1,-1
2025-01-03 11:34:50,2.888452,13.685503,-2.843288,14.273067,0.10250952115532065,1,-1
2025-01-02 05:26:15,0.54585624,6.904056,-1.2030152,7.0293097,0.10250221100774072,1,-1
2025-01-02 16:14:15,-2.9642546,9.929407,-3.3503559,10.890584,0.10249458475698536,1,-1
2025-01-02 01:50:35,-2.1506443,13.39403,-0.46837398,13.573676,0.10245654860422584,1,-1
2025-01-01 02:25:15,2.5739474,9.385523,1.6907954,9.877855,0.1024396630742605,1,-1
2025-01-01 12:55:40,-0.43843958,13.277119,1.6377579,13.384931,0.1024386415999817,1,-1
2025-01-02 20:26:45,-0.7727628,13.014398,-3.044799,13.388148,0.10243667086657433,1,-1
2025-01-02 16:31:50,1.8328832,8.296195,1.791806,8.683138,0.10240623936627603,1,-1
2025-01-03 06:33:50,-0.90256935,8.290686,-2.8046393,8.798642,0.10240438334896648,1,-1
2025-01-01 01:25:15,-2.8112073,6.3840413,-1.5531051,7.146398,0.10240265291118011,1,-1
2025-01-03 13:59:10,-0.48229262,11.174052,0.30525127,11.188621,0.10239634604832573,1,-1
2025-01-02 16:54:40,-2.7944229,8.443289,-0.82956076,8.932306,0.10238823258290379,1,-1
2025-01-03 13:37:55,2.1538413,10.236634,-0.45354274,10.470597,0.10237883396800548,1,-1
2025-01-03 06:47:20,0.029327292,5.8616877,2.043753,6.207831,0.10236423390195068,1,-1
2025-01-02 23:26:15,-3.0519276,10.748552,-3.103476,11.596431,0.10232564821794288,1,-1
2025-01-02 14:31:55,2.40541,12.113522,1.9779997,12.507433,0.1023238692093426,1,-1
2025-01-01 12:24:30,-3.9960713,14.0037155,-0.46367997,14.570093,0.10231337194647121,1,-1
2025-01-03 15:22:35,-1.2069572,11.955641,1.4644213,12.105313,0.10230797324112068,1,-1
2025-01-01 22:22:35,-3.326328,9.850288,1.4794959,10.501503,0.10230581879404148,1,-1
2025-01-02 03:03:25,0.7041522,12.439363,-2.7853613,12.766825,0.1022930335699029,1,-1
2025-01-02 11:34:30,0.4508959,11.132053,1.9790368,11.315587,0.10228227244746127,1,-1
2025-01-02 01:33:25,-0.52867943,8.979774,2.0377498,9.223247,0.10228004715654838,1,-1
2025-01-01 18:25:55,3.290328,13.580348,-1.6624342,14.071809,0.1022758382129536,1,-1
2025-01-01 13:52:10,-2.5102642,6.0519776,2.323937,6.9518733,0.10226860615068786,1,-1
2025-01-01 03:45:25,-0.59287494,8.312745,-0.6693169,8.360695,0.10226143407612227,1,-1
2025-01-01 01:09:30,3.885515,13.397586,1.6845987,14.050993,0.10225006920197552,1,-1
2025-01-03 08:11:25,-3.4375951,13.00608,-1.2955039,13.514936,0.10222967091421915,1,-1
2025-01-01 11:58:25,-0.658851,5.3848944,0.13474429,5.4267235,0.10222520134688551,1,-1
2025-01-03 00:27:20,2.236777,9.411362,-2.4878695,9.988313,0.10219679802076914,1,-1
2025-01-02 15:10:30,3.0447557,12.249413,1.09591,12.669636,0.10217860143559206,1,-1
2025-01-02 11:04:50,-3.1916912,9.699683,-2.193587,10.44426,0.10217497253030484,1,-1
2025-01-03 08:36:30,1.5055888,7.019401,-1.984985,7.4484196,0.1021442054655089,1,-1
2025-01-02 20:44:35,0.12806402,5.9360623,1.2947469,6.0769734,0.10214105524447421,1,-1
2025-01-01 13:43:05,3.9933457,5.5825524,-1.8316208,7.1039805,0.10212797776411493,1,-1
2025-01-03 04:37:00,2.719746,7.854125,-2.0712337,8.565881,0.10210009791604197,1,-1
2025-01-01 20:13:10,-3.499038,6.0675373,0.17139392,7.006258,0.10209930384404106,1,-1
2025-01-01 14:26:20,-0.4740613,8.317718,1.6807879,8.499071,0.10209328698904342,1,-1
2025-01-03 20:41:25,2.4203186,11.89002,-0.7909535,12.159611,0.10207419236594525,1,-1
2025-01-02 08:55:50,-1.3674426,12.282023,1.7004173,12.474351,0.1020240595123596,1,-1
2025-01-03 14:22:00,2.3481886,9.437977,0.9685,9.773811,0.10199659797642512,1,-1
2025-01-03 14:29:55,2.2465138,10.981367,1.8319279,11.357518,0.10198412275549058,1,-1
2025-01-02 14:32:25,2.3805087,12.171328,-2.0676925,12.573122,0.10197713233338264,1,-1
2025-01-02 23:21:55,-0.99192405,10.069029,-0.40159786,10.125736,0.101935729608493,1,-1
2025-01-03 16:00:05,-2.995324,7.9069595,-2.5380762,8.828012,0.10192086748941505,1,-1
2025-01-02 05:59:40,-2.7731857,7.5344157,-3.1977885,8.641981,0.10190552033233696,1,-1
2025-01-03 04:01:15,-3.0292363,6.115272,-1.1266041,6.9167957,0.10189860036898161,1,-1
2025-01-01 08:38:05,2.5479755,11.162445,2.0086772,11.62442,0.10189667999882812,1,-1
2025-01-01 21:17:15,0.186106,12.419201,-3.0552826,12.7908535,0.10189012905088396,1,-1
2025-01-03 12:37:35,-1.869686,12.784734,-2.1799064,13.103326,0.10188666141310863,1,-1
2025-01-02 01:02:15,3.5763736,12.680199,-2.6946418,13.4476385,0.1018783798164799,1,-1
2025-01-02 00:15:40,-1.8649138,6.993502,-3.0896666,7.8697534,0.10187146485261639,1,-1
2025-01-02 18:45:50,-1.6089348,9.982029,1.5737716,10.232611,0.10183385065553974,1,-1
2025-01-03 09:48:55,2.628547,13.390874,2.1382792,13.812928,0.10182584440073644,1,-1
2025-01-01 19:53:30,-3.7509696,6.106919,0.4647374,7.1819363,0.10182445384157532,1,-1
2025-01-03 04:31:05,-3.3808107,5.636516,-1.5145426,6.7449265,0.10181686697732122,1,-1
2025-01-01 08:28:05,0.39401656,5.8941393,2.4509492,6.3955674,0.10181010316027983,1,-1
2025-01-03 05:15:10,2.2867596,9.737507,2.097056,10.21988,0.10180870761076448,1,-1
2025-01-03 20:03:00,3.2311523,6.888155,2.4256437,7.9856606,0.10178544511789119,1,-1
2025-01-01 09:44:10,-3.42461,13.471799,0.09889258,13.900615,0.1017843174543511,1,-1
2025-01-03 07:35:35,2.3067667,5.424404,1.4381407,6.0674195,0.10177802529441303,1,-1
2025-01-02 13:33:45,3.1389894,12.273184,-2.241058,12.864939,0.10177363203282407,1,-1
2025-01-02 02:00:15,1.5628344,7.548277,-2.5402446,8.116143,0.10177092579730225,1,-1
2025-01-02 07:28:45,3.1479435,7.797522,2.3821971,8.739895,0.10176994422292683,1,-1
2025-01-02 19:45:35,-0.74437433,11.461919,1.7131848,11.613125,0.10176917860564046,1,-1
2025-01-01 03:30:50,2.3300211,11.703249,-3.5045347,12.436913,0.10175432255838657,1,-1
2025-01-02 13:11:30,3.0099533,6.605994,1.6011205,7.4338794,0.10172390935723642,1,-1
2025-01-02 04:20:45,0.7375955,13.294776,-3.1499841,13.682745,0.10170782292599967,1,-1
2025-01-02 09:49:55,2.043442,11.462335,-3.0471525,12.035195,0.10169819081072061,1,-1
2025-01-01 03:55:00,1.0011199,12.444196,-1.3608292,12.558348,0.10168601914188627,1,-1
2025-01-01 04:33:55,-0.577666,7.166765,1.3639344,7.318233,0.1016802066026234,1,-1
2025-01-02 17:54:00,3.3462458,5.9425383,1.2012197,6.924886,0.1016575849288789,1,-1
2025-01-01 13:41:05,0.41882792,8.328298,1.6678207,8.503974,0.10165754328692217,1,-1
2025-01-02 16:21:50,-2.7307956,11.461111,-1.704744,11.904641,0.10164643326944196,1,-1
2025-01-03 13:56:50,3.0870702,6.9921517,-2.2270236,7.9611444,0.1016334992983762,1,-1
2025-01-02 18:30:50,-0.2451289,7.2951202,-1.0690687,7.3771114,0.10163188290920354,1,-1
2025-01-02 12:00:10,-1.9431441,12.840158,-1.443759,13.066366,0.10163031748275426,1,-1
2025-01-01 09:42:20,-0.99496186,11.556029,-0.17166823,11.600053,0.10161389177003965,1,-1
2025-01-02 07:30:35,-1.9016198,12.300208,-3.2042766,12.852186,0.10160873848124088,1,-1
2025-01-02 02:45:50,2.5783806,8.221748,0.44527858,8.628062,0.1015935979000102,1,-1
2025-01-02 11:10:10,-1.02008,8.6650305,-3.0285852,9.235564,0.10159323995488223,1,-1
2025-01-01 08:05:20,0.90517795,7.8950014,-2.4490526,8.315543,0.10156312045640477,1,-1
2025-01-01 08:08:10,-1.1459621,6.5496216,-2.68756,7.171733,0.1015401831151929,1,-1
2025-01-01 14:48:30,2.1778226,8.341768,-3.1317692,9.172567,0.10151502604414901,1,-1
2025-01-02 20:51:40,-3.2640452,7.804527,-0.43983802,8.471015,0.10148804038160703,1,-1
2025-01-03 20:39:20,-2.4201643,8.0611515,-2.5923965,8.806808,0.10147788752381821,1,-1
2025-01-03 09:35:10,-1.5551169,6.2589917,-2.971714,7.1010175,0.10146478347177622,1,-1
2025-01-02 09:52:10,-1.4317331,6.8488297,0.7376331,7.035654,0.10144099295826624,1,-1
2025-01-02 22:02:10,-1.9479909,5.64766,-1.3050467,6.1150537,0.1014409928804288,1,-1
2025-01-03 19:04:10,-1.9632741,12.195672,0.73620176,12.374605,0.10142662862014812,1,-1
2025-01-02 01:41:25,-3.414861,5.659248,-1.1718348,6.7127905,0.10142490251922248,1,-1
2025-01-02 00:37:45,2.1162927,11.049483,-0.8337773,11.2811775,0.10139984109506936,1,-1
2025-01-01 23:24:50,2.3062568,10.180764,-0.62556016,10.457442,0.10139893069435735,1,-1
2025-01-01 21:35:35,3.6141152,13.767292,0.7309929,14.252526,0.10139389304753764,1,-1
2025-01-01 17:08:55,2.777691,9.252258,-3.7604837,10.366344,0.10137825018486789,1,-1
2025-01-02 10:27:15,0.71304196,5.647802,-1.9748554,6.025459,0.10136828690937714,1,-1
2025-01-03 00:41:10,3.0411403,13.518778,-3.1828272,14.2174635,0.101357113239093,1,-1
2025-01-01 08:36:05,2.7171028,13.210546,-1.5833149,13.579692,0.1013536229808321,1,-1
2025-01-03 00:32:30,-2.8001783,11.939097,1.4022622,12.34299,0.10134813577241014,1,-1
2025-01-02 02:18:05,2.869037,11.409581,2.2137403,11.971239,0.10133346438482757,1,-1
2025-01-02 07:05:15,0.5482698,5.966697,-2.8911858,6.6528964,0.10133007745211493,1,-1
2025-01-02 09:27:05,-3.3824499,12.67667,2.0282803,13.276026,0.10132757431196554,1,-1
2025-01-03 04:06:10,3.2854273,7.361866,-2.351816,8.397746,0.10132596885296358,1,-1
2025-01-02 13:44:55,-4.140532,5.2563496,-1.2963883,6.8157053,0.1013186895335219,1,-1
2025-01-03 18:48:45,3.2607312,6.983443,0.679551,7.7370944,0.10131324216536797,1,-1
2025-01-03 05:20:10,1.7985332,12.611196,-1.8235044,12.8686495,0.10131026870170866,1,-1
2025-01-02 05:54:50,-4.1630974,12.49369,2.0131018,13.322021,0.10129122282953529,1,-1
2025-01-03 19:45:05,-0.9431308,6.96154,-3.0802984,7.6707745,0.10129080167770617,1,-1
2025-01-01 16:13:15,-2.6200936,5.716091,-2.1442058,6.643509,0.1012901366351635,1,-1
2025-01-03 14:12:40,2.2255406,12.508669,0.21722372,12.706967,0.1012849636689692,1,-1
2025-01-02 18:42:10,-2.2362828,6.0128894,-3.6355834,7.373823,0.1012827069926268,1,-1
2025-01-02 21:17:55,-1.1486273,8.410815,-1.9433036,8.708478,0.10127081742378106,1,-1
2025-01-03 00:40:35,-2.9869325,7.397139,2.3601997,8.319253,0.10127042092030576,1,-1
2025-01-01 23:10:30,1.4759468,10.108136,1.301345,10.29788,0.10125046353508574,1,-1
2025-01-02 18:22:35,1.294847,13.585067,1.715405,13.754028,0.1012424362263012,1,-1
2025-01-02 05:14:55,1.6364474,6.5291142,0.15955292,6.7329597,0.10121271782791544,1,-1
2025-01-03 16:48:00,-2.6432643,8.562369,-2.794487,9.386703,0.10120933411592567,1,-1
2025-01-01 15:17:20,2.9513707,11.725712,-3.3417504,12.544728,0.101195670427658,1,-1
2025-01-03 06:57:30,-4.1177626,6.458068,1.8918394,7.889339,0.10119559252751971,1,-1
2025-01-02 06:00:45,1.8508403,6.0480156,-2.9118373,6.9629664,0.10118062080598592,1,-1
2025-01-03 19:53:25,0.7990217,13.015159,-2.9230576,13.363273,0.10117790602239325,1,-1
2025-01-03 12:15:50,2.0776749,7.9863467,0.6622716,8.278712,0.10117031042413262,1,-1
2025-01-03 21:23:05,1.5177213,5.8484383,0.7987988,6.0947347,0.10116637391715741,1,-1
2025-01-01 15:35:55,2.2709587,10.138947,-3.047063,10.827746,0.10115515599222107,1,-1
2025-01-01 01:37:55,-2.2304265,5.757601,-2.7577264,6.7623835,0.10115141472258299,1,-1
2025-01-01 15:56:00,1.7042288,9.355422,-3.4756215,10.124636,0.10113288769618684,1,-1
2025-01-03 12:25:55,1.8814393,13.315117,-1.6776454,13.551629,0.10113160353912251,1,-1
2025-01-02 11:09:20,0.84676653,9.078469,1.0604687,9.179336,0.10111671748332171,1,-1
2025-01-03 05:41:30,-3.5587516,10.5689,2.1524577,11.357792,0.10111560978291714,1,-1
2025-01-02 13:31:25,3.8112786,10.793018,0.93526083,11.484328,0.10111337750894164,1,-1
2025-01-02 14:36:40,-0.23857681,5.23072,1.8885709,5.566332,0.10110329017722981,1,-1
2025-01-03 12:00:35,3.4589667,12.466988,1.0862379,12.983457,0.10110285555831437,1,-1
2025-01-01 03:04:00,-2.339539,12.172942,-0.5363461,12.407323,0.10110133497143924,1,-1
2025-01-03 14:52:55,-3.279324,12.840972,2.2846475,13.448574,0.10109968905068663,1,-1
2025-01-01 20:54:05,0.09718318,11.594133,-2.543836,11.870319,0.10109451053749668,1,-1
2025-01-02 08:53:05,2.0008142,9.774484,-0.35980612,9.983649,0.10109344824343834,1,-1
2025-01-03 10:50:50,0.5475303,14.034111,2.1644301,14.210588,0.10109293078540554,1,-1
2025-01-03 08:28:25,-3.346368,12.894945,-0.12400344,13.322657,0.10108499140410933,1,-1
2025-01-02 16:04:40,0.2959534,7.9955883,-3.0241535,8.55351,0.10107611269694436,1,-1
2025-01-02 15:33:05,2.4014347,9.138443,1.5583526,9.57635,0.10107516016514684,1,-1
2025-01-03 10:05:20,3.1747627,13.444705,-0.8682375,13.841714,0.10107136563443991,1,-1
2025-01-02 11:35:00,-2.9581313,5.350373,-1.9285883,6.4106536,0.10106642658008996,1,-1
2025-01-03 17:38:40,-2.043293,12.771706,-3.046598,13.288088,0.1010658959483865,1,-1
2025-01-02 05:20:05,2.5650914,12.3918085,-1.2966671,12.720769,0.10104324653938046,1,-1
2025-01-02 03:37:00,3.0031126,13.061045,-0.14495894,13.402634,0.1010428615033856,1,-1
2025-01-03 06:15:00,1.3572562,9.472534,-2.4954476,9.889303,0.10103780965949584,1,-1
2025-01-03 18:10:15,1.5588713,11.7932005,0.57115394,11.909487,0.10103621604971266,1,-1
2025-01-01 22:50:50,3.3726711,5.6037536,1.1525122,6.641178,0.1010338842172515,1,-1
2025-01-03 05:53:00,0.484477,9.798947,-2.9140654,10.234543,0.10102746026228128,1,-1
2025-01-03 15:27:50,0.5051037,10.715574,1.6794956,10.858148,0.10101742551428354,1,-1
2025-01-02 13:00:35,-2.2926729,5.80937,-3.0482686,6.9496093,0.1010155222457547,1,-1
2025-01-03 08:33:20,3.1156235,10.433225,1.0790293,10.941828,0.10101211144249564,1,-1
2025-01-01 07:17:55,2.344117,10.563611,-0.30479547,10.824863,0.1009962198269788,1,-1
2025-01-01 23:19:25,3.5109384,12.283967,-1.2756722,12.839387,0.10098434252166112,1,-1
2025-01-01 14:03:55,-2.6081913,6.970922,-1.7790905,7.6525536,0.10098302019685236,1,-1
2025-01-03 13:52:40,-2.9887183,7.2990184,1.5960621,8.047082,0.10097446823218324,1,-1
2025-01-02 02:10:20,1.1999879,12.338808,-2.556992,12.657976,0.10097382123704536,1,-1
2025-01-02 20:05:35,-1.1911863,12.843818,-2.8976743,13.220405,0.10097170687329984,1,-1
2025-01-02 20:57:25,-3.3649518,12.989714,-0.23769432,13.420584,0.10096591676325155,1,-1
2025-01-02 07:07:35,2.204936,10.603414,-1.5442845,10.939787,0.10095964254070525,1,-1
2025-01-03 12:48:05,-3.7966406,10.03565,-3.1098125,11.171378,0.10095495125535917,1,-1
2025-01-02 04:46:40,0.80339694,12.671958,-2.997242,13.046357,0.10095440981113712,1,-1
2025-01-03 03:14:50,-0.1472111,13.664844,2.476709,13.888258,0.10094810966473489,1,-1
2025-01-03 09:40:50,2.5821354,9.992092,-1.6666962,10.454052,0.10094646277194289,1,-1
2025-01-01 21:50:00,1.9275907,12.490997,-2.1544328,12.821162,0.10093205060993755,1,-1
2025-01-01 20:24:00,2.2804756,13.448753,2.0832322,13.798892,0.10093175067675657,1,-1
2025-01-01 16:30:20,3.985565,8.327008,2.0203676,9.450169,0.10090555544927923,1,-1
2025-01-01 15:28:50,3.5509624,13.700031,-0.6957811,14.169838,0.10090232314488441,1,-1
2025-01-03 00:58:35,3.2742772,10.304365,-3.2518835,11.290508,0.10089828383450933,1,-1
2025-01-02 18:02:05,2.5936556,10.391573,-1.9738799,10.890732,0.10089522943935944,1,-1
2025-01-02 08:03:00,3.0913613,6.3198185,-3.4406111,7.8316298,0.1008857271858035,1,-1
2025-01-02 02:31:00,0.11206058,5.285825,-0.7042065,5.333705,0.10088167568820866,1,-1
2025-01-01 06:24:20,1.7904668,8.970432,-3.3362095,9.736772,0.1008693936614423,1,-1
2025-01-03 19:48:00,-1.1699121,8.043595,-1.9576999,8.360664,0.10086299399697816,1,-1
2025-01-03 09:33:25,-2.3798728,11.842138,-0.19915229,12.08055,0.10085713705551541,1,-1
2025-01-01 18:48:50,-1.0689447,11.476904,-1.0191463,11.571545,0.10084438430323385,1,-1
2025-01-03 04:54:05,3.4651287,13.118871,-1.2128451,13.62288,0.1007983888906284,1,-1
2025-01-03 07:11:00,-4.0106206,13.744189,-0.42939994,14.323833,0.10079254470566157,1,-1
2025-01-01 20:50:45,3.0976923,5.6109676,0.18241474,6.4118586,0.10079079337803237,1,-1
2025-01-03 13:41:15,-1.314963,6.9288535,-2.91546,7.6313853,0.10077917595628674,1,-1
2025-01-03 13:55:15,-0.3228274,7.332996,1.8297424,7.564721,0.10077324969229842,1,-1
2025-01-02 05:28:40,-2.4501112,7.0197625,0.34339306,7.442985,0.10075674758488137,1,-1
2025-01-02 15:43:40,3.941882,9.491393,1.3727015,10.368668,0.10075387567209736,1,-1
2025-01-01 20:27:00,-0.5273354,6.730545,0.7773979,6.795783,0.1007488663080957,1,-1
2025-01-03 16:37:30,-0.5531157,12.44957,-2.9599447,12.808552,0.10072352666669022,1,-1
2025-01-02 02:12:20,-3.0052817,12.992885,-1.4915606,13.419073,0.10072284607702665,1,-1
2025-01-03 12:22:50,-3.8896801,5.2411823,-3.0489926,7.203885,0.10071113691531175,1,-1
2025-01-03 04:18:15,-3.1213732,7.3661804,1.3471415,8.112852,0.10070647835208625,1,-1
2025-01-03 19:46:05,1.5879407,12.109828,1.8262832,12.349283,0.10069964268099582,1,-1
2025-01-01 16:36:40,-0.26667523,13.430635,-3.6732802,13.926453,0.10069707430630423,1,-1
2025-01-02 03:38:55,2.6935215,9.501148,-0.7788392,9.906234,0.1006948193550732,1,-1
2025-01-03 15:06:20,0.613539,5.672685,-0.09866201,5.7066207,0.10068296158353214,1,-1
2025-01-03 02:15:35,2.5820546,10.997433,-0.82107735,11.326283,0.10068260626119452,1,-1
2025-01-01 00:17:55,-0.16500281,12.968818,0.78582466,12.993651,0.10066981323743442,1,-1
2025-01-02 03:55:05,0.4198265,9.043344,1.8725996,9.244725,0.10065534763842063,1,-1
2025-01-02 15:39:30,3.1557326,5.240287,2.3256538,6.5443044,0.10065155628685239,1,-1
2025-01-02 14:58:20,2.4569519,12.235527,0.9472916,12.515673,0.10064224456383396,1,-1
2025-01-03 17:23:50,-0.47373337,5.994527,-3.008441,6.7238,0.1006335605941822,1,-1
2025-01-03 12:17:00,2.8107424,10.378573,-0.4152974,10.760462,0.1006315547233004,1,-1
2025-01-03 08:58:20,0.45858535,10.0365,-3.3051019,10.576641,0.10062331984360885,1,-1
2025-01-03 13:30:30,0.4716844,11.92504,0.75817657,11.958424,0.1006050887857675,1,-1
2025-01-02 10:30:25,-3.57795,12.66319,1.9158385,13.297689,0.10060015450578437,1,-1
2025-01-02 15:31:00,0.39560032,9.667906,-1.9787577,9.876253,0.10059229318975262,1,-1
2025-01-02 00:54:05,-3.2907875,7.843912,2.305634,8.813183,0.10057388652622135,1,-1
2025-01-01 14:15:50,2.695608,6.3915095,0.23480451,6.9406652,0.1005721034562396,1,-1
2025-01-02 07:15:30,-3.50395,5.366065,-0.08661824,6.409354,0.10057168421685625,1,-1
2025-01-03 18:19:20,3.1694283,8.958311,0.9470679,9.549531,0.10056567367407027,1,-1
2025-01-03 07:03:55,-3.5504935,7.8435893,1.7062657,8.777201,0.10055506595737454,1,-1
2025-01-01 20:24:10,-1.1447324,5.9606013,-0.7382134,6.1142573,0.10054593653424591,1,-1
2025-01-03 04:57:50,-2.3747196,8.956655,1.8291211,9.444926,0.10054546575156681,1,-1
2025-01-02 22:00:40,-2.7187717,12.87172,-1.2646115,13.216359,0.10054204122004877,1,-1
2025-01-01 04:43:15,-2.1721733,12.14154,-0.40387538,12.340925,0.10053819917754074,1,-1
2025-01-01 00:49:00,2.5051284,7.246829,0.4931032,7.683447,0.10053707574805833,1,-1
2025-01-01 23:06:40,-1.6653656,9.375059,-3.2324495,10.055541,0.10052652010388345,1,-1
2025-01-02 16:36:10,0.19117756,6.5211606,-1.8772571,6.78868,0.10052153068421267,1,-1
2025-01-02 03:40:55,1.5293262,9.409102,-2.8829648,9.958993,0.10050760535604251,1,-1
2025-01-02 09:14:40,0.05294863,11.579891,2.1300051,11.774278,0.10050065118965214,1,-1
2025-01-01 00:35:00,1.3969399,12.903235,-1.7622217,13.097723,0.10050038828256053,1,-1
2025-01-02 20:45:25,-2.640063,6.2049894,-1.1310061,6.83747,0.10049783871240235,1,-1
2025-01-03 11:33:45,2.2280872,11.68382,-2.4881666,12.151831,0.10049430295358418,1,-1
2025-01-01 13:27:30,2.5095649,6.5840836,0.36568555,7.0556216,0.1004935681102736,1,-1
2025-01-01 01:54:10,-2.4550712,10.724339,-0.24580735,11.00451,0.1004890954384119,1,-1
2025-01-02 11:43:35,2.98179,10.209234,-2.9028482,11.024794,0.1004648746175209,1,-1
2025-01-02 00:43:30,2.1406946,10.1663065,1.9255012,10.566169,0.10044877604861979,1,-1
2025-01-01 07:36:30,3.651905,8.062849,1.9905927,9.072398,0.10044204233195858,1,-1
2025-01-03 15:00:45,1.0848292,8.314551,2.1345596,8.652454,0.10043626151668522,1,-1
2025-01-01 10:01:05,-1.9540764,8.943775,1.816679,9.333265,0.10043340200227965,1,-1
2025-01-02 09:06:25,2.7220244,11.459915,-1.6076595,11.887962,0.10043108523298665,1,-1
2025-01-01 06:48:30,-1.2995849,7.1722307,1.5342087,7.4487324,0.10041343684397659,1,-1
2025-01-03 02:22:20,3.814867,8.262745,-1.0920825,9.166178,0.10040113391105657,1,-1
2025-01-02 22:16:15,-2.9712822,11.583354,-1.0857966,12.007563,0.10040105197289362,1,-1
2025-01-01 09:12:50,-2.8553224,12.416662,0.686602,12.759224,0.10039963829178881,1,-1
2025-01-03 12:42:00,2.510414,10.735365,-2.0498197,11.21392,0.10038479872034282,1,-1
2025-01-02 16:19:20,-2.6966383,6.053126,-3.3052711,7.4052014,0.10037186955412075,1,-1
2025-01-02 01:27:50,-0.32151192,12.773271,-1.5620813,12.872448,0.10034436176528416,1,-1
2025-01-02 01:57:45,2.7913206,8.512529,1.1460571,9.031505,0.10034093351115632,1,-1
2025-01-03 17:16:45,-1.006016,14.011605,-3.7044241,14.527902,0.1003273386066268,1,-1
2025-01-01 08:15:05,1.0522063,13.642415,-1.031652,13.721768,0.10031675781050485,1,-1
2025-01-03 01:29:25,-1.8262434,11.718364,-3.1240346,12.264372,0.10028956943284383,1,-1
2025-01-03 14:14:45,1.7066144,13.471427,2.2642205,13.766574,0.10028925648564548,1,-1
2025-01-01 19:01:15,3.7709994,10.951403,0.9253139,11.619374,0.1002820647996264,1,-1
2025-01-03 19:51:20,0.3739596,10.074404,1.7961684,10.240102,0.10024902814284353,1,-1
2025-01-02 03:25:25,-2.6525183,11.094252,0.8735893,11.440342,0.10024413290330976,1,-1
2025-01-02 02:55:40,-2.8575208,13.167935,2.213994,13.655098,0.10024353260313727,1,-1
2025-01-02 03:36:00,1.2213825,8.156967,-1.8655542,8.456251,0.10022592958028247,1,-1
2025-01-01 07:14:10,0.5828569,6.449217,-3.345262,7.2885456,0.1002246128975254,1,-1
2025-01-02 07:49:45,2.391872,10.693146,1.5788773,11.070559,0.10022050619630307,1,-1
2025-01-03 16:14:45,-2.1817753,12.659164,-0.90112096,12.877368,0.10021307349779592,1,-1
2025-01-02 20:25:10,2.3471534,11.582964,-0.9440796,11.85603,0.10020488884885036,1,-1
2025-01-02 04:49:10,-0.7864409,7.338302,-3.2876894,8.079484,0.10019746877680284,1,-1
2025-01-01 20:50:10,-3.3987415,7.6892724,2.093183,8.663589,0.10019674419892868,1,-1
2025-01-03 19:40:55,0.55174273,7.650759,1.587774,7.8332343,0.10018743304696542,1,-1
2025-01-01 01:54:45,-3.6195343,12.966023,0.14696601,13.462556,0.10018439234490177,1,-1
2025-01-03 05:19:10,-1.0521603,5.4850907,-3.5997276,6.6446443,0.10017787483319987,1,-1
2025-01-01 12:27:20,-2.3606997,12.354136,-1.8225603,12.709025,0.10017782626147186,1,-1
2025-01-03 04:11:45,-2.246761,6.4196954,-3.213321,7.522357,0.10016844224809224,1,-1
2025-01-01 20:42:55,0.82076716,10.578518,-0.59659046,10.62707,0.10014493875378383,1,-1
2025-01-01 19:19:10,1.1428398,11.341358,-2.9477775,11.773779,0.10014343765800805,1,-1
2025-01-01 01:39:40,-3.4405358,6.515372,0.016146898,7.368013,0.10012172089957826,1,-1
2025-01-03 07:08:35,1.6682355,9.932938,1.2086552,10.144314,0.10011667230573344,1,-1
2025-01-03 07:41:05,3.0491154,6.8745017,-1.8937609,7.755141,0.10011413961160047,1,-1
2025-01-03 04:17:20,-0.61102563,10.905711,1.0999434,10.978059,0.10010937912808747,1,-1
2025-01-02 21:37:35,-3.6081355,8.913448,-3.4446151,10.21438,0.10009598318484851,1,-1
2025-01-02 03:41:50,-2.5655825,6.232389,-2.8841863,7.3309903,0.1000918821497634,1,-1
2025-01-02 09:32:50,-0.73705715,8.7641,1.8708619,8.991819,0.10008662388714366,1,-1
2025-01-02 04:19:45,-3.0617182,12.557269,-0.5305299,12.936019,0.10006911950751932,1,-1
2025-01-03 14:52:10,-2.5600076,10.368442,-1.5955952,10.79834,0.10006874420584533,1,-1
2025-01-02 03:58:05,2.7442272,7.963069,1.2590711,8.51625,0.10006563934764186,1,-1
2025-01-03 04:50:30,-2.987832,10.306928,0.15779716,10.732418,0.10006322744466088,1,-1
2025-01-02 05:07:50,-2.7464933,9.204397,2.029133,9.8174095,0.10006226746053722,1,-1
2025-01-01 18:02:30,0.8927371,13.890096,-1.3108617,13.980347,0.10005283167746636,1,-1
2025-01-02 19:57:20,-0.41618273,7.575707,0.5925374,7.610233,0.10004908820483856,1,-1
2025-01-02 13:06:10,-0.83794975,7.0394235,-3.1171446,7.744174,0.10003602995982802,1,-1
2025-01-02 04:32:55,-2.3293352,10.805752,0.2584954,11.056984,0.10003574972353067,1,-1
2025-01-01 16:49:40,1.2955573,11.5520115,2.1137207,11.815043,0.10003376004540745,1,-1
2025-01-02 10:57:10,0.7581821,7.2792106,-0.25314078,7.3229656,0.10003304006618481,1,-1
2025-01-03 13:18:25,-3.5332074,9.722972,0.2933372,10.349193,0.10003035518660103,1,-1
2025-01-03 00:34:05,-0.21921246,9.85439,-2.6086996,10.196195,0.10000240449758617,1,-1
